simulation_id,weight_opportunity,weight_infrastructure,weight_competitive_headroom,weight_data_confidence,minimum_opportunity,minimum_infrastructure,objective_value,portfolio_iso3
1,0.3200584079840296,0.2711107584642828,0.1823395583238283,0.2264912752278593,311.24212365092916,248.25063793489815,381.0864306919135,BRA|CHN|IND|MEX|USA
2,0.22065806916788608,0.39512092565861223,0.1909745092754528,0.19324649589804888,277.75111748991077,257.4043923081128,368.99636873637587,BRA|CHN|IND|MEX|USA
3,0.32954357495432746,0.315142859950991,0.24682057459914508,0.10849299049553641,286.8333221573767,258.17895197987957,375.4497779194888,BRA|CHN|IND|MEX|USA
4,0.31339365467954217,0.29039669568263515,0.1808443756869794,0.21536527395084323,274.5952777275856,227.1424420772976,380.07730651364477,BRA|CHN|IND|MEX|USA
5,0.228562420220098,0.37688622456038623,0.19508644591169513,0.19946490930782068,307.80112898238457,265.0651543515269,369.86430221966066,BRA|CHN|IND|MEX|USA
6,0.26581078280604803,0.2826629139120258,0.3089274817093616,0.14259882157256445,305.9040250418222,266.2588360790288,367.02749542145676,BRA|CHN|IND|MEX|USA
7,0.36606925631873893,0.21794718903707122,0.22514470883534107,0.1908388458088487,302.0861419345409,251.58638859333604,382.9795566201143,BRA|CHN|IND|MEX|USA
8,0.2972311582658152,0.2514096209505686,0.3199679748277284,0.13139124595588778,314.9078594317014,251.55411259611222,370.1522339350873,BRA|CHN|IND|RUS|USA
9,0.254766724110885,0.29625443422478465,0.30997135870175735,0.139007482962573,304.3694557650327,250.84445794256632,365.6838432271607,BRA|CHN|IND|MEX|USA
10,0.3373858245414489,0.2571884896767213,0.2509311947087158,0.15449449107311392,314.7093768189122,228.14268179468903,377.6038608393428,BRA|CHN|IND|MEX|USA
11,0.25232676792730346,0.2976669719492749,0.2617725015880365,0.18823375853538504,318.45005740056354,250.0945137570509,369.1280734560413,BRA|CHN|IND|MEX|USA
12,0.29474998293536575,0.2788402237780423,0.26363631338551274,0.16277347990107918,286.0386431569081,237.79676925698755,372.7572131691852,BRA|CHN|IND|MEX|USA
13,0.3098347782530517,0.4053601830831435,0.21270195291113436,0.07210308575267071,326.1148530654445,236.3543638613055,373.64963441561133,BRA|CHN|IND|MEX|USA
14,0.2478920787444954,0.31730554209755474,0.2760800343155773,0.15872234484237258,323.5304656886346,237.94963758994908,367.06970146109006,BRA|CHN|IND|MEX|USA
15,0.23865400779541288,0.3230994710870942,0.22766211448003967,0.21058440663745343,296.3177225047673,255.61438907088097,369.88197657567537,BRA|CHN|IND|MEX|USA
16,0.17664173887307516,0.33121336737621004,0.3343553290687212,0.15778956468199348,302.1631632179413,268.44684094203654,357.2037471738026,BRA|CHN|IND|RUS|USA
17,0.31107107298195813,0.35302722844286666,0.18403228101210964,0.15186941756306563,294.72033496774884,263.68223381235134,377.62632736728824,BRA|CHN|IND|MEX|USA
18,0.43100931365888356,0.24991709767195938,0.15718147237650495,0.16189211629265204,305.22588907494065,236.8951223719079,391.9544618454916,BRA|CHN|IND|MEX|USA
19,0.38675515253790493,0.2863162575957834,0.18750748684808774,0.1394211030182238,308.31078151878046,263.3167541302634,385.16570425948396,BRA|CHN|IND|MEX|USA
20,0.3141255524995753,0.2913155117600428,0.2386198573924423,0.1559390783479396,328.3746319077839,237.70268057637423,375.70055937044066,BRA|CHN|IND|MEX|USA
21,0.3227411892752411,0.3591376830734567,0.2569655370527893,0.061155590598512784,288.3118697608138,272.7558314188426,372.74074057848435,BRA|CHN|IND|MEX|USA
22,0.2799429862618063,0.3540301404142302,0.19954948977861267,0.16647738354535088,315.54738090816755,273.4123599282064,374.0934369147423,BRA|CHN|IND|MEX|USA
23,0.2740913692413802,0.3327648503160093,0.2830711356132601,0.11007264482935034,274.60532264179096,258.60125134766287,367.98589291001326,BRA|CHN|IND|MEX|USA
24,0.33880213911813495,0.2542032963941711,0.20595078459485633,0.20104377989283756,317.4041714278628,262.44095802577783,381.23299464697016,BRA|CHN|IND|MEX|USA
25,0.32814315796268007,0.1524982759328117,0.2682815170683861,0.251077049036122,316.93472100169384,250.52042676765157,378.99563589765086,BRA|CHN|IND|MEX|USA
26,0.3204390238951787,0.2480301125088334,0.1889211393261103,0.24260972426987762,280.9602342481875,243.62622526422064,381.36338024442813,BRA|CHN|IND|MEX|USA
27,0.4006023806929314,0.21873100651076754,0.21537705854448624,0.16528955425181485,274.1150691518662,250.26919914449996,386.2699620535559,BRA|CHN|IND|MEX|USA
28,0.2377666940885133,0.323499554250706,0.2608606343392461,0.1778731173215345,304.6424127824994,237.63571585082153,367.2737975718784,BRA|CHN|IND|MEX|USA
29,0.31515130588252116,0.3391296663983525,0.2312709871527017,0.11444804056642463,328.2292208845866,228.30840252631882,374.7830934546449,BRA|CHN|IND|MEX|USA
30,0.21694274030124752,0.3768861602224653,0.22316776740962033,0.18300333206666675,301.829493157172,239.82384125198567,366.859694075709,BRA|CHN|IND|MEX|USA
31,0.25027660411914504,0.2547788057257103,0.3466019739433686,0.14834261621177616,309.370361833254,233.16618994509793,365.7592189386197,BRA|CHN|IND|RUS|USA
32,0.3341653827026635,0.32479670374876224,0.2998505445993124,0.041187368949261796,293.056251721013,262.76634820482354,371.44039878772463,BRA|CHN|IND|MEX|USA
33,0.22247387668534438,0.2729993278652081,0.19966695492939093,0.3048598405200566,283.99926233630964,255.7255864677354,372.43768678556,BRA|CHN|IND|MEX|USA
34,0.35226955311969527,0.23520610307917436,0.23480119221389623,0.1777231515872339,310.63638312734645,247.12561549740093,380.6553970956269,BRA|CHN|IND|MEX|USA
35,0.4512035639661132,0.22803399684864145,0.17174589612698715,0.14901654305825826,327.66571964508,243.6955219244889,393.0599256767504,BRA|CHN|IND|MEX|USA
36,0.31808281716429837,0.3083814942870594,0.26491548444403595,0.10862020410460624,272.8520191183271,233.63357342568867,373.4374860573765,BRA|CHN|IND|MEX|USA
37,0.40256647802582607,0.27532428068562553,0.23399147417248636,0.08811776711606206,313.0999878446522,264.61452364251517,383.1591927243478,BRA|CHN|IND|MEX|USA
38,0.2698405432426682,0.24195420504748982,0.20679206018733412,0.281413191522508,285.5053072691887,241.78074372710697,376.43119741205794,BRA|CHN|IND|MEX|USA
39,0.2819697824288126,0.3530159437719324,0.20546343910018094,0.15955083469907422,286.36546828907933,227.86599461898348,373.8268023653512,BRA|CHN|IND|MEX|USA
40,0.2327416078047033,0.27950505102890205,0.2645867480769562,0.22316659308943848,273.452096284461,257.27889055996184,368.0452909006432,BRA|CHN|IND|MEX|USA
41,0.28517552489958226,0.3186862828887591,0.23144919792911747,0.1646889942825412,270.95006437403924,258.3951568721723,373.20144733437013,BRA|CHN|IND|MEX|USA
42,0.2823230783146141,0.284614841130101,0.26118350147086133,0.1718785790844237,308.626916669866,271.3630614130438,371.83096550145615,BRA|CHN|IND|MEX|USA
43,0.2567702134288406,0.2865368136948158,0.20900326353955997,0.24768970933678372,301.5487449568759,238.9721031776279,373.8406733378753,BRA|CHN|IND|MEX|USA
44,0.3352530845347316,0.3605302584473467,0.22689728504469267,0.07731937197322895,316.38757762490354,240.06576234383508,375.91791154828826,BRA|CHN|IND|MEX|USA
45,0.26486825046233514,0.30226723702212427,0.25428009279090047,0.17858441972464004,322.6229423207828,262.8575041720925,370.4833639125578,BRA|CHN|IND|MEX|USA
46,0.22847499580162842,0.28518394375898093,0.31653588171599867,0.16980517872339204,314.62217075116115,247.08913717975148,363.699861264612,BRA|CHN|IND|RUS|USA
47,0.39564618352690584,0.2574802220461252,0.14991853382862422,0.19695506059834478,301.50694221806214,258.9274107517976,389.62842162202185,BRA|CHN|IND|MEX|USA
48,0.3400095195448946,0.31003944800286865,0.16494772349053258,0.18500330896170422,315.6908350139497,241.80431843903804,382.63219507411134,BRA|CHN|IND|MEX|USA
49,0.28216240034562945,0.31091193427067604,0.2713536834410598,0.1355719819426345,305.8499039607054,229.96936954153352,370.1897112820586,BRA|CHN|IND|MEX|USA
50,0.2991800545539651,0.27142329766211454,0.2834859605670245,0.14591068721689593,287.4789288007452,240.06530614643793,371.8159742899977,BRA|CHN|IND|MEX|USA
51,0.23997583345905402,0.22886681799859784,0.38348016772453275,0.1476771808178153,307.5606249552807,230.9752797080189,365.0746814014062,BRA|CHN|IND|RUS|USA
52,0.3440088435853249,0.3124208199468155,0.25124221793467133,0.09232811853318842,328.4563646147714,246.07828829990063,376.27864762835094,BRA|CHN|IND|MEX|USA
53,0.3712337596699761,0.36798252227904504,0.13860037199545425,0.12218334605552442,323.7387162789156,240.39116873471062,385.081872840511,BRA|CHN|IND|MEX|USA
54,0.3612173839380322,0.275940069474909,0.21166615458571184,0.15117639200134703,288.5402856262697,241.0734812199401,381.76058201146003,BRA|CHN|IND|MEX|USA
55,0.19473480806213522,0.40341260701324716,0.21705196782666067,0.18480061709795687,282.6235037537249,239.88284735994642,364.8097578427943,BRA|CHN|IND|MEX|USA
56,0.29698507278732666,0.3109266376622514,0.16224783040067786,0.22984045914974402,317.7451507425578,238.44556125123998,379.60491215511917,BRA|CHN|IND|MEX|USA
57,0.33272349373336946,0.275639183715423,0.2857783461888706,0.10585897636233685,294.8320342241013,265.6565151542923,374.00240565427987,BRA|CHN|IND|MEX|USA
58,0.24896764070528868,0.3013307119278432,0.31357071016496046,0.13613093720190758,320.7484744064824,269.72937354967706,364.8128175562997,BRA|CHN|IND|MEX|USA
59,0.36411324509290127,0.3539538376001692,0.1160600422040914,0.16587287510283813,282.6762181114223,261.8886265882111,386.72459306737215,BRA|CHN|IND|MEX|USA
60,0.290936207173053,0.2854795159674319,0.2698259235219586,0.15375835333755644,304.2244201935864,269.7029436417021,371.78592004370324,BRA|CHN|IND|MEX|USA
61,0.3094669429911595,0.31063566231390183,0.2366969635578155,0.1432004311371233,314.775106355701,249.14112499757167,374.87230931908056,BRA|CHN|IND|MEX|USA
62,0.3511213862459637,0.2766331311609501,0.2671155498453917,0.10512993274769454,277.5561128711754,251.29837143985273,376.761994765165,BRA|CHN|IND|MEX|USA
63,0.26962120066472534,0.3794145687770046,0.2336611930726654,0.11730303748560467,280.2329000560229,236.88279551097492,369.90122685084447,BRA|CHN|IND|MEX|USA
64,0.2993630595500754,0.29066137242722523,0.27450188741187576,0.1354736806108236,321.59290793289006,257.0459958813229,371.88888606291545,BRA|CHN|IND|MEX|USA
65,0.3534936643043792,0.22858630643443947,0.32232998510507593,0.09559004415610542,305.18849242081035,228.0816496721907,375.2169770516092,BRA|CHN|IND|RUS|USA
66,0.31387992247154656,0.32848693625280895,0.1967859344063578,0.1608472068692866,309.9684606171172,272.08338229606335,377.66134899805553,BRA|CHN|IND|MEX|USA
67,0.3034981979466528,0.3127148774892699,0.18820643099757087,0.19558049356650647,314.517110872162,246.43939660790372,378.05429883248416,BRA|CHN|IND|MEX|USA
68,0.3014449576851551,0.3308904110358044,0.15908274020528393,0.2085818910737565,300.3620403360448,232.7751829709122,379.52945603457204,BRA|CHN|IND|MEX|USA
69,0.3407876675078154,0.27907002696775146,0.23897004144162118,0.1411722640828119,313.7921249237393,250.13298033789388,378.0573861515993,BRA|CHN|IND|MEX|USA
70,0.2660390055486987,0.4297812477672076,0.16405818783918916,0.14012155884490463,326.74636971374986,242.17196730757414,373.30023795131024,BRA|CHN|IND|MEX|USA
71,0.2871584306759439,0.32768134492586043,0.25000493326485557,0.13515529113333993,285.2593773092098,263.83213869330706,371.6432329791495,BRA|CHN|IND|MEX|USA
72,0.3484172011569389,0.30843596110397375,0.17291506071789325,0.17023177702119402,321.36000731306734,231.61112700005913,382.7034800126909,BRA|CHN|IND|MEX|USA
73,0.34159264150840285,0.298617258194441,0.23504607879693817,0.12474402150021786,272.3491071616795,270.96497108191,377.7810870262924,BRA|CHN|IND|MEX|USA
74,0.3145226248496487,0.22900667096430105,0.3225976926584157,0.13387301152763464,305.984701387839,269.5198242392818,372.38142642312926,BRA|CHN|IND|RUS|USA
75,0.3426204318698379,0.36036873670945796,0.16207758437086453,0.1349332470498397,317.6172840754207,237.2580598522828,381.40985712233163,BRA|CHN|IND|MEX|USA
76,0.3373360681846747,0.3040513293598129,0.24332247799569268,0.11529012445981968,327.56088050781733,248.50750409950447,376.6570070657916,BRA|CHN|IND|MEX|USA
77,0.2553289701070388,0.330748717329961,0.3006692857723468,0.11325302679065338,300.4161988768784,243.35516932912722,365.3134794617241,BRA|CHN|IND|MEX|USA
78,0.34678031963801226,0.279440549392967,0.23507063930794006,0.13870849166108065,298.83926612832164,230.09691668191712,378.7886940436158,BRA|CHN|IND|MEX|USA
79,0.32971806127707687,0.23028770245523167,0.24367732972246262,0.19631690654522888,320.1402985042279,245.89344246635764,378.45956077923046,BRA|CHN|IND|MEX|USA
80,0.16252578190079867,0.4426744939837518,0.23632345207260078,0.1584762720428488,309.9532879311947,240.06553061898794,359.6671532237036,BRA|CHN|IND|MEX|USA
81,0.27340682172068975,0.2486723091928412,0.2753044619886328,0.20261640709783613,298.3268335450666,269.9146730200025,371.2591381918513,BRA|CHN|IND|MEX|USA
82,0.20447922895018503,0.29523678349377275,0.29057071446860827,0.20971327308743398,272.66285276439544,242.41709363037148,363.4498412340355,BRA|CHN|IND|MEX|USA
83,0.25170196137438894,0.3102971808660849,0.2568441380784936,0.18115671968103259,293.7889056185977,264.53869582284756,369.04657716012264,BRA|CHN|IND|MEX|USA
84,0.2791630928299755,0.28476345654513213,0.33360475733493866,0.10246869328995369,309.098184743418,242.80426740205985,366.82579158098207,BRA|CHN|IND|RUS|USA
85,0.2989982435833581,0.4245223929010215,0.12690398042167206,0.1495753830939485,299.85467849619147,274.4805913892064,378.7561230109229,BRA|CHN|IND|MEX|USA
86,0.39881019256556655,0.22070677482844103,0.22844088713702743,0.152042145468965,288.49965216719534,255.69528594309864,385.0770755342243,BRA|CHN|IND|MEX|USA
87,0.22708468633556764,0.3806931712548492,0.19919786261155004,0.19302427979803302,279.89485693346876,237.29811056016283,369.3173346253004,BRA|CHN|IND|MEX|USA
88,0.2561350298436473,0.2922622215022717,0.3324186146633886,0.1191841339906924,312.3983336581489,274.4670443536306,364.8476373274751,BRA|CHN|IND|RUS|USA
89,0.2891070816975917,0.3147845433550407,0.2373180752961316,0.15879029965123595,289.85181719174517,229.66876739387448,373.1739280461105,BRA|CHN|IND|MEX|USA
90,0.2997454501498955,0.2661784716854432,0.2730248268010121,0.1610512513636492,322.4277849097713,266.62040528333273,372.82544923356403,BRA|CHN|IND|MEX|USA
91,0.37534230686685505,0.28114472399580087,0.17869550862873151,0.16481746050861273,294.9949211561267,226.85514077792135,385.1551145612282,BRA|CHN|IND|MEX|USA
92,0.32407834261909907,0.3491686737639761,0.1545240328707153,0.1722289507462095,314.4883459936924,271.66341954524177,380.9683616531051,BRA|CHN|IND|MEX|USA
93,0.30039126230716234,0.3074084507932298,0.25066107361848755,0.1415392132811202,277.47000627864514,259.1748182926928,373.23748772987267,BRA|CHN|IND|MEX|USA
94,0.2599541223245577,0.264563724389127,0.40533485520541607,0.07014729808089921,320.53116295361133,229.4974924899848,364.1145315868188,BRA|CHN|IND|RUS|USA
95,0.26859518292486007,0.36273569596450694,0.2725014233665299,0.0961676977441031,280.68101482118954,239.67361243829978,367.40790031300463,BRA|CHN|IND|MEX|USA
96,0.23750653697948054,0.27121008942521496,0.3076739966221392,0.18360937697316537,304.27610620878124,244.32588045243918,365.3872562211428,BRA|CHN|IND|MEX|USA
97,0.23348665688996986,0.2756349645195248,0.313124674986349,0.1777537036041563,321.03980516924156,253.39970868796496,364.6248563899873,BRA|CHN|IND|RUS|USA
98,0.24760724990193325,0.324351539020436,0.22946418846903094,0.1985770226085997,300.7945952069371,226.61398407790134,370.3707768900422,BRA|CHN|IND|MEX|USA
99,0.36917072111942906,0.26606323269227117,0.2295346944210219,0.13523135176727788,301.6232118972514,264.5551485186194,381.3125858528268,BRA|CHN|IND|MEX|USA
100,0.29432688749339636,0.3489718136556053,0.18981585576831625,0.1668854430826819,272.90680094865803,261.13469568491956,376.0705275316353,BRA|CHN|IND|MEX|USA
101,0.37637580125660036,0.2900586786414778,0.22269788738605678,0.11086763271586521,301.24320195698357,235.58355034784034,381.59027880166894,BRA|CHN|IND|MEX|USA
102,0.349400335559758,0.2956157061088749,0.20507820537883686,0.14990575295253028,311.22001816590233,244.31125001861554,380.74306312132916,BRA|CHN|IND|MEX|USA
103,0.36682516548893557,0.3114984872876239,0.20751238736783256,0.11416395985560804,275.4740224046371,273.5511512817354,381.33918955788795,BRA|CHN|IND|MEX|USA
104,0.3307726904645871,0.30246161920210146,0.21860017471302204,0.1481655156202895,287.1593499944181,273.27874999164055,378.1032443939064,BRA|CHN|IND|MEX|USA
105,0.33405094035070876,0.23533077707365962,0.2537362617064764,0.1768820208691551,309.06801477170944,234.0714920556146,377.85206819286407,BRA|CHN|IND|MEX|USA
106,0.2852758729188289,0.3074962335266957,0.16001231969171134,0.2472155738627641,311.3090909880691,230.9159573963191,379.0146727767159,BRA|CHN|IND|MEX|USA
107,0.34296485982336394,0.25756227466432713,0.2412997208320039,0.15817314468030502,323.63911144059637,269.910184623189,378.7409349057218,BRA|CHN|IND|MEX|USA
108,0.3366984213201004,0.33387239296965876,0.1801421426716143,0.14928704303862664,322.59876645237995,260.6236224130886,380.45364122832837,BRA|CHN|IND|MEX|USA
109,0.2679267796051398,0.20383648044778752,0.3801453880245821,0.14809135192249054,313.609315517233,229.26732702628263,368.38731514573624,BRA|CHN|IND|RUS|USA
110,0.25562964292510054,0.47505313418943257,0.1674375005463951,0.10187972233907178,288.0460476644964,270.2473750299088,370.7964969601954,BRA|CHN|IND|MEX|USA
111,0.3284395442700443,0.2901042045396573,0.2708895328954215,0.11056671829487692,320.56267406310076,236.15319710571313,374.34758019361584,BRA|CHN|IND|MEX|USA
112,0.3533365745900866,0.35254395322726034,0.2063082087043702,0.0878112634782827,273.19182007566593,241.39787236969482,379.0926419210084,BRA|CHN|IND|MEX|USA
113,0.22327531512599852,0.16416456918138736,0.38619811247872243,0.22636200321389166,305.0595585815009,270.72206012887114,366.86866919968463,BRA|CHN|IND|RUS|USA
114,0.33088286863094435,0.21309149332826757,0.29738514155807694,0.15864049648271122,293.920105373417,254.7015742580354,375.1233691300455,BRA|CHN|IND|RUS|USA
115,0.43224004617843037,0.1823397281115965,0.25720570222647343,0.1282145234834997,313.8670181522681,255.24522432214076,386.62206499770247,BRA|CHN|IND|MEX|USA
116,0.31413148100842353,0.32840049552170997,0.18190213019919405,0.17556589327067224,308.5641168843577,272.1596625801854,378.8167558446171,BRA|CHN|IND|MEX|USA
117,0.3251841242896544,0.2794149112061226,0.2860481210713015,0.10935284343292163,290.44767028118537,257.17432569548396,373.2976881376555,BRA|CHN|IND|MEX|USA
118,0.3067753004372513,0.24861374995231014,0.27586738604003497,0.16874356357040368,292.214983730631,263.8356491937037,373.703188330214,BRA|CHN|IND|MEX|USA
119,0.34081651092179804,0.26285012440593736,0.2380138973605683,0.15831946731169633,296.3411099989316,227.16230053495795,378.65943317959017,BRA|CHN|IND|MEX|USA
120,0.29559992283584613,0.284544273414327,0.2767926492929686,0.14306315445685844,327.9163488386663,227.2891738403343,371.63289608121806,BRA|CHN|IND|MEX|USA
121,0.35617536857117127,0.32260909649955277,0.19748317601891252,0.12373235891036356,313.7710060573652,235.06947828840364,380.94907464420345,BRA|CHN|IND|MEX|USA
122,0.30477824444121865,0.3004028990826665,0.27108506323068904,0.12373379324542574,320.4462903223722,240.2984158178783,372.235918424808,BRA|CHN|IND|MEX|USA
123,0.3783964765896672,0.2813794750317197,0.2289343187901171,0.11128972958849596,312.7330164202375,252.93836460714746,381.54769258179164,BRA|CHN|IND|MEX|USA
124,0.20955780422760267,0.3539101881719714,0.32680439338260414,0.10972761421782175,306.8873301714052,253.27251461173543,359.1611676922319,BRA|CHN|IND|MEX|USA
125,0.3050516817217827,0.3036316258480386,0.259937108998844,0.1313795834313346,317.53978603588524,243.79221809237055,373.00062868714645,BRA|CHN|IND|MEX|USA
126,0.37173979185892114,0.20288779387564684,0.24867245950626743,0.1766999547591646,301.10543019311797,243.9965026653436,382.098835137106,BRA|CHN|IND|MEX|USA
127,0.3872787316434338,0.2596076524869692,0.21989846849005548,0.13321514737954135,283.0080663529607,266.97418819479486,383.60500242312713,BRA|CHN|IND|MEX|USA
128,0.23580002904977346,0.31624124061931763,0.3389295893786416,0.10902914095226734,292.2303841123696,235.50921478175604,362.0322441341444,BRA|CHN|IND|RUS|USA
129,0.3320941774531672,0.33516301757735545,0.14917095921971774,0.1835718457497596,296.97693812029615,264.76830288644504,382.42823097575877,BRA|CHN|IND|MEX|USA
130,0.3977579947624566,0.2571748993219322,0.23484459743421351,0.11022250848139765,308.4379589787442,230.4796094178099,383.32585803934876,BRA|CHN|IND|MEX|USA
131,0.28227956399577964,0.2754863551670831,0.31400729176450415,0.12822678907263313,328.76856587355314,238.59553202752986,368.1181645414142,BRA|CHN|IND|RUS|USA
132,0.3630876354457284,0.33068185025417585,0.22007888649693738,0.08615162780315835,292.88501215301545,244.7258006183974,379.4801622248294,BRA|CHN|IND|MEX|USA
133,0.32484716455043067,0.3157775975652874,0.17103706525906584,0.18833817262521607,327.3992420735715,252.65373761465005,380.8526665691943,BRA|CHN|IND|MEX|USA
134,0.3297309601179517,0.26199610478660545,0.24422688964700603,0.1640460454484368,291.69264943525974,231.1001766071347,377.38830410254616,BRA|CHN|IND|MEX|USA
135,0.26571001572621405,0.37968902654380526,0.23515998460798307,0.11944097312199756,277.86452469685406,262.6105985901561,369.4868535345586,BRA|CHN|IND|MEX|USA
136,0.3604606607429847,0.2635678695551028,0.15987666139461398,0.2160948083072986,310.14479149546617,229.5358189162925,386.0516343680877,BRA|CHN|IND|MEX|USA
137,0.3571204040242804,0.31591075176609756,0.21073206463817465,0.11623677957144754,325.2929932219591,257.09938598365426,380.22779939229986,BRA|CHN|IND|MEX|USA
138,0.37132072298100394,0.3514568661838271,0.16910136275435828,0.10812104808081067,288.35406860033044,231.84938679800706,383.3017459998277,BRA|CHN|IND|MEX|USA
139,0.2970393991287708,0.3297353003207974,0.25408362346879876,0.11914167708163292,282.5362102545109,254.60018130122464,372.00163131323933,BRA|CHN|IND|MEX|USA
140,0.36176788443804475,0.1975835960090286,0.26187345630525233,0.1787750632476743,314.2049099388214,271.00070052599267,380.5228949410997,BRA|CHN|IND|MEX|USA
141,0.2790349593928584,0.41367298884987,0.2136916790686953,0.09360037268857621,274.09987626219794,241.22350502800225,371.010377797659,BRA|CHN|IND|MEX|USA
142,0.34404336956384335,0.28675095515814825,0.18957127659159054,0.17963439868641767,292.4252085954942,227.81819226464305,381.8135073551764,BRA|CHN|IND|MEX|USA
143,0.3068099658743346,0.37450924448016115,0.2030488805449109,0.11563190910059341,327.80926872696745,262.68834947518326,375.16223879989326,BRA|CHN|IND|MEX|USA
144,0.31360228631165293,0.18888053153593212,0.25544745582693634,0.24206972632547857,297.9701748794922,236.5949663200732,377.7082280831126,BRA|CHN|IND|MEX|USA
145,0.19902516720560148,0.3599167568673695,0.1575959919696478,0.28346208395738137,319.8335052955728,273.7240861949595,371.072069295096,BRA|CHN|IND|MEX|USA
146,0.2720848593187287,0.30611339077026123,0.16005561479612815,0.26174613511488193,301.1392871216691,235.2467965637822,378.073942675434,BRA|CHN|IND|MEX|USA
147,0.3467637204991193,0.2758612325435091,0.27626411311174753,0.10111093384562408,314.3765943997739,264.7260663530259,375.7656042183786,BRA|CHN|IND|MEX|USA
148,0.3645510101002446,0.2985850057837793,0.19164978454365236,0.14521419957232387,285.83003934713236,238.1769802650621,382.79787558616056,BRA|CHN|IND|MEX|USA
149,0.3018859229274729,0.3241514480834479,0.28314487861253806,0.09081775037654091,295.1163230114488,266.36473419977176,370.33009171210495,BRA|CHN|IND|MEX|USA
150,0.2196388422168803,0.3999437722499229,0.25897417316362625,0.12144321236957059,312.6773190404313,255.65432004423982,363.5834623325379,BRA|CHN|IND|MEX|USA
151,0.31946703576431396,0.29192273552919756,0.3168051111662614,0.07180511754022717,281.96820546298295,232.5473139877486,370.12238643437564,BRA|CHN|IND|MEX|USA
152,0.2248950700133511,0.3617113596073977,0.31204484246343983,0.10134872791581133,300.9702337825402,264.5473909718392,361.17427329913437,BRA|CHN|IND|MEX|USA
153,0.29398255144310614,0.29686903653899754,0.32428918068908325,0.08485923132881304,270.75413756254136,254.78273303060533,367.61370377145874,BRA|CHN|IND|RUS|USA
154,0.24542673920656696,0.26628741746364054,0.2602854328140991,0.22800041051569334,288.4934948461406,240.50198453407387,369.7471635254276,BRA|CHN|IND|MEX|USA
155,0.2689818066563748,0.3944253451470246,0.19219905071488547,0.14439379748171527,283.1815995281437,235.77153956413903,372.5244702479595,BRA|CHN|IND|MEX|USA
156,0.32643852320211536,0.2983235928223459,0.24232031000799148,0.13291757396754733,323.23947244122485,237.84994835048724,376.1079071029354,BRA|CHN|IND|MEX|USA
157,0.2918382131582836,0.37962889926954024,0.22598810184532178,0.10254478572685433,283.67142900560174,254.15553058665307,372.133361138036,BRA|CHN|IND|MEX|USA
158,0.25222262520089206,0.35162919487498345,0.22753739960180186,0.16861078032232268,280.6134806300412,231.76211370109255,369.9749038788074,BRA|CHN|IND|MEX|USA
159,0.24963982552694372,0.36938575324835743,0.19885559768651007,0.18211882353818884,294.2619156500481,272.893011726282,371.39057437321895,BRA|CHN|IND|MEX|USA
160,0.23499690478703736,0.25244927593379385,0.3148844512667013,0.19766936801246757,316.1310967140776,269.39576512770583,365.78245725291663,BRA|CHN|IND|RUS|USA
161,0.2995454012847756,0.2909102389990753,0.2806996403805763,0.12884471933557276,270.5668105319468,240.17315416308153,371.42222735598637,BRA|CHN|IND|MEX|USA
162,0.31587850375589227,0.23043456679939459,0.2743289281450474,0.17935800129966578,272.0938740644906,253.50951875120532,375.08905219564963,BRA|CHN|IND|MEX|USA
163,0.25226024522939494,0.2565101830714038,0.35819322314571594,0.13303634855348548,278.9492011151328,274.90304826390906,365.4494606229579,BRA|CHN|IND|RUS|USA
164,0.2676476275927302,0.3576131719915211,0.2299658611901698,0.14477333922557897,288.0969476122015,246.84687238908674,370.7441915871556,BRA|CHN|IND|MEX|USA
165,0.2959542086944637,0.31618879413276285,0.254542421717465,0.1333145754553084,307.8455953632357,267.39599839675697,372.3260508577429,BRA|CHN|IND|MEX|USA
166,0.3855187189424855,0.3204850080418753,0.17415046586691757,0.11984580714872164,328.8470349005214,268.78956736440654,384.9808767121134,BRA|CHN|IND|MEX|USA
167,0.3541130412468011,0.25772944700232464,0.16805789246082528,0.22009961929004895,285.66912699806676,269.4838478238022,385.14537409789483,BRA|CHN|IND|MEX|USA
168,0.3013041640776525,0.26430421954355976,0.29175573930990656,0.1426358770688812,279.939936883942,261.6385532025008,371.57549290811664,BRA|CHN|IND|MEX|USA
169,0.30526757995755344,0.2839664701662781,0.22137746284832277,0.18938848702784578,289.5161225465176,248.04280684911853,376.5932324298301,BRA|CHN|IND|MEX|USA
170,0.2602645607424281,0.3861002812329333,0.23082659407903686,0.12280856394560169,301.5160700322058,254.70790898761214,369.2031085180359,BRA|CHN|IND|MEX|USA
171,0.24546721417817893,0.2560936841765736,0.33078257041345405,0.16765653123179353,295.10776882422516,250.50982760487912,365.85527295720766,BRA|CHN|IND|RUS|USA
172,0.3082622548118245,0.3103878515799728,0.12637623702776807,0.25497365658043475,316.5186467961108,226.55063995510037,383.19499445327125,BRA|CHN|IND|MEX|USA
173,0.32621588436707694,0.4070380322354994,0.17286971516503583,0.0938763682323877,308.0926062588895,247.45337174674103,377.84951571287513,BRA|CHN|IND|MEX|USA
174,0.2772518547613794,0.30140520718079333,0.2778306075710654,0.14351233048676187,307.38452782564303,256.5128776471445,369.63950929396617,BRA|CHN|IND|MEX|USA
175,0.2784727416648469,0.3194205413096349,0.24035036890311015,0.16175634812240802,287.51719919341684,246.01284917760964,372.00031487179535,BRA|CHN|IND|MEX|USA
176,0.3498227105903794,0.2980279288293441,0.2245831671143769,0.1275661934658995,328.6174765366479,238.4334491623323,379.21022580143267,BRA|CHN|IND|MEX|USA
177,0.269352167952084,0.36000292733598904,0.17572424753137098,0.19492065718055604,293.0504106669114,253.6971936049607,374.92566176701894,BRA|CHN|IND|MEX|USA
178,0.2569389625262295,0.256250028234901,0.27138456909615205,0.2154264401427175,275.40011258374136,251.21059315109773,370.0851235850325,BRA|CHN|IND|MEX|USA
179,0.2712696421906977,0.39072839920327035,0.19355142085936616,0.1444505377466658,293.67722897655517,245.2778374478314,372.7119566325401,BRA|CHN|IND|MEX|USA
180,0.23026543061263377,0.34362493815538137,0.2705370163594884,0.15557261487249657,302.7663032847076,228.61802892388874,365.3240374725831,BRA|CHN|IND|MEX|USA
181,0.2769883477558251,0.36628495731352206,0.2846471109872352,0.07207958394341753,308.8504525110942,241.94250731951547,366.9923566427432,BRA|CHN|IND|MEX|USA
182,0.3424657380552104,0.260061426434908,0.21322412604916816,0.1842487094607134,280.03163548544444,230.89955465244662,380.7613834725145,BRA|CHN|IND|MEX|USA
183,0.25768004220223717,0.31319659743491934,0.22440712833652465,0.2047162320263189,285.35085680105936,274.9093056360953,371.8686494214169,BRA|CHN|IND|MEX|USA
184,0.33284974383037597,0.3148635434580256,0.2730390993941221,0.07924761331747626,301.11678990270264,260.73396133499324,373.7077178727776,BRA|CHN|IND|MEX|USA
185,0.20870000835311678,0.3163239213452618,0.3566650341664714,0.11831103613515,309.488183809133,274.1690620862849,359.5100626264167,BRA|CHN|IND|RUS|USA
186,0.26634563718776444,0.37144882413791874,0.26414736696277424,0.09805817171154262,311.515339384959,232.48452276833652,367.59366252901526,BRA|CHN|IND|MEX|USA
187,0.34295420163029167,0.2690745597946704,0.32783004237561636,0.060141196199421605,329.2146917454792,249.8392530555192,372.35258854114977,BRA|CHN|IND|RUS|USA
188,0.3124706158237094,0.30063376277599496,0.3142681669936414,0.07262745440665419,301.5424050619149,253.00922234170602,369.51155198874187,BRA|CHN|IND|MEX|USA
189,0.27539122515824777,0.3712185981083856,0.22552153326838578,0.1278686434649809,289.69981376218715,248.16175113920025,371.21734700070175,BRA|CHN|IND|MEX|USA
190,0.38155856342641353,0.22910386852300826,0.28011684522845715,0.10922072282212099,271.65764847106647,267.07391208028264,379.5827161971793,BRA|CHN|IND|MEX|USA
191,0.21240768471914157,0.2906374604536566,0.32846450473100036,0.16849035009620142,300.33254326847947,226.71248285994764,361.90177936421,BRA|CHN|IND|RUS|USA
192,0.4239233533048125,0.1543007638157632,0.31010816416901216,0.1116677187104121,273.9660984515821,236.69773261954037,384.2204665455091,BRA|CHN|IND|RUS|USA
193,0.30887940574732164,0.30957973340106937,0.30658186229197637,0.0749589985596326,320.84373312017084,264.812638780026,369.53896106908735,BRA|CHN|IND|MEX|USA
194,0.2984313405103178,0.26886871797294415,0.30138004821376135,0.1313198933029767,328.82488631369876,239.59828237673025,370.4800353692691,BRA|CHN|IND|MEX|USA
195,0.4454201061919469,0.31792703861193183,0.14505620752717827,0.09159664766894311,291.21446422663087,258.93856595576625,391.74142935992364,BRA|CHN|IND|MEX|USA
196,0.27350241222297667,0.3456837608747471,0.2571261526082302,0.12368767429404605,289.4241227753742,227.78277815040911,369.4987532968273,BRA|CHN|IND|MEX|USA
197,0.2556299101776443,0.38602838839153636,0.22061104722804029,0.137730654202779,307.44030248349605,265.5293751689755,369.63852206886645,BRA|CHN|IND|MEX|USA
198,0.18575522127050914,0.43340611337760077,0.23733107991224173,0.14350758543964848,283.5772207727932,244.0405584776537,361.62151582711454,BRA|CHN|IND|MEX|USA
199,0.26686950853342634,0.3788954802704419,0.28264792388572135,0.07158708731041037,321.5463197741129,236.9444540687302,365.98130869583406,BRA|CHN|IND|MEX|USA
200,0.3741146898855118,0.3361765455622376,0.1510329778568549,0.13867578669539593,274.39746209416376,268.3091954496737,385.3828156063122,BRA|CHN|IND|MEX|USA
201,0.312066257213706,0.3880313548863595,0.19057975859294723,0.10932262930698712,273.2645224704277,239.7972242041153,376.0642030311545,BRA|CHN|IND|MEX|USA
202,0.299433768074626,0.27570780553232954,0.2952200879926034,0.12963833840044103,274.5571248739369,239.86673909597982,370.8017275278201,BRA|CHN|IND|MEX|USA
203,0.3841516136656309,0.23727402747597803,0.23747239071925474,0.14110196813913614,286.30520183095217,249.0758297423126,382.75904031956054,BRA|CHN|IND|MEX|USA
204,0.23410892017208693,0.30926484002569044,0.21258742835576105,0.24403881144646153,327.70168847013866,272.7442473422898,371.14144882821023,BRA|CHN|IND|MEX|USA
205,0.320253194557689,0.30290142245655777,0.264799198494557,0.11204618449119619,271.8369437478619,272.4428553776842,373.78605073932715,BRA|CHN|IND|MEX|USA
206,0.2563614089896642,0.2791831899745847,0.2848659943464306,0.17958940668932039,307.3592982138351,243.86276708946627,368.26987918568597,BRA|CHN|IND|MEX|USA
207,0.2699671084775031,0.3288544903303497,0.21641222172961694,0.18476617946253035,316.66399348707324,273.60009871612954,372.883960715412,BRA|CHN|IND|MEX|USA
208,0.3223639621869168,0.3484310902898934,0.2337964452956423,0.09540850222754751,317.3503362607806,273.9922508846451,374.8255995197123,BRA|CHN|IND|MEX|USA
209,0.2540249557223991,0.410938103346082,0.24785398551458349,0.08718295541693542,320.1910969539917,231.67438072164524,366.6341708681514,BRA|CHN|IND|MEX|USA
210,0.23483592553212837,0.285383531303522,0.30063457431853363,0.17914596884581607,311.39066675356213,265.0041355657869,365.2640798457098,BRA|CHN|IND|MEX|USA
211,0.4037995379027453,0.17591355719296706,0.24543667164579475,0.1748502332584928,294.92860675960844,245.05658843282936,385.6094242902293,BRA|CHN|IND|MEX|USA
212,0.2806744871865527,0.3001239578874113,0.30009227673944205,0.11910927818659399,292.6200047627702,243.02637078126642,368.24011736830954,BRA|CHN|IND|MEX|USA
213,0.27255214441005643,0.3248720296426291,0.2776229743279765,0.12495285161933793,294.3312355738926,237.89835957423253,368.54278364785404,BRA|CHN|IND|MEX|USA
214,0.11975093264545414,0.20121769095937733,0.3628772702802269,0.3161541061149415,313.2226989203496,229.2045044368228,358.39084341585914,BRA|CHN|IND|RUS|USA
215,0.2066969804003038,0.37073277758352563,0.2709890863776376,0.15158115563853292,324.0742562364577,246.01788382598843,362.6535408653104,BRA|CHN|IND|MEX|USA
216,0.2833239964149203,0.36145140904419243,0.1802026019955391,0.17502199254534814,274.2521557125638,257.93313987458276,375.5779441245864,BRA|CHN|IND|MEX|USA
217,0.3021621675435749,0.24018459547481244,0.2411563816160993,0.2164968553655133,307.10871364679997,246.71074550374755,376.27785971928176,BRA|CHN|IND|MEX|USA
218,0.3031270402053532,0.2882693029182715,0.20059397612204669,0.2080096807543285,310.94287802186636,271.717499256324,377.87731032584895,BRA|CHN|IND|MEX|USA
219,0.28799368758929716,0.31147544156398355,0.20557673498055873,0.19495413586616056,316.4290050241554,243.5309588386045,375.61662736721865,BRA|CHN|IND|MEX|USA
220,0.37267224435014873,0.18256591068309241,0.24804183160606144,0.1967200133606975,275.95342752863473,231.28054253871312,382.8766700973446,BRA|CHN|IND|MEX|USA
221,0.2870142633915079,0.2961700998722546,0.29044847808595775,0.12636715865027962,309.05171309345855,228.5119258478264,369.5754095121509,BRA|CHN|IND|MEX|USA
222,0.31002762802037853,0.25732879078432924,0.2722012708713808,0.1604423103239113,282.52156377654956,273.2170597493173,373.94149394534065,BRA|CHN|IND|MEX|USA
223,0.37782275625652983,0.25385321738647576,0.2160914515952014,0.152232574761793,279.3678459992857,240.74007829448263,383.3778035300675,BRA|CHN|IND|MEX|USA
224,0.2923073409038672,0.3580626443736245,0.2089006262922355,0.14072938843027283,273.6116493705768,245.74103441753516,374.17082643647234,BRA|CHN|IND|MEX|USA
225,0.2595087257662377,0.30444824868690956,0.28537060606902664,0.15067241947782611,313.7456377503931,238.28900462826118,367.6448481532133,BRA|CHN|IND|MEX|USA
226,0.3471747069001745,0.26789324522465685,0.24399948242373992,0.1409325654514288,282.8896301341669,238.57797205101258,378.51308118839154,BRA|CHN|IND|MEX|USA
227,0.22607518805156446,0.3629393827033048,0.14400019484986967,0.2669852343952611,305.631212262406,234.3289717679263,374.02407298803377,BRA|CHN|IND|MEX|USA
228,0.37918382727792005,0.32230593737199265,0.15138038110022659,0.1471298542498608,307.6142692221035,247.28078058640173,386.1845805962091,BRA|CHN|IND|MEX|USA
229,0.3677375708951879,0.2233190552822087,0.29277685151352817,0.11616652230907525,320.97183640917126,250.63540648824795,377.7769559307401,BRA|CHN|IND|MEX|USA
230,0.2512418322993791,0.3223755478466955,0.29870861877436455,0.1276740010795608,277.8614129626836,255.36132965021997,365.4305487092855,BRA|CHN|IND|MEX|USA
231,0.3505579540016606,0.25951787305219637,0.2289933248792159,0.1609308480669273,320.96583076350566,259.81832374235705,380.1803788228226,BRA|CHN|IND|MEX|USA
232,0.30662526598440815,0.3300695148424345,0.21509713812439632,0.14820808104876088,287.75170607499575,272.1475980697447,375.67468522408564,BRA|CHN|IND|MEX|USA
233,0.1871667793677502,0.4269360988806603,0.1988060391582183,0.1870910825933713,306.1253066283978,242.34030726177673,364.8717564021996,BRA|CHN|IND|MEX|USA
234,0.24030270153484234,0.27090692919076775,0.32255725375997557,0.16623311551441441,297.5203982599216,254.53088196160277,365.0399407977603,BRA|CHN|IND|RUS|USA
235,0.31102799309780627,0.30288005995816925,0.22530959227493785,0.1607823546690865,287.27339993430104,244.53704298652008,376.1080814363479,BRA|CHN|IND|MEX|USA
236,0.2869992441529563,0.3898380911926961,0.20217062992295215,0.12099203473139551,300.99145690868926,257.9948248654126,373.25568798343846,BRA|CHN|IND|MEX|USA
237,0.30057625493490736,0.327790936595818,0.23896858370055962,0.13266422476871514,311.000177094114,273.887218816259,373.4796904000615,BRA|CHN|IND|MEX|USA
238,0.38278817039747304,0.23602964192273837,0.17611279988948708,0.20506938779030146,305.48832718165323,238.48326958688187,387.37237518011216,BRA|CHN|IND|MEX|USA
239,0.25148304422056145,0.34033946093649253,0.24538018435030004,0.1627973104926459,296.58721887719935,247.54819196310106,368.9273986012314,BRA|CHN|IND|MEX|USA
240,0.3322626467876702,0.25488314629106895,0.3122027669880998,0.1006514399331609,329.78615040137174,231.79103898861993,372.7578516191014,BRA|CHN|IND|RUS|USA
241,0.23443716075363533,0.3097674322673855,0.24730020247157122,0.208495204507408,299.02920469991676,233.20602284282427,368.5051066289957,BRA|CHN|IND|MEX|USA
242,0.27861819040530544,0.2934702753704459,0.2678062007346368,0.16010533348961173,285.7174415758585,267.18418523734374,370.7627757277253,BRA|CHN|IND|MEX|USA
243,0.315494576590482,0.30218928597441524,0.26993293194957585,0.11238320548552673,284.2791482863858,239.52499261373546,373.0637123107332,BRA|CHN|IND|MEX|USA
244,0.2945570215439089,0.31880534307690944,0.2658420352054511,0.12079560017373062,327.9945994088374,241.50987104743524,371.2761588774836,BRA|CHN|IND|MEX|USA
245,0.21511534928678022,0.22654544207604696,0.3961213220709811,0.1622178865661917,292.9268484182316,272.0898337084506,362.99104745554405,BRA|CHN|IND|RUS|USA
246,0.28591223262070464,0.2983641668964199,0.23949588836509558,0.17622771211777968,326.1301699623459,238.42854547648454,373.30366505878504,BRA|CHN|IND|MEX|USA
247,0.2253041088334592,0.2881558297597125,0.26664014138907033,0.21989992001775807,308.6358636240751,241.78772743016904,367.0538692567023,BRA|CHN|IND|MEX|USA
248,0.3152113403299291,0.2895384271950685,0.24455318543797724,0.15069704703702524,294.7588179019178,237.28602677096117,375.3871590827097,BRA|CHN|IND|MEX|USA
249,0.3158272580369034,0.2449806322228143,0.3120048149936496,0.1271872947466326,300.96647861474037,228.57622156001136,372.05232684811403,BRA|CHN|IND|RUS|USA
250,0.2760596565438657,0.39643536707073557,0.2280319861770858,0.09947299020831298,274.77090058004643,260.5160071791683,370.2564694390138,BRA|CHN|IND|MEX|USA
251,0.3450332008655099,0.3698721354424293,0.1062416354428687,0.17885302824919205,297.76532801487997,240.0259207524044,385.53437407932824,BRA|CHN|IND|MEX|USA
252,0.3279975775332196,0.21296150173607792,0.33503867818877314,0.12400224254192932,295.8934171995434,274.4051095259299,373.71943783027245,BRA|CHN|IND|RUS|USA
253,0.32469134037219755,0.3400328405446173,0.2134496407279665,0.12182617835521863,295.9424486812838,257.8295866041902,376.82186352849635,BRA|CHN|IND|MEX|USA
254,0.30476748855437696,0.2445538835590712,0.3933974799769729,0.05728114790957903,316.5465733101383,229.29154345426505,368.6771298887377,BRA|CHN|IND|RUS|USA
255,0.33808571723806435,0.21004502289785953,0.253841691407862,0.1980275684562141,279.695420063093,226.59836837862707,378.96616602959085,BRA|CHN|IND|MEX|USA
256,0.3128061631567269,0.2385704057687318,0.3462376996112198,0.10238573146332154,313.1741499595576,225.59281508778045,371.0471496521824,BRA|CHN|IND|RUS|USA
257,0.2885240482305414,0.30209581681251074,0.27877246267387373,0.13060767228307427,308.95977295568224,251.76271596394366,370.38478426170343,BRA|CHN|IND|MEX|USA
258,0.3240120836428786,0.3270629547981292,0.22570187483448176,0.12322308672451049,314.211203459445,258.24652237953785,376.2593405846756,BRA|CHN|IND|MEX|USA
259,0.2953198601162987,0.2723294416289826,0.30614288132466244,0.12620781693005642,279.1082485714917,264.03998025237735,369.7730235024434,BRA|CHN|IND|MEX|USA
260,0.31965695955984047,0.2855574072099561,0.18173405051878413,0.21305158271141925,313.2820039572055,261.61253675652165,380.6332242842028,BRA|CHN|IND|MEX|USA
261,0.4085391280067001,0.20767468005997036,0.13323721420903115,0.2505489777242984,272.5648166173328,237.99009491303266,393.4778010453106,BRA|CHN|IND|MEX|USA
262,0.23668507078291615,0.25276256762093563,0.2755541847004744,0.2349981768956739,318.39040368114456,245.77853111782804,368.37244509305856,BRA|CHN|IND|MEX|USA
263,0.3444000345795545,0.27364915530501477,0.2997079061313008,0.08224290398412971,272.5821873211056,238.59979606915556,373.87548258028187,BRA|CHN|IND|MEX|USA
264,0.16179192526148609,0.353269793298464,0.367637935842905,0.11730034559714504,285.23383825475764,239.83362956762065,354.02022542799295,BRA|CHN|IND|RUS|USA
265,0.22288418295961027,0.29463730231278235,0.27966775306683334,0.2028107616607739,329.2245413277622,257.09694541189873,365.6705816605066,BRA|CHN|IND|MEX|USA
266,0.24767973001170726,0.3720247634635371,0.21575918397795985,0.16453632254679587,326.73135940365995,237.04037850189243,369.87111484735766,BRA|CHN|IND|MEX|USA
267,0.3605006568278221,0.28508684502280346,0.19731757453904128,0.15709492361033306,286.88506067439687,226.66035725790738,382.5030748528538,BRA|CHN|IND|MEX|USA
268,0.2898464384223175,0.24882966233476697,0.3397582218814826,0.12156567736143295,300.1910651126926,271.9102863059817,369.11137499145514,BRA|CHN|IND|RUS|USA
269,0.2877391594208008,0.3498868838862651,0.2085877819923617,0.1537861747005724,329.883456355892,255.52218250103576,374.1201236122456,BRA|CHN|IND|MEX|USA
270,0.2688569544683758,0.23556620004160891,0.3847542987863247,0.11082254670369038,295.69476882886795,260.9879264987892,366.79493101648006,BRA|CHN|IND|RUS|USA
271,0.23725302517354524,0.3564901860389385,0.3114363994682861,0.0948203893192302,299.69942047361906,225.11865538828775,362.31061182027,BRA|CHN|IND|MEX|USA
272,0.33073677314224803,0.2175891185798111,0.2763765608106222,0.17529754746731874,303.6535119811563,263.31164476632495,376.4570001492727,BRA|CHN|IND|MEX|USA
273,0.23811174982217367,0.4053379120178504,0.19057448857148565,0.1659758495884903,307.76737460958856,240.5708155851722,369.9946639165995,BRA|CHN|IND|MEX|USA
274,0.26432799163523174,0.34879300478406416,0.23522291293964168,0.15165609064106236,293.56491141985623,273.35235049254,370.38309017421153,BRA|CHN|IND|MEX|USA
275,0.29901866805062427,0.31454976591295974,0.21500824216802072,0.1714233238683952,312.4715560825503,272.99539713822367,375.6192833721493,BRA|CHN|IND|MEX|USA
276,0.21269691583158243,0.29086905560686166,0.3803861038985513,0.11604792466300455,329.49569074473874,239.2107835496464,360.25367581484113,BRA|CHN|IND|RUS|USA
277,0.2664980596250662,0.226867809761087,0.32176435743863036,0.1848697731752165,317.8044184506526,273.7213687499648,369.0509052593061,BRA|CHN|IND|RUS|USA
278,0.2916206853246239,0.294987348488912,0.21599520474811218,0.19739676143835178,274.28849833261506,232.34162060302015,375.62882238504255,BRA|CHN|IND|MEX|USA
279,0.38888323197422275,0.29415060415523653,0.26250779477514125,0.05445836909539926,314.42166654244534,265.6662864574767,379.35601154990655,BRA|CHN|IND|MEX|USA
280,0.45858856839467954,0.19857485458679847,0.20131472774355696,0.14152184927496506,312.3076933118062,267.22599183577944,392.3145827023115,BRA|CHN|IND|MEX|USA
281,0.22394445613635797,0.43801365453582647,0.20938021733036108,0.12866167199745443,323.91110268835473,236.98179353391214,366.4451665531269,BRA|CHN|IND|MEX|USA
282,0.32914444209718396,0.2715928833018313,0.17499859639784748,0.2242640782031373,287.3294010514701,233.22104049519731,382.3066653936996,BRA|CHN|IND|MEX|USA
283,0.2793522358239484,0.28498510883292144,0.3216573930327133,0.11400526231041695,329.09550024028954,232.3011215549423,367.2103401349508,BRA|CHN|IND|RUS|USA
284,0.2703751208755904,0.31167324545152864,0.31313340564806796,0.10481822802481296,303.84314582532176,262.2991324158009,366.1043224797238,BRA|CHN|IND|MEX|USA
285,0.19636397000669814,0.43748919535434805,0.2421457585865617,0.12400107605239205,328.5352866594668,243.1369326694639,361.91210973066484,BRA|CHN|IND|MEX|USA
286,0.22733155177998265,0.2710021302804349,0.29972987264931933,0.20193644529026317,279.8868861105464,235.27100008455946,365.2414496734337,BRA|CHN|IND|MEX|USA
287,0.21528462381247823,0.33920553788813523,0.29473837346066395,0.15077146483872259,291.6318214150076,235.2872011353609,362.5083022945828,BRA|CHN|IND|MEX|USA
288,0.4421490957067258,0.16386285469215872,0.19927697861744403,0.19471107098367146,282.1857763571948,234.34862884236097,392.3734850984814,BRA|CHN|IND|MEX|USA
289,0.3731961304609119,0.23074413288557957,0.16159982750534474,0.23445990914816395,274.83243386860687,270.78901763183904,387.93539659461345,BRA|CHN|IND|MEX|USA
290,0.2692948121253692,0.30250088841132405,0.3234293621979462,0.1047749372653605,325.0400547707719,258.77766175690357,365.5945639038813,BRA|CHN|IND|RUS|USA
291,0.2826245026097172,0.2815279188885685,0.2895146400899641,0.14633293841175024,301.9361895888738,260.4550095309119,369.7954256824285,BRA|CHN|IND|MEX|USA
292,0.25468216870985727,0.286205317974826,0.30568787414844056,0.1534246391668762,285.33781838111264,236.23190509422872,366.33040834560154,BRA|CHN|IND|MEX|USA
293,0.32718368530522896,0.40418845629429206,0.10783372598396573,0.16079413241651339,298.9042726751231,258.0322131496615,382.9686958468247,BRA|CHN|IND|MEX|USA
294,0.21928543775553566,0.40116296899742154,0.20922835240871668,0.17032324083832595,318.0881225220928,272.2043998764947,367.307214968508,BRA|CHN|IND|MEX|USA
295,0.28476691166725643,0.27808571624176404,0.2944067227464663,0.14274064934451328,298.86734907174616,250.83331516314956,369.69414501613477,BRA|CHN|IND|MEX|USA
296,0.22324940602423882,0.3780424755122376,0.21715177988682813,0.1815563385766955,276.3276453411711,242.78119397005887,367.75009700623616,BRA|CHN|IND|MEX|USA
297,0.36297414995502536,0.29970702461137266,0.19554340914239257,0.14177541629120927,276.9829118230642,234.05652495475104,382.3473630546113,BRA|CHN|IND|MEX|USA
298,0.2435425251562353,0.33799312100743617,0.24276849871102038,0.17569585512530822,318.3991883454961,243.72615090186795,368.61125319882876,BRA|CHN|IND|MEX|USA
299,0.24345784468122517,0.39841772427933997,0.16005591373433836,0.19806851730509648,304.4028521072034,266.58201049787993,372.9426061916272,BRA|CHN|IND|MEX|USA
300,0.3313491320185765,0.19166533899814858,0.30353917887410775,0.17344635010916723,291.99797802789016,268.99356225685574,375.98160446751467,BRA|CHN|IND|RUS|USA
301,0.30319473041487355,0.3985734811232193,0.16401808881194754,0.13421369964995963,284.49409875667646,239.96569875155157,377.08445284191674,BRA|CHN|IND|MEX|USA
302,0.35743151020469777,0.25165689183644274,0.3152194746043292,0.07569212335453038,314.1773329069923,243.23415583510283,374.62812518049793,BRA|CHN|IND|RUS|USA
303,0.3346738809590326,0.29187951199266715,0.2605298029523799,0.11291680409592025,328.72470880883037,255.92989627931956,375.54339356931797,BRA|CHN|IND|MEX|USA
304,0.28647130923058123,0.39487882416148373,0.19062075187302224,0.1280291147349127,314.3045468650907,248.06373302792036,373.93245671356544,BRA|CHN|IND|MEX|USA
305,0.2600291111373426,0.3089053336141481,0.3444282264691539,0.0866373287793554,304.9213370679019,265.2955166794129,363.95144112459667,BRA|CHN|IND|RUS|USA
306,0.30649067104759875,0.39389592730736284,0.17293793988138456,0.12667546176365396,328.88510549595287,258.66864534271446,376.80238106094237,BRA|CHN|IND|MEX|USA
307,0.2578090399028626,0.25831640506282194,0.282544194357149,0.2013303606771665,292.0024686576473,265.1181553091865,369.2326223473195,BRA|CHN|IND|MEX|USA
308,0.33537602364166863,0.24892618728690621,0.27110839191775676,0.14458939715366845,285.32994515627894,247.86090747060203,376.1855460996917,BRA|CHN|IND|MEX|USA
309,0.3407830223492994,0.3395964018410798,0.23351317385637846,0.0861074019532424,280.0224153167479,247.68184561086238,376.5059709497962,BRA|CHN|IND|MEX|USA
310,0.42261734972930387,0.2678996213242723,0.21002819606907827,0.09945483287734541,295.409165801025,262.8021924666924,386.7192385565056,BRA|CHN|IND|MEX|USA
311,0.2613679748389524,0.30379755439035666,0.17723354945078743,0.2576009213199034,322.3466734475572,263.8753530745657,376.04244938291026,BRA|CHN|IND|MEX|USA
312,0.15662641556942072,0.4565299534383434,0.2774263972228463,0.10941723376938958,288.7712192452971,274.44994310737513,355.6463203033122,BRA|CHN|IND|MEX|USA
313,0.35208986911189033,0.2784840382894574,0.2604487517495608,0.10897734084909154,301.2738393846332,249.17680545582135,377.2818592515009,BRA|CHN|IND|MEX|USA
314,0.29130969427184344,0.2873819413637896,0.2631591520394423,0.1581492123249248,288.0913994679907,233.2681430294145,372.25979766230637,BRA|CHN|IND|MEX|USA
315,0.2963055021904504,0.2867624026200147,0.24188443776252666,0.17504765742700842,299.7824147103172,235.88665887177606,374.2727092799759,BRA|CHN|IND|MEX|USA
316,0.2744743868202041,0.28869373828069456,0.35715996252543003,0.07967191237367137,280.6385768756159,255.08692147120382,365.54862699310127,BRA|CHN|IND|RUS|USA
317,0.40080227381517153,0.20603467432743722,0.272737099302868,0.1204259525545234,310.5073780389011,259.1501379500925,382.327662490792,BRA|CHN|IND|MEX|USA
318,0.2543621568023356,0.3130062091052226,0.22096272977942388,0.2116689043130179,293.2004944189035,235.48174080333126,371.8901429443008,BRA|CHN|IND|MEX|USA
319,0.3177369130803249,0.28060899766282527,0.299254507258268,0.10239958199858185,313.6165593948333,253.10979831300534,371.6981985906002,BRA|CHN|IND|MEX|USA
320,0.2625397239757128,0.31958570240337697,0.26104703373188987,0.15682753988902046,310.51095216283494,232.18836375994556,369.2316839781613,BRA|CHN|IND|MEX|USA
321,0.33360669704943063,0.2949308287230279,0.28721792556562237,0.0842445486619191,281.2821630754671,265.9072750182097,373.33163736493213,BRA|CHN|IND|MEX|USA
322,0.26345812293721815,0.24119854881793543,0.25946637928433836,0.23587694896050798,313.2557501520209,254.47976350549501,371.967652961791,BRA|CHN|IND|MEX|USA
323,0.18045577617412933,0.27533306979650085,0.30413948355685066,0.2400716704725192,307.0673391703825,225.9249845717753,361.27383628806194,BRA|CHN|IND|MEX|USA
324,0.28488906519617635,0.32418204479087304,0.19582604355917743,0.1951028464537733,271.6387434046178,263.46366982434097,375.71534077774965,BRA|CHN|IND|MEX|USA
325,0.2661314887191152,0.32228851897792954,0.2316757139104497,0.17990427839250572,275.55837289048975,237.66859692555974,371.64888246148587,BRA|CHN|IND|MEX|USA
326,0.2532682934974552,0.34436479088972716,0.25120623309669254,0.15116068251612524,312.29511498965445,269.4879293983769,368.4857145251615,BRA|CHN|IND|MEX|USA
327,0.2715016830358162,0.3266922761165732,0.1528891114872841,0.2489169293603265,296.2582680175824,257.83867605961046,377.907761617939,BRA|CHN|IND|MEX|USA
328,0.29133267278609354,0.2476566864627916,0.20859755661868526,0.25241308413242947,296.39296087973673,237.80830743509426,377.7089239972539,BRA|CHN|IND|MEX|USA
329,0.16433071065361013,0.31943733906893723,0.2481746679588745,0.2680572823185782,300.95112262903876,244.86425997262918,362.90327223577225,BRA|CHN|IND|MEX|USA
330,0.2150436024594753,0.3269828000729351,0.2591814708515409,0.1987921266160486,292.5777398993596,230.93367641352108,365.59628772927425,BRA|CHN|IND|MEX|USA
331,0.3108460834718834,0.19890998991467904,0.20304861182390085,0.28719531478953675,312.8677710004549,239.18826190204823,381.1688628425219,BRA|CHN|IND|MEX|USA
332,0.364922699566664,0.27480588290017954,0.2478283905381479,0.11244302699500858,282.99207855736546,269.70790118928966,379.3185036877871,BRA|CHN|IND|MEX|USA
333,0.2909359669165097,0.258291843080511,0.22093799715393722,0.2298341928490422,313.41853553707364,232.14880084281228,376.3936876919618,BRA|CHN|IND|MEX|USA
334,0.25052438249134656,0.3214845808838501,0.1841585508752267,0.24383248574957656,290.9031457102806,232.62963489618107,374.13261441902637,BRA|CHN|IND|MEX|USA
335,0.2328305232256757,0.3018026741700347,0.2919790355849459,0.17338776701934364,321.9207054614767,244.16884713933717,365.24058753942006,BRA|CHN|IND|MEX|USA
336,0.3238760545075318,0.2373019719014899,0.3042839604741207,0.13453801311685754,325.2432977214254,243.94093792981764,373.24455027382135,BRA|CHN|IND|RUS|USA
337,0.2464779192978668,0.3482840725901476,0.2700800477263109,0.1351579603856746,287.47879300011806,237.29899461134664,366.4148365007517,BRA|CHN|IND|MEX|USA
338,0.377816658532548,0.29562135567155173,0.24894988968798826,0.07761209610791199,278.41354591828724,240.01443922559127,379.5169210019066,BRA|CHN|IND|MEX|USA
339,0.27400783583579724,0.366794101293973,0.2107402488342082,0.14845781403602157,292.12417580770807,239.16469179587182,372.38414856939403,BRA|CHN|IND|MEX|USA
340,0.28063993376651897,0.20670392002708193,0.3029008950982635,0.20975525110813564,309.4344899162547,271.2057545264726,371.63282445352525,BRA|CHN|IND|RUS|USA
341,0.3842111715409616,0.23184980347973333,0.2259031248815131,0.15803590009779184,290.90136649623975,232.05435750481058,383.82109243004624,BRA|CHN|IND|MEX|USA
342,0.269938500096425,0.3999357322162517,0.23549567288966514,0.09463009479765819,324.5135729924297,256.32717965310746,369.11827771318156,BRA|CHN|IND|MEX|USA
343,0.24366092878326423,0.2951121411209293,0.3136204615330874,0.14760646856271914,288.0719672822453,250.57675645884774,364.61589360559657,BRA|CHN|IND|MEX|USA
344,0.25345426128255305,0.2064649250763609,0.22654220172480052,0.31353861191628557,279.5154515026846,242.21375191546662,374.85949407410925,BRA|CHN|IND|MEX|USA
345,0.16429702791040984,0.4330956473083153,0.2604200871765963,0.14218723760467852,309.33710781500974,267.1724499638855,358.27461586865496,BRA|CHN|IND|MEX|USA
346,0.3608067947262314,0.24668020199464724,0.2226355788182191,0.1698774244609022,282.0091952234193,259.76934579435977,381.8451293135305,BRA|CHN|IND|MEX|USA
347,0.3556004979860801,0.34550995654732647,0.23106473656577134,0.06782480890082213,324.281586837384,243.6414426107498,377.60383028852806,BRA|CHN|IND|MEX|USA
348,0.31347036426305136,0.353084285907158,0.17229825888287287,0.16114709094691768,273.9625465039651,264.15827002741304,378.6970644563884,BRA|CHN|IND|MEX|USA
349,0.4832674681179056,0.24737448928151368,0.17773923668744737,0.09161880591313346,298.03326889113737,239.46619193439815,394.36276211467816,BRA|CHN|IND|MEX|USA
350,0.31867186798175184,0.37682120702992905,0.22784026674079186,0.07666665824752712,289.4922731980475,254.96497217802016,374.081863318087,BRA|CHN|IND|MEX|USA
351,0.3329406463683107,0.2165418325884078,0.28800366875069444,0.16251385229258697,316.54154634621926,249.89017821300374,375.76939376512905,BRA|CHN|IND|MEX|USA
352,0.3628330940288946,0.3332363427507089,0.1962037390308585,0.10772682418953815,327.56431000312074,265.4572360359966,381.1970325261531,BRA|CHN|IND|MEX|USA
353,0.2653022634584503,0.25914388342664946,0.296405461773681,0.17914839134121913,326.88177258169367,254.1267646688138,368.70780639860396,BRA|CHN|IND|MEX|USA
354,0.3951631724272708,0.24948062405506277,0.23961919293810185,0.11573701057956454,270.9791834923805,235.4079872151601,383.0189038888429,BRA|CHN|IND|MEX|USA
355,0.32964076135000214,0.23644496556943623,0.2875138888198844,0.14640038426067734,306.3321843365635,229.17680729734806,374.9142113272703,BRA|CHN|IND|MEX|USA
356,0.3172821927095774,0.23443399911159857,0.2928613358818494,0.1554224722969748,323.84268821052035,231.59080417916192,373.65181017419417,BRA|CHN|IND|MEX|USA
357,0.21728993593018744,0.43721977407599266,0.2517404768629781,0.09374981313084173,279.03809121139136,267.6508049509885,362.7483361217584,BRA|CHN|IND|MEX|USA
358,0.31444775425956695,0.3266089137271477,0.20800922280784623,0.1509341092054392,321.9507842108049,245.95835198916348,376.90966047696423,BRA|CHN|IND|MEX|USA
359,0.2928400138437497,0.2459038432535544,0.29267552536211927,0.16858061754057665,271.699130331633,256.70155466780335,371.4729893836974,BRA|CHN|IND|MEX|USA
360,0.25386289875183304,0.3517832971999204,0.2762869093374109,0.11806689471083573,292.50490627152203,251.60161465868396,366.37826274189763,BRA|CHN|IND|MEX|USA
361,0.2556908430488581,0.46381421162981706,0.20369823522031516,0.07679671010100976,285.70046513232853,242.87746503038372,368.40387795046354,BRA|CHN|IND|MEX|USA
362,0.3882917099747934,0.21484612804637113,0.21729486808201035,0.17956729389682521,299.6563396976939,261.5115276506528,385.33329334369967,BRA|CHN|IND|MEX|USA
363,0.2505247499041819,0.22619277229017468,0.27687804503443947,0.246404432771204,310.55435826097005,256.3309816805982,370.1656408006192,BRA|CHN|IND|MEX|USA
364,0.24875937372986637,0.27984296611397497,0.2928432393548448,0.1785544208013138,324.36626296978284,250.19836009979986,367.0745831666659,BRA|CHN|IND|MEX|USA
365,0.2501706491060305,0.2639510241347845,0.3059555828993729,0.17992274385981213,304.52259533327265,234.01379654348318,366.697174164118,BRA|CHN|IND|MEX|USA
366,0.38756542689824425,0.25719448020825103,0.27027459741049825,0.08496549548300657,326.9932370444724,233.63586536456563,379.86706198778404,BRA|CHN|IND|MEX|USA
367,0.26074467973024185,0.1964272329068378,0.3653663444388276,0.17746174292409259,281.2823886537151,230.50240632110328,368.69503596305833,BRA|CHN|IND|RUS|USA
368,0.3211641428793312,0.3367595955823626,0.23812157079162946,0.1039546907466767,280.6023171805525,270.8136017562568,374.7860137973339,BRA|CHN|IND|MEX|USA
369,0.25889111796221054,0.2149676572341268,0.3045507184898127,0.2215905063138499,305.38100135893126,241.61682526368875,369.6197978743224,BRA|CHN|IND|RUS|USA
370,0.31361292571262317,0.3327102913846728,0.1810507681325953,0.17262601477010883,317.2544045487576,260.3499776437038,378.70295042243106,BRA|CHN|IND|MEX|USA
371,0.34667726359274587,0.3043155385469374,0.193998991711659,0.1550082061486577,283.7344943385248,249.59533782544625,381.10159807055425,BRA|CHN|IND|MEX|USA
372,0.2853487226197445,0.35599349424718996,0.20908509459639363,0.14957268853667188,282.20698352592495,264.02518331189174,373.70578445626677,BRA|CHN|IND|MEX|USA
373,0.2946183258633781,0.33406561122953693,0.27988092246442053,0.0914351404426645,302.6677821357707,229.27616725795033,369.71535118788887,BRA|CHN|IND|MEX|USA
374,0.22841899019696105,0.331894226127196,0.33607722658534256,0.10360955709050036,299.975286129823,239.64548968083392,360.845678014917,BRA|CHN|IND|RUS|USA
375,0.4138909235413711,0.25804824737264814,0.21040267912856497,0.11765814995741579,321.6805874821728,236.6456847325539,386.36094821565615,BRA|CHN|IND|MEX|USA
376,0.24404573618230394,0.4076752407356521,0.23786544146470856,0.11041358161733547,294.10669868917813,234.0145294091116,366.7579573359899,BRA|CHN|IND|MEX|USA
377,0.2375339240468363,0.23870652004712764,0.38282518681741773,0.1409343690886183,322.8229494530276,274.03508176205673,364.4507588536109,BRA|CHN|IND|RUS|USA
378,0.3963404157575194,0.27658382302040135,0.2144866837899389,0.11258907743214033,313.78691742832126,229.45762357095634,384.14048988057283,BRA|CHN|IND|MEX|USA
379,0.22247420870472176,0.2879186488958998,0.29659298919640287,0.19301415320297544,317.4788418975162,250.0716782638675,364.5689874662355,BRA|CHN|IND|MEX|USA
380,0.21972006928617113,0.3449963081219795,0.19584723530242482,0.23943638728942468,300.00910391089326,247.142132837185,370.18408265428207,BRA|CHN|IND|MEX|USA
381,0.3594023437260683,0.32842361040419354,0.18295454576922876,0.12921950010050953,286.0785070524583,265.9632722352867,382.1072614021903,BRA|CHN|IND|MEX|USA
382,0.3126238458770804,0.31260633148018435,0.25783957812922975,0.11693024451350546,323.5057973799541,252.97300182741017,373.4327088978952,BRA|CHN|IND|MEX|USA
383,0.3590266550805522,0.22944523032924366,0.23090489634370115,0.18062321824650307,313.6232296291174,246.0602029402916,381.6426358938278,BRA|CHN|IND|MEX|USA
384,0.2211444078396214,0.3256861486864666,0.308402716143396,0.14476672733051593,318.4819538312734,255.85928286449922,362.3430375244242,BRA|CHN|IND|MEX|USA
385,0.22236804937435833,0.33117123211613675,0.315550810736385,0.1309099077731198,305.75982195033754,274.7050346854945,361.71138024330855,BRA|CHN|IND|MEX|USA
386,0.3446770631652019,0.2956188252350797,0.20851696869724268,0.15118714290247567,322.81732821659494,230.83344841585995,380.1292396352176,BRA|CHN|IND|MEX|USA
387,0.21514921826799954,0.40237396346243554,0.2555318619105525,0.1269449563590124,301.4525784730683,234.6781360088217,363.4323800018634,BRA|CHN|IND|MEX|USA
388,0.3162925218271216,0.3052562701054641,0.2626699339224547,0.11578127414495955,320.8109204024189,259.7060916571987,373.5767796708861,BRA|CHN|IND|MEX|USA
389,0.28256668139280894,0.4388906047722773,0.19870945533633494,0.07983325849857878,309.2669207523228,270.11982131814887,371.5953193575358,BRA|CHN|IND|MEX|USA
390,0.48953314089625527,0.14051268133056927,0.22369433286791018,0.1462598449052652,309.17300949393814,245.1918038282471,394.80090413102056,BRA|CHN|IND|MEX|USA
391,0.27332245682306683,0.2531700913801332,0.40511009318998037,0.06839735860681954,271.8795723441338,247.35751115000275,365.62760221652815,BRA|CHN|IND|RUS|USA
392,0.2780572879989666,0.32722719777713705,0.2682411734152063,0.12647434080869,280.4860625404864,246.88128701755585,369.5909502583646,BRA|CHN|IND|MEX|USA
393,0.1191442085819975,0.34797544391283336,0.35843679353464514,0.1744435539705242,272.5550151176719,272.279699631815,351.4945617959305,BRA|CHN|IND|RUS|USA
394,0.3585197695255189,0.26406837547229495,0.26959346425434516,0.107818390747841,323.56954780963804,264.24606228983924,377.5324866326821,BRA|CHN|IND|MEX|USA
395,0.2343396328440739,0.3387970932630454,0.30529509859098203,0.12156817530189863,316.27291380998264,245.82289550168687,363.1364248087161,BRA|CHN|IND|MEX|USA
396,0.32207371336058266,0.34949791257302654,0.22075565076158263,0.10767272330480825,307.22078107021565,250.51666631384074,375.7627794516089,BRA|CHN|IND|MEX|USA
397,0.25647034604807745,0.275102522263477,0.33168526193989206,0.13674186974855354,272.5174494130364,227.83912677943815,365.71302463736714,BRA|CHN|IND|RUS|USA
398,0.42039450079088303,0.239478573420742,0.2323699690619322,0.10775695672644271,296.5716051871719,225.06365000842288,385.77520793905563,BRA|CHN|IND|MEX|USA
399,0.33285203765906124,0.28120868337818644,0.19056818164679945,0.1953710973159529,300.29026177728275,248.02148601343998,381.0842102877433,BRA|CHN|IND|MEX|USA
400,0.33000025027553204,0.289927629362754,0.24769267973345602,0.13237944062825813,283.6342484034385,236.723561384832,376.23670809365234,BRA|CHN|IND|MEX|USA
401,0.3217511696661635,0.2948174867381675,0.23253902805004248,0.15089231554562643,301.1787255429682,226.57207632849742,376.61790629953805,BRA|CHN|IND|MEX|USA
402,0.3150418517254488,0.2938292471663418,0.16801681993589015,0.22311208117231923,272.74429253747013,256.39982145089385,381.0657290721716,BRA|CHN|IND|MEX|USA
403,0.2211497694906791,0.37462026105291735,0.2194278040838444,0.18480216537255925,296.22321269182436,245.83532500890692,367.5315455009106,BRA|CHN|IND|MEX|USA
404,0.4166534813907145,0.2669028158559644,0.2457037267791564,0.07073997597416475,283.05018802997904,242.27406441463103,383.58968625948916,BRA|CHN|IND|MEX|USA
405,0.2829746233272494,0.34802961308376823,0.23253304159647967,0.13646272199250267,292.96433113873053,241.65056019031567,372.0014733103089,BRA|CHN|IND|MEX|USA
406,0.2901094672637343,0.2547876235791128,0.22979064027167354,0.22531226888547942,317.4700641330322,233.9859064997224,375.7716007646781,BRA|CHN|IND|MEX|USA
407,0.3336156605466258,0.19581360247305124,0.277838591963277,0.1927321450170462,270.56483833812496,252.64746926269888,377.2676050614891,BRA|CHN|IND|MEX|USA
408,0.2721520752540434,0.3474940514400906,0.2733716351487269,0.10698223815713905,325.71619862415747,255.98557130973154,368.1017678981882,BRA|CHN|IND|MEX|USA
409,0.3244158321203059,0.34521982015234204,0.23820699895101666,0.09215734877633533,311.35949637581297,237.98203860242378,374.7467555149822,BRA|CHN|IND|MEX|USA
410,0.32194092046352085,0.3953730944882948,0.17408953749962394,0.1085964475485604,307.81227311859857,237.0171831762608,377.8172687113975,BRA|CHN|IND|MEX|USA
411,0.27708916817003454,0.31766903433104526,0.22035586894822592,0.18488592855069438,304.9303546325874,234.34567747627972,373.4773932683345,BRA|CHN|IND|MEX|USA
412,0.3530390045958072,0.38112692242274615,0.13707760303311367,0.12875646994833295,288.2624901796452,249.18614982620036,383.41574973220736,BRA|CHN|IND|MEX|USA
413,0.357814015435078,0.2777482396106577,0.22623136259586943,0.13820638235839497,274.1412936418806,246.43183416618496,380.33877636106206,BRA|CHN|IND|MEX|USA
414,0.26344808539002323,0.3645027360061279,0.21179778194069485,0.16025139666315422,286.2156622212974,233.93436695870517,371.5916313514888,BRA|CHN|IND|MEX|USA
415,0.34672560332809027,0.3157095682652558,0.20742368333834704,0.1301411450683068,318.72852907894264,273.6174009936029,379.71224674070044,BRA|CHN|IND|MEX|USA
416,0.2600683082067378,0.3017967821743003,0.3650019636701584,0.07313294594880337,291.7513105980621,231.94760920168562,363.6361168806355,BRA|CHN|IND|RUS|USA
417,0.39748216231479583,0.26561432406657975,0.23283291276922194,0.10407060084940244,325.9167743716485,253.11463887689206,383.1843328099927,BRA|CHN|IND|MEX|USA
418,0.29654816417574975,0.2252815868484279,0.33862541924920847,0.13954482972661403,306.0580695347916,270.9759097199969,370.7525360537297,BRA|CHN|IND|RUS|USA
419,0.2948141209069655,0.32987059712058564,0.29111034735188107,0.0842049346205678,278.78783297726534,234.85278825860024,369.01077837505727,BRA|CHN|IND|MEX|USA
420,0.2830594817956835,0.28524365306165766,0.29171732903283176,0.13997953610982708,300.1192886432853,269.72807118130265,369.5392752582533,BRA|CHN|IND|MEX|USA
421,0.3271215634082032,0.25263919727558937,0.23468452253938923,0.18555471677681828,278.53349226556907,233.24663274588983,378.2249723308119,BRA|CHN|IND|MEX|USA
422,0.16159427407957278,0.36925676996609896,0.24852041397634292,0.22062854197798523,283.6037874112412,230.5713016227779,361.05428237314123,BRA|CHN|IND|MEX|USA
423,0.21891105139027187,0.3391745159226307,0.2482810826948467,0.1936333499922508,301.9798905650492,241.2831221743874,366.3185443296427,BRA|CHN|IND|MEX|USA
424,0.22906247439718108,0.3664345270372815,0.25914469696672293,0.14535830159881447,290.26108093749565,259.3293749164883,365.36114122898886,BRA|CHN|IND|MEX|USA
425,0.2629245636927352,0.30337329840529276,0.20922159028471804,0.22448054761725417,289.72571345508317,240.86314152559552,373.7352758384986,BRA|CHN|IND|MEX|USA
426,0.21012166528729484,0.32898048088229304,0.2673051863525026,0.19359266747790957,304.7498052452979,246.125505806556,364.5459521789575,BRA|CHN|IND|MEX|USA
427,0.25080250163261136,0.3607262155980265,0.2611595241225571,0.12731175864680508,306.33020826554775,231.86905001044522,367.0121712488428,BRA|CHN|IND|MEX|USA
428,0.31562489267994015,0.3233579648446951,0.1851844727957768,0.17583266967958808,294.1522896887527,271.4672171773663,378.8417764456319,BRA|CHN|IND|MEX|USA
429,0.3869535765329708,0.28514451848245526,0.19252508528118717,0.1353768197033868,285.4845593449332,271.3960999389844,384.8363106337904,BRA|CHN|IND|MEX|USA
430,0.34425341544542803,0.2529717855429182,0.24445864479020094,0.15831615422145306,310.73002088142505,252.83478939084702,378.7454126412008,BRA|CHN|IND|MEX|USA
431,0.16151405247766248,0.2387710042477316,0.30355081946743045,0.29616412380717544,324.3373235724904,225.49897293402068,361.50349418779706,BRA|CHN|IND|RUS|USA
432,0.1607594978140145,0.29600513964453595,0.26140343549701955,0.28183192704442983,296.2184450678197,271.86645301616227,362.39095346951854,BRA|CHN|IND|MEX|USA
433,0.30953975826078955,0.25897728622445926,0.288840202109176,0.1426427534055754,304.6268303710503,264.54464227312025,372.58402269882487,BRA|CHN|IND|MEX|USA
434,0.3101572590540392,0.27172603165745474,0.3465853455785714,0.07153136370993451,313.6468102768911,227.51716774646826,369.26508303035456,BRA|CHN|IND|RUS|USA
435,0.32018337028633265,0.2801383427327677,0.2346217909740487,0.16505649600685082,287.2782757551938,247.7699725492095,376.81947404528233,BRA|CHN|IND|MEX|USA
436,0.32262011020993664,0.24116763894310644,0.25622635100851937,0.1799858998384375,274.35676520213894,259.7291552691874,376.62142259472483,BRA|CHN|IND|MEX|USA
437,0.26766689764582613,0.29548088348270385,0.2281003861127486,0.20875183275872158,285.2050919652808,261.4229827831154,372.9067031754902,BRA|CHN|IND|MEX|USA
438,0.39935819437153675,0.2874101040287841,0.20427702145804316,0.10895468014163587,308.2929569882548,254.00370794526407,384.7912184891323,BRA|CHN|IND|MEX|USA
439,0.33921887869084477,0.26543103604642865,0.19594876739530093,0.19940131786742563,309.472204064578,250.3346398149766,381.66115372442914,BRA|CHN|IND|MEX|USA
440,0.34114287514411157,0.25280442756879956,0.2589374219774959,0.147115275309593,282.53615229919194,241.22916426443376,377.41619296418884,BRA|CHN|IND|MEX|USA
441,0.2885508166056885,0.2994662720502685,0.2917250418142997,0.12025786952974342,301.3179397006975,260.2726364371581,369.48548265515404,BRA|CHN|IND|MEX|USA
442,0.2804425218078368,0.28858726938423723,0.3462011283597002,0.08476908044822584,297.0712108724721,246.93354320711603,366.33349263751296,BRA|CHN|IND|RUS|USA
443,0.40048479402144116,0.26704862365780624,0.20114062602568286,0.1313259562950699,275.9810747170386,238.46999762036234,385.77569075136256,BRA|CHN|IND|MEX|USA
444,0.2625074811104767,0.2940824541882979,0.3413861387846641,0.1020239259165612,306.36006490433607,271.7582073310479,364.93353484068734,BRA|CHN|IND|RUS|USA
445,0.2908272377830761,0.3010176413528749,0.33548275703945,0.07267236382459909,300.00019602833345,248.02590386315688,366.8312964936697,BRA|CHN|IND|RUS|USA
446,0.45635982476999737,0.2715805634099983,0.12866310221968644,0.1433965096003179,298.3087702491596,272.37287084243104,395.310989926974,BRA|CHN|IND|MEX|USA
447,0.3731036858108579,0.2711899916639848,0.23094886396697162,0.12475745855818585,322.965382675933,252.7089814577668,381.3311584568887,BRA|CHN|IND|MEX|USA
448,0.29811656366192607,0.31129944750197736,0.23080174775966325,0.15978224107643327,319.82855626279223,265.41920030684486,374.4545533833433,BRA|CHN|IND|MEX|USA
449,0.2208216299331602,0.2802830568725834,0.3910391275646847,0.10785618562957176,323.22621779836027,231.08703306024708,361.00323633948165,BRA|CHN|IND|RUS|USA
450,0.32989910587859245,0.2777095689238964,0.2832914007536988,0.10909992444381231,274.94383939274917,274.7061467864735,373.91424846354613,BRA|CHN|IND|MEX|USA
451,0.330391987429831,0.2199347330028722,0.2834789878265137,0.16619429174078312,303.94456724960907,268.30363745554274,375.814033024875,BRA|CHN|IND|MEX|USA
452,0.3245193957843293,0.36468236429926315,0.1764007216176622,0.13439751829874536,271.7338911876028,269.8774365321064,378.830507986454,BRA|CHN|IND|MEX|USA
453,0.4125225738662011,0.2729537814608033,0.1427718825180487,0.17175176215494664,302.92039820377016,251.03916082329124,390.9268798547822,BRA|CHN|IND|MEX|USA
454,0.26316299310688346,0.3344769373640145,0.28841912669237985,0.11394094283672228,286.6456191403216,272.9579962405689,366.708981150874,BRA|CHN|IND|MEX|USA
455,0.3295004099704168,0.24949599578396014,0.2612001909536098,0.15980340329201326,286.0662411785103,225.15171055201074,376.48427637460605,BRA|CHN|IND|MEX|USA
456,0.42818489111142743,0.18503446285985012,0.23796608461386431,0.14881456141485824,301.4978814485327,233.85991006016204,387.6981977556899,BRA|CHN|IND|MEX|USA
457,0.2540348677627151,0.3984556208411901,0.26107821607743853,0.08643129531865623,305.8587641436288,251.8616853979374,366.0330863181397,BRA|CHN|IND|MEX|USA
458,0.3221867086758225,0.33901547855039166,0.19033723479160825,0.14846057798217768,300.9259613205715,264.1527168944475,378.4291236207439,BRA|CHN|IND|MEX|USA
459,0.28806768202447997,0.3668183809060226,0.20246033047970505,0.14265360658979245,273.5607406879853,255.90524662251386,374.0612032767731,BRA|CHN|IND|MEX|USA
460,0.3674029559253724,0.19732199494680897,0.32446059188090215,0.11081445724691644,318.4384514046103,246.77232641040578,377.64082466097796,BRA|CHN|IND|RUS|USA
461,0.21278273600099398,0.1799592925557806,0.3468137214696922,0.26044424997353316,291.99852311908836,235.7577009712191,366.6177299422744,BRA|CHN|IND|RUS|USA
462,0.37329549689586355,0.15223106516022128,0.3649950946649573,0.10947834327895806,310.89912402808733,226.7476280852056,378.91994898967135,BRA|CHN|IND|RUS|USA
463,0.3149038672521409,0.24925363631280292,0.22500722926813857,0.21083526716691767,278.56946417186805,253.1568034593303,378.16232964436244,BRA|CHN|IND|MEX|USA
464,0.310283761326759,0.244433384779721,0.25288709908543233,0.1923957548080877,278.3639419333949,272.09824558443626,375.85097348931754,BRA|CHN|IND|MEX|USA
465,0.3363457584430986,0.22503008691231396,0.33777479089483053,0.10084936374975699,324.69425391317253,231.41735790699389,373.6581861347213,BRA|CHN|IND|RUS|USA
466,0.3620285401036428,0.25376588974572567,0.27704580785021665,0.10715976230041492,292.3735217781146,261.94811258912307,377.5608408749144,BRA|CHN|IND|MEX|USA
467,0.3213155785960422,0.2675648664341286,0.19307920390266728,0.2180403510671619,293.745223662911,245.66229281056013,380.47712004005916,BRA|CHN|IND|MEX|USA
468,0.3832223188597833,0.22364584533977694,0.25751148565660886,0.13562035014383084,296.2383409065147,237.7088342565184,381.60607627306774,BRA|CHN|IND|MEX|USA
469,0.3492054492187715,0.2708573735233087,0.26062268902354435,0.11931448823437533,329.2118190121706,227.47560004119345,377.301624064713,BRA|CHN|IND|MEX|USA
470,0.30843379135456594,0.29857726157499825,0.23622312970245748,0.1567658173679782,329.74504770641533,272.9902739240675,375.22329784855316,BRA|CHN|IND|MEX|USA
471,0.3125275683464396,0.3379262114853322,0.20780091564181238,0.14174530452641593,288.90807784156715,231.62940008078385,376.41477779654576,BRA|CHN|IND|MEX|USA
472,0.3529655639356103,0.3245849391688435,0.21430262389499746,0.10814687300054862,321.34466614276874,242.73144035481607,379.3645053574503,BRA|CHN|IND|MEX|USA
473,0.21739413979358713,0.35281888131286643,0.2549473669017796,0.1748396119917669,305.12333801044593,228.93156599138075,365.2543637953768,BRA|CHN|IND|MEX|USA
474,0.2784355203292747,0.3139556072636169,0.17095694085636856,0.23665193155073996,322.62939765361875,246.48593416616455,377.4615877912974,BRA|CHN|IND|MEX|USA
475,0.20777183731660245,0.3698918125794721,0.2023488933070785,0.2199874567968469,295.3646345408423,262.3995079227904,367.98999678052905,BRA|CHN|IND|MEX|USA
476,0.24632317840713977,0.3358873321948559,0.1916892108835644,0.22610027851443998,274.7071328313669,248.39071310813904,372.77803563445923,BRA|CHN|IND|MEX|USA
477,0.285895713769243,0.3866303864806355,0.19308475262588234,0.13438914712423894,294.8056237624604,274.16678907367105,373.96991008588145,BRA|CHN|IND|MEX|USA
478,0.2564048347557214,0.29251619331458384,0.30968360418417384,0.14139536774552092,318.1492087362915,242.73492084873422,365.94923130552945,BRA|CHN|IND|MEX|USA
479,0.24715693365441774,0.31831010108452884,0.266175985027577,0.16835698023347645,287.66472065000374,233.61009319759938,367.7368115670981,BRA|CHN|IND|MEX|USA
480,0.24525879358237895,0.32582422044450915,0.21593711269663407,0.2129798732764779,282.04212172791273,256.2497026410003,371.17853431745664,BRA|CHN|IND|MEX|USA
481,0.265645478883331,0.3536565144644683,0.2295447180858815,0.15115328856631932,295.46900931649895,227.21620265330043,370.7557397738756,BRA|CHN|IND|MEX|USA
482,0.3456653503208188,0.26303991427553797,0.1722518447385473,0.21904289066509577,315.1479486938154,272.18053092436656,384.0241930046874,BRA|CHN|IND|MEX|USA
483,0.28646368191452953,0.3133510301307718,0.2666190306196173,0.1335662573350815,274.9402543260556,228.15773895192632,370.7914715595616,BRA|CHN|IND|MEX|USA
484,0.31242602195993946,0.29664119581206805,0.26949434583977566,0.12143843638821669,314.4530126357809,237.51403767600533,373.04888442816133,BRA|CHN|IND|MEX|USA
485,0.20931415817205826,0.44206433306589954,0.203329132881006,0.14529237588103627,323.85282134235996,242.30984165952034,365.6849656919061,BRA|CHN|IND|MEX|USA
486,0.3147706136575809,0.15879210245026185,0.3011950061603076,0.2252422777318497,276.10687404862824,237.68502907311543,376.42906917773956,BRA|CHN|IND|RUS|USA
487,0.26327826912234287,0.2609025312137819,0.3491869873182098,0.12663221234566535,322.0039899338341,273.0104370436136,366.3212963478043,BRA|CHN|IND|RUS|USA
488,0.23898311557160484,0.35621008109673813,0.2774427793914192,0.12736402394023771,318.9008521020736,261.9136344862711,365.0382273720512,BRA|CHN|IND|MEX|USA
489,0.26906862580154195,0.25759417132799295,0.3495644121813535,0.12377279068911162,322.3485408598212,254.54423862944103,366.88398112034156,BRA|CHN|IND|RUS|USA
490,0.2952131755893634,0.30790245222817325,0.21629417808905668,0.1805901940934066,302.4173891528163,258.397804147576,375.45391685445367,BRA|CHN|IND|MEX|USA
491,0.4687056208753761,0.33165959057068467,0.1476542533361245,0.05198053521781461,307.7452666877365,249.28818176654673,392.83140266297625,BRA|CHN|IND|MEX|USA
492,0.3448697315660113,0.20898710454390132,0.3124251222237994,0.13371804166628778,282.4213337784433,263.77937458524787,375.8461748932941,BRA|CHN|IND|RUS|USA
493,0.26824110999774997,0.34220880922890934,0.19006167842769084,0.19948840234564968,301.44402713889997,252.12438763865546,374.32889046829064,BRA|CHN|IND|MEX|USA
494,0.3225650418753901,0.21229415811345306,0.30499010753049766,0.160150692480659,293.773885797471,272.1556493689113,374.319428524313,BRA|CHN|IND|RUS|USA
495,0.2426375354673998,0.25634287132162326,0.3019019045454592,0.1991176886655179,286.2935219893687,269.789746998413,366.69220215062904,BRA|CHN|IND|MEX|USA
496,0.24766455356925526,0.2248590137641174,0.3038201836789537,0.22365624898767356,293.6378397924809,244.96953419338024,368.3630933973328,BRA|CHN|IND|RUS|USA
497,0.34668253242143693,0.27450079996268334,0.19136167398659787,0.18745499362928175,314.52206349575187,240.1614510624535,382.2717215077863,BRA|CHN|IND|MEX|USA
498,0.20721411958996674,0.3601491096262777,0.2898807060614186,0.14275606472233698,287.2532694754975,248.8939074793378,361.5967819189485,BRA|CHN|IND|MEX|USA
499,0.307148485143488,0.18271054119643815,0.4107108549816678,0.09943011867840597,285.3102462984379,228.1652555529541,371.2432053063578,BRA|CHN|IND|RUS|USA
500,0.24843814615395113,0.28976094448564693,0.2588895404851591,0.20291136887524283,313.6797413110526,255.34084495512394,369.31500842189473,BRA|CHN|IND|MEX|USA
501,0.2852715402602372,0.33405497671129536,0.1866459150323914,0.19402756799607607,301.24415439460483,227.52349613754,376.1223596619485,BRA|CHN|IND|MEX|USA
502,0.329395041489101,0.21768818035401102,0.21465292776083889,0.2382638503960491,305.12383103111637,243.7480337136426,381.05603028721214,BRA|CHN|IND|MEX|USA
503,0.2064478564086616,0.428066585429818,0.1700556510581373,0.1954299071033831,275.6733707297143,242.399482471326,368.4611649450054,BRA|CHN|IND|MEX|USA
504,0.37651272283413784,0.3379016621723472,0.18983501099964542,0.0957506039938695,280.11600311555895,232.4211522895854,382.5493663986123,BRA|CHN|IND|MEX|USA
505,0.36814618413300987,0.25855890499354395,0.22073098214306505,0.15256392873038122,289.97518673702723,226.6269092312173,382.1508121193808,BRA|CHN|IND|MEX|USA
506,0.254735674685545,0.3424112352779575,0.20882484045656027,0.1940282495799373,291.32729770220743,234.8999053371588,371.8871328761006,BRA|CHN|IND|MEX|USA
507,0.2960115370367892,0.31418592441176746,0.19528040475040684,0.19452213380103653,303.9639004191032,265.2145927524293,376.9100452687261,BRA|CHN|IND|MEX|USA
508,0.30256543267989544,0.3373721884947131,0.2095730578442486,0.15048932098114295,319.885973445703,262.69865682469873,375.55587251886453,BRA|CHN|IND|MEX|USA
509,0.24950163453554397,0.3127525852680144,0.35349268439089504,0.08425309580554645,288.7027752995131,263.1215876681199,362.7203855791729,BRA|CHN|IND|RUS|USA
510,0.2556875207021741,0.26929921174157856,0.26897856462927777,0.20603470292696963,300.38764569578706,227.04599862425505,369.7511898814206,BRA|CHN|IND|MEX|USA
511,0.2104860279824966,0.35975327316458,0.23133587859197852,0.19842482026094505,314.86625182827174,270.87201742035813,366.31331777173534,BRA|CHN|IND|MEX|USA
512,0.31788874371401665,0.31549800612873574,0.1991846539558765,0.16742859620137104,304.78711463772356,236.07744256781697,378.199228489308,BRA|CHN|IND|MEX|USA
513,0.29339455426105465,0.3329057967368871,0.17434361304366602,0.19935603595839232,311.29419070834894,235.86033570189346,377.70184457969157,BRA|CHN|IND|MEX|USA
514,0.325898636022361,0.31949198611428364,0.21174937203553876,0.1428600058278166,280.42479460885596,226.43475956346612,377.7087684605599,BRA|CHN|IND|MEX|USA
515,0.3207883716950551,0.2754149541320352,0.23188752836373475,0.17190914580917496,272.0367072507517,259.77439533469476,377.22631349063215,BRA|CHN|IND|MEX|USA
516,0.31201705763204796,0.2737495535433723,0.27852355165118625,0.13570983717339347,310.0897382359582,228.27864415833793,373.07442780692594,BRA|CHN|IND|MEX|USA
517,0.29335552960938854,0.3555782842552792,0.21109731592316486,0.13996887021216728,319.9306899581628,236.33552128505156,374.16226970747874,BRA|CHN|IND|MEX|USA
518,0.2667149075894927,0.26569531771112753,0.30545007763930204,0.16213969706007766,291.49604028081905,232.02924682996283,367.9110949948347,BRA|CHN|IND|MEX|USA
519,0.225074064879385,0.3855797876799707,0.25772773360163553,0.13161841383900885,280.8259769836107,233.97146211727818,364.54994325449434,BRA|CHN|IND|MEX|USA
520,0.2663365925468418,0.3098991085867099,0.23486089319162248,0.1889034056748257,300.9613925549977,265.8356369727747,371.8240954350363,BRA|CHN|IND|MEX|USA
521,0.431667992742016,0.24779812834826798,0.2402840459169612,0.08024983299275484,280.531417861945,261.4008356085021,385.7415290635908,BRA|CHN|IND|MEX|USA
522,0.3673022727470999,0.3307909617781418,0.1734022940319402,0.12850447144281799,275.55355851622784,267.06382483928115,383.3463627171242,BRA|CHN|IND|MEX|USA
523,0.28834065740654075,0.384494268661253,0.233201068302513,0.0939640056296933,279.85813102116674,256.8414632232533,371.1653002017728,BRA|CHN|IND|MEX|USA
524,0.3007929841595323,0.37272632920776944,0.22099267804146064,0.10548800859123772,293.72005450326765,238.18927609579842,373.4050973664354,BRA|CHN|IND|MEX|USA
525,0.2246923465462371,0.3953020902340737,0.22603680966080594,0.15396875355888337,305.76659627659126,240.34300410488083,366.61984145238574,BRA|CHN|IND|MEX|USA
526,0.31602526875533854,0.21599928009732272,0.30392682913571206,0.16404862201162676,299.37611425842863,235.82164300704542,373.7057559684494,BRA|CHN|IND|RUS|USA
527,0.2758005419066066,0.31623846028284375,0.2457908080800757,0.1621701897304739,271.02835951888255,267.19682054563145,371.4902517085972,BRA|CHN|IND|MEX|USA
528,0.26283415598445126,0.3516441910118112,0.29110180279972514,0.09441985020401229,321.0968524225584,246.84808272057288,365.9222800677919,BRA|CHN|IND|MEX|USA
529,0.32857333731794064,0.2084394909088171,0.19115818589447217,0.27182898587877,287.6742564995229,258.5401917843405,383.08522235309806,BRA|CHN|IND|MEX|USA
530,0.32299728085482693,0.28500748861187347,0.2566432263109444,0.13535200422235533,274.6616693814259,244.37252603666386,375.193195882757,BRA|CHN|IND|MEX|USA
531,0.26860606778172347,0.33260777063606883,0.27487823812306783,0.12390792345913999,299.7807514887165,271.4504932758872,368.20663698900904,BRA|CHN|IND|MEX|USA
532,0.3384995397553697,0.1841130505333418,0.28204560733204975,0.19534180237923882,274.4579557260381,239.74817838512521,377.6910290576948,BRA|CHN|IND|MEX|USA
533,0.3825699711037788,0.27318083404020765,0.20677696827408054,0.13747222658193292,282.86505946370954,246.33913349456915,383.81288443159815,BRA|CHN|IND|MEX|USA
534,0.2290976909824374,0.39046184302492354,0.21726448426622647,0.16317598172641262,292.03490407661326,240.5934147398281,367.77348487540445,BRA|CHN|IND|MEX|USA
535,0.2830597105214783,0.29342508606022516,0.26063503174350766,0.16288017167478888,293.03619270574944,253.7451313129111,371.6413220717541,BRA|CHN|IND|MEX|USA
536,0.3287960137365736,0.2337985801657804,0.2893292282917442,0.14807617780590174,279.838458998522,250.1645060353366,374.7989996449411,BRA|CHN|IND|MEX|USA
537,0.262482091029716,0.2037720585871745,0.36779136442969396,0.16595448595341553,277.1826416550292,264.8360178445809,368.3926945886334,BRA|CHN|IND|RUS|USA
538,0.3311558080416693,0.266957940563847,0.2597476501988539,0.14213860119562988,292.4081486812105,245.153728873286,376.1507953857364,BRA|CHN|IND|MEX|USA
539,0.4097370915200541,0.22911932965800652,0.22069397510045338,0.1404496037214859,312.5737810326122,267.7385350343508,386.20763360838794,BRA|CHN|IND|MEX|USA
540,0.2666167802601198,0.33711214141027707,0.21917877020480048,0.1770923081248028,310.8350211646558,270.7385285801324,372.1553661859121,BRA|CHN|IND|MEX|USA
541,0.3497484376484577,0.2501441262343448,0.21386853062603342,0.18623890549116423,278.66217663956445,274.14883672801557,381.5769108425587,BRA|CHN|IND|MEX|USA
542,0.22521856982267033,0.3474047471955185,0.2382376224999966,0.1891390604818144,302.3467080421444,227.31254139042582,367.28596392394303,BRA|CHN|IND|MEX|USA
543,0.35046118948714294,0.2600750134095397,0.2680421802805882,0.12142161682272908,280.20806206187314,253.6474460783974,377.1802857257169,BRA|CHN|IND|MEX|USA
544,0.3311757526993392,0.2985681478985291,0.22042168646583377,0.14983441293629793,276.1924156766537,230.07193706679914,378.1210134554082,BRA|CHN|IND|MEX|USA
545,0.2971635477246254,0.3118993327724794,0.2899874399954446,0.10094967950745073,312.07889318448554,254.19522082201078,369.8552588372002,BRA|CHN|IND|MEX|USA
546,0.3399705444824363,0.3504031012743183,0.16823573039313175,0.14139062385011386,293.6373821002293,263.18862583775234,381.0672087100777,BRA|CHN|IND|MEX|USA
547,0.4175383304613054,0.15225391111914624,0.2892443123198774,0.1409634460996709,293.0292251350105,236.5493714627664,384.524323381678,BRA|CHN|IND|RUS|USA
548,0.3860826963423093,0.2931509402054675,0.19404383182277987,0.12672253162944336,316.63981403875647,260.85086548663145,384.3955890566453,BRA|CHN|IND|MEX|USA
549,0.20324989261553994,0.3612110755546787,0.33973572333586477,0.09580330849391662,287.5859749528443,233.3303590543321,357.51878393950983,BRA|CHN|IND|RUS|USA
550,0.24598738904143427,0.30996718383149,0.2776469000952707,0.16639852703180502,320.02528676639344,229.632241082626,367.04694600081825,BRA|CHN|IND|MEX|USA
551,0.28534005452843825,0.241642863784216,0.2974609196757946,0.17555616201155125,294.8780985553708,232.15754350279292,370.68835163109185,BRA|CHN|IND|MEX|USA
552,0.29735542876037013,0.3033476913166222,0.2669635731574755,0.13233330676553243,298.1778252822291,267.90674895286975,371.90141301260735,BRA|CHN|IND|MEX|USA
553,0.39073052957880294,0.21727705379715026,0.30539695855733495,0.086595458066712,321.8080277179477,263.14244777376064,378.97871386442085,BRA|CHN|IND|RUS|USA
554,0.34612607851512744,0.3127084425334008,0.23489506789655645,0.10627041105491537,298.1921413525307,257.681491247553,377.6723201042434,BRA|CHN|IND|MEX|USA
555,0.19488986545718806,0.3380291459655735,0.34302460204557933,0.12405638653165905,285.9123754203786,226.5196608532223,357.9164535825428,BRA|CHN|IND|RUS|USA
556,0.3569859881194905,0.33650311370743463,0.18626555820199783,0.12024533997107686,318.9724452306719,254.29650686985727,381.4125330768441,BRA|CHN|IND|MEX|USA
557,0.25015763581934625,0.3802741101222169,0.2411695427087147,0.1283987113497221,283.4597275403669,229.11971276266073,367.85180365091793,BRA|CHN|IND|MEX|USA
558,0.30067967254418015,0.26871194375562235,0.2549101751660704,0.17569820853412696,314.59510737235365,255.42143512058408,374.19269208966784,BRA|CHN|IND|MEX|USA
559,0.2792232924995554,0.4108533560552333,0.18662217371012343,0.12330117773508786,306.66602251667024,241.7307554623912,373.1782095195702,BRA|CHN|IND|MEX|USA
560,0.3799552860126867,0.17775105708379357,0.28501877718606006,0.15727487971745968,300.82794133008423,235.47776175605114,380.75856999328266,BRA|CHN|IND|MEX|USA
561,0.2899726370673383,0.20364586367238308,0.344214144072655,0.16216735518762374,326.8952260012995,269.57422745621733,371.13161091614836,BRA|CHN|IND|RUS|USA
562,0.44873930588101046,0.22204684281282433,0.2127466171411524,0.11646723416501288,328.1868974780244,259.26668281657703,389.9474785308744,BRA|CHN|IND|MEX|USA
563,0.42303759426054616,0.12295315732156094,0.28381353119271335,0.1701957172251796,304.86734232599133,252.5050781865671,386.4902811000853,BRA|CHN|IND|RUS|USA
564,0.27782271559641813,0.35600667074907505,0.22244647339002052,0.14372414026448632,306.4239279675544,247.26514969885292,372.12699246836974,BRA|CHN|IND|MEX|USA
565,0.287548058630364,0.37726825685248355,0.19114095855856744,0.14404272595858503,318.41343697752234,254.51628721389224,374.5452629557541,BRA|CHN|IND|MEX|USA
566,0.40833065361955645,0.2767368242157808,0.21962838002820007,0.09530414213646272,325.666889135638,250.42135639378455,384.63676041053066,BRA|CHN|IND|MEX|USA
567,0.3511973314298522,0.171876462417728,0.31704271476880874,0.159883491383611,324.11763297280254,233.9518734596914,377.9231562265447,BRA|CHN|IND|RUS|USA
568,0.31126670687231894,0.30013318484506196,0.21515934571425605,0.17344076256836308,325.5107503278138,256.69670809601666,376.98837401455853,BRA|CHN|IND|MEX|USA
569,0.40638591189587564,0.2291568662581762,0.20038289211185892,0.1640743297340892,294.7092919140543,262.69333741756293,387.5041630180911,BRA|CHN|IND|MEX|USA
570,0.24642225743301505,0.23214949799382856,0.3390501530687407,0.1823780915044157,292.1047120148912,245.81335938070683,366.8012340464986,BRA|CHN|IND|RUS|USA
571,0.2322115293547882,0.3011412020855702,0.34542686263065936,0.1212204059289821,274.3052062785144,258.34333626226254,362.28596899498166,BRA|CHN|IND|RUS|USA
572,0.1757298362196396,0.35285949576513326,0.36028364489320513,0.11112702312202194,306.0966260296037,267.8923479515819,355.27851466338166,BRA|CHN|IND|RUS|USA
573,0.21443244774394044,0.3249824368194538,0.26082259416278814,0.1997625212738178,296.7721255666694,229.83701988318464,365.49075202687675,BRA|CHN|IND|MEX|USA
574,0.23639705540824635,0.2722428920122172,0.3324036101715007,0.15895644240803566,295.37314364829734,261.4635987218684,364.3805556117413,BRA|CHN|IND|RUS|USA
575,0.4197547511738406,0.24085618573668593,0.23343969902108513,0.10594936406838837,324.6298472875855,255.43547580555503,385.6013061508776,BRA|CHN|IND|MEX|USA
576,0.3019174497551464,0.2854298914939061,0.3217514054159322,0.09090125333501523,300.26164356351114,270.25271502210114,368.81144556966296,BRA|CHN|IND|RUS|USA
577,0.288070160183199,0.22979481589517964,0.36305065765494127,0.11908436626668002,290.78020239775816,271.18896312806436,369.1468758760374,BRA|CHN|IND|RUS|USA
578,0.25037902278258894,0.39131577662063766,0.21759592093089358,0.14070927966587976,286.57942891122,234.2638803238536,369.30535978903913,BRA|CHN|IND|MEX|USA
579,0.33898560272444156,0.30375001479208524,0.18892635837897018,0.16833802410450308,327.911817646936,255.6270627255627,380.9335964429804,BRA|CHN|IND|MEX|USA
580,0.3124956253309449,0.22439141462630116,0.26631161809894754,0.1968013419438063,280.6156476253896,239.68357243016032,375.6442578308537,BRA|CHN|IND|MEX|USA
581,0.30785218117657803,0.32589167130808644,0.24737381909123715,0.11888232842409853,295.6098343761517,241.3081447788943,373.44294242844455,BRA|CHN|IND|MEX|USA
582,0.21593139491415284,0.34862518535983966,0.3590968557239226,0.0763465640020848,275.07987155927935,255.5902202256704,358.41381287284554,BRA|CHN|IND|RUS|USA
583,0.198930276952213,0.4286787785387443,0.23771216355513958,0.13467878095390304,298.75131377068567,257.97455455950507,362.72727554334386,BRA|CHN|IND|MEX|USA
584,0.364979981308253,0.19202696666371832,0.3027063655118068,0.14028668651622184,295.1805256209641,262.26862152449274,378.41329215308417,BRA|CHN|IND|RUS|USA
585,0.21860918119406628,0.29666717843528323,0.3667725186005661,0.11795112177008443,300.7766591866114,251.9655536246212,360.83787707144523,BRA|CHN|IND|RUS|USA
586,0.4363610723578274,0.24538604483942225,0.1877726039934913,0.13048027880925903,307.8837156719526,237.92610641679934,390.1697904413754,BRA|CHN|IND|MEX|USA
587,0.2699295979857165,0.36618225768027807,0.21673714602716407,0.14715099830684134,287.88030158021616,242.1356865297061,371.64346400222075,BRA|CHN|IND|MEX|USA
588,0.2612942485241538,0.2437416575120476,0.21457675466996792,0.2803873392938307,318.33903358480785,253.65274995441706,375.1436054361255,BRA|CHN|IND|MEX|USA
589,0.35275504053214013,0.2804341223306067,0.27330461346115553,0.09350622367609754,279.6644151752005,259.9356518839131,376.28865598410215,BRA|CHN|IND|MEX|USA
590,0.34507734843051563,0.2585425039256701,0.24637042993815808,0.15000971770565621,320.0656703194263,262.6947000711711,378.48011297092677,BRA|CHN|IND|MEX|USA
591,0.20101258042562106,0.2902891808978116,0.2757373912993125,0.23296084737725486,317.8012922070202,257.71992735527414,364.4824599128752,BRA|CHN|IND|MEX|USA
592,0.26473514587852065,0.2936394403435731,0.1622620805730308,0.2793633332048755,314.90465405364716,237.51438857699935,377.76383662445335,BRA|CHN|IND|MEX|USA
593,0.3325003909497455,0.35299758164786244,0.20998197120614676,0.10452005619624527,296.60708755237744,274.0268982233016,377.2463093157045,BRA|CHN|IND|MEX|USA
594,0.29960723634777636,0.1940653700058237,0.29237199809513337,0.21395539555126675,317.96735780962314,268.71201324633853,373.93752328073225,BRA|CHN|IND|RUS|USA
595,0.2833372082932892,0.3259306415400949,0.1923563166476933,0.1983758335189227,313.19192511465843,241.52130089654014,375.8072777537633,BRA|CHN|IND|MEX|USA
596,0.260631027165855,0.23953466026172787,0.29746876728564814,0.20236554528676898,296.8040310014378,238.21437232241837,368.9161178705825,BRA|CHN|IND|MEX|USA
597,0.3045968980835507,0.28273139103297096,0.2709316195639714,0.1417400913195069,286.8075431224977,240.60070724863652,372.8083308632647,BRA|CHN|IND|MEX|USA
598,0.2382161955817778,0.36210753501307885,0.2817241798222608,0.11795208958288264,285.40140810640145,270.67560344788274,364.46331611573737,BRA|CHN|IND|MEX|USA
599,0.30007623345117584,0.31420335294305035,0.2403777794503987,0.14534263415537516,293.2140347627151,269.3018466477944,373.77662140990446,BRA|CHN|IND|MEX|USA
600,0.24309199074701496,0.3725512002457484,0.2666132054264728,0.11774360358076376,328.3493943940594,259.9810953343121,365.63823575048997,BRA|CHN|IND|MEX|USA
601,0.3650162078710006,0.3085140685367613,0.22119293189164496,0.10527679170059298,294.57453187933413,263.3457268251916,380.2592513055396,BRA|CHN|IND|MEX|USA
602,0.28724890515918616,0.22099961327664688,0.29366065025176746,0.19809083131239943,300.59587444644336,251.7089672754438,371.7908106378901,BRA|CHN|IND|MEX|USA
603,0.33226640481159436,0.26546176830111257,0.20763903590053312,0.19463279098676012,281.9784733539352,227.3709074265993,380.25181060677113,BRA|CHN|IND|MEX|USA
604,0.3100400892058583,0.3638161992414912,0.235145077206095,0.09099863434655564,294.7943395178842,241.04686472001578,373.30513799615034,BRA|CHN|IND|MEX|USA
605,0.27671843272205854,0.28747786537987235,0.2937619087589204,0.14204179313914866,327.4624415482414,247.8783349904155,368.83868395593447,BRA|CHN|IND|MEX|USA
606,0.2623446920156741,0.36871688052637175,0.19476561371799095,0.17417281373996332,297.3875621137637,234.45444197625133,372.67005055824455,BRA|CHN|IND|MEX|USA
607,0.3294053548201952,0.25783974120913217,0.2850430589273409,0.12771184504333166,296.34429863955233,256.2385164835765,374.3896961860444,BRA|CHN|IND|MEX|USA
608,0.39274076958398874,0.23085809041051608,0.2809480571182637,0.09545308288723142,271.96204498633864,259.25648938858365,380.29515687381553,BRA|CHN|IND|MEX|USA
609,0.3437819646095555,0.39426448600097685,0.14533473631598617,0.1166188130734817,303.47398507476504,260.503393143246,381.6704188518207,BRA|CHN|IND|MEX|USA
610,0.2562848982689113,0.2628147108761745,0.3010563266715403,0.17984406418337395,291.30710557958,270.1538984519925,367.56267160887927,BRA|CHN|IND|MEX|USA
611,0.19956987074788507,0.29432544557504475,0.265976271459378,0.24012841221769218,322.8767334084452,249.6665310181836,364.9874734504035,BRA|CHN|IND|MEX|USA
612,0.3210866365711127,0.32120691053934464,0.16734914671198695,0.19035730617755559,286.1584051181939,236.16041353460983,380.6771371988709,BRA|CHN|IND|MEX|USA
613,0.34699897441025523,0.26745881660196613,0.30935012817423463,0.07619208081354403,305.45974458927174,251.57055295182684,373.5356297933208,BRA|CHN|IND|MEX|USA
614,0.30604777710421466,0.17350520144662512,0.3038355130417618,0.21661150840739826,285.7724790117128,239.47646864813194,375.0152599319004,BRA|CHN|IND|RUS|USA
615,0.2870370211628206,0.3330675590510426,0.2534107570401511,0.1264846627459856,272.83075028031953,272.87555940489233,371.19970932207104,BRA|CHN|IND|MEX|USA
616,0.270619946681354,0.33740052406240606,0.2846065960697084,0.10737293318653161,327.5920588438873,244.9992536512438,367.45976040237514,BRA|CHN|IND|MEX|USA
617,0.28182198997810615,0.2895806441329206,0.26386212196310715,0.16473524392586597,304.7282636780634,246.50425359637788,371.42822643487426,BRA|CHN|IND|MEX|USA
618,0.31882864348099904,0.29261397497453345,0.2713342605471808,0.11722312099728657,300.68545506289996,236.35632732561382,373.5163993786661,BRA|CHN|IND|MEX|USA
619,0.34181629501398647,0.23028746863587027,0.27437819569752975,0.15351804065261343,319.2767046312512,229.42039172498602,377.02172896867734,BRA|CHN|IND|MEX|USA
620,0.28397897158654156,0.2527961634612653,0.2218053409540315,0.24141952399816172,275.57365535039787,244.6838740665036,375.9880880440038,BRA|CHN|IND|MEX|USA
621,0.32706177643645934,0.3115112448569719,0.20436746435182201,0.15705951435474666,288.73981338783045,235.62066718601315,378.617082654735,BRA|CHN|IND|MEX|USA
622,0.33549109188221776,0.3151272266423464,0.2125468193640449,0.13683486211139093,294.59410187802814,249.79196539821592,378.5042225345579,BRA|CHN|IND|MEX|USA
623,0.3643997295719776,0.1922686869555727,0.28536266117332626,0.1579689222991234,297.0487687078076,225.91153202754992,379.1021682952625,BRA|CHN|IND|MEX|USA
624,0.31122686998010907,0.3321119100452838,0.2320289804884545,0.12463223948615278,300.1775970999293,258.7137153957221,374.66112552989847,BRA|CHN|IND|MEX|USA
625,0.1618758299596226,0.3642539787013503,0.25341441290554967,0.2204557784334775,306.1452073263172,266.1599593639408,360.8649841527752,BRA|CHN|IND|MEX|USA
626,0.2302547381452947,0.22557535787734126,0.3004083526561436,0.24376155132122043,285.72829403281344,226.16771293789463,367.18391815224544,BRA|CHN|IND|RUS|USA
627,0.22097489669467363,0.39812039993935466,0.21815888848442322,0.16274581488154846,296.4578659527367,253.1664186312526,366.85156246620875,BRA|CHN|IND|MEX|USA
628,0.21984076920543474,0.2907989820307928,0.35911637535307533,0.13024387341069718,290.6878521141348,233.81783979818871,361.4507255243428,BRA|CHN|IND|RUS|USA
629,0.22722964907065743,0.367556833196315,0.2846393010662201,0.12057421666680734,279.24416356724737,260.3998517862382,363.24597173572306,BRA|CHN|IND|MEX|USA
630,0.3258730424589089,0.21667798529914123,0.323783828841746,0.1336651434002038,326.9710301689323,238.8881206830169,373.74866531746864,BRA|CHN|IND|RUS|USA
631,0.3383255346364528,0.23898614005939273,0.26749470474792625,0.1551936205562281,296.45248808547035,242.68608002867188,377.00349547140337,BRA|CHN|IND|MEX|USA
632,0.2973551847474534,0.3352859738992099,0.19938405887387148,0.16797478247946523,318.81988926199676,271.3301064902464,376.01185203474506,BRA|CHN|IND|MEX|USA
633,0.27795609313186664,0.27984949956818195,0.27246508967614275,0.16972931762380855,286.37414276852684,251.28997638278645,370.8011500896479,BRA|CHN|IND|MEX|USA
634,0.3682574126138555,0.24674382474582437,0.27908436295489086,0.10591439968542929,271.3117758229245,228.16296443159,378.09759988674983,BRA|CHN|IND|MEX|USA
635,0.2832108833929379,0.36052922357811884,0.24627369631682808,0.10998619671211515,299.5523805701554,245.7090270160083,370.56612107909643,BRA|CHN|IND|MEX|USA
636,0.27562823204751463,0.3008004666695997,0.29925319557937446,0.12431810570351118,291.3602403532131,235.0067874998631,367.90624974045454,BRA|CHN|IND|MEX|USA
637,0.31346571083291985,0.2813639851360952,0.2525894783065328,0.15258082572445217,315.6803976222977,254.89295940023825,374.91056967122125,BRA|CHN|IND|MEX|USA
638,0.3234672834099417,0.3133332059738126,0.1537371889074137,0.2094623217088321,312.7892266414953,234.4862254294267,382.14725568637095,BRA|CHN|IND|MEX|USA
639,0.2583054168090652,0.29420478469338734,0.2289103730616972,0.21857942543585027,329.1857528219078,267.62330111680717,372.1892916644209,BRA|CHN|IND|MEX|USA
640,0.327971684925693,0.30215853143690896,0.1596861144009831,0.21018366923641488,277.4942748145506,244.76440046909218,382.39263035351786,BRA|CHN|IND|MEX|USA
641,0.3105843595598273,0.31432729832035317,0.2180838274611196,0.1570045146586999,276.5565807205582,233.36402712659748,376.25353610694583,BRA|CHN|IND|MEX|USA
642,0.3684804901137326,0.1802098318586902,0.37703507711843454,0.07427460090914273,275.06995487114244,258.00096196336136,376.85524412277937,BRA|CHN|IND|RUS|USA
643,0.21985907239391098,0.3784564568366501,0.21320536287853847,0.18847910789090033,273.3481172569457,274.08353871240195,367.78480068777634,BRA|CHN|IND|MEX|USA
644,0.28160984948891454,0.2188213768271798,0.3050793767213829,0.19448939696252265,293.4650563632669,258.530165816369,371.05561464942184,BRA|CHN|IND|RUS|USA
645,0.30339283111188425,0.25153392973645866,0.328971199872751,0.1161020392789062,289.21648783048266,244.02741621965276,370.30263626017086,BRA|CHN|IND|RUS|USA
646,0.2892854977974221,0.34170534670537744,0.193944117044699,0.17506503845250143,297.61217404008613,254.4129504109929,375.61670855209513,BRA|CHN|IND|MEX|USA
647,0.36129536694588954,0.2771364979247882,0.21716094185020285,0.1444071932791193,279.84130934480476,274.82111858320496,381.3089134964083,BRA|CHN|IND|MEX|USA
648,0.21878894446081668,0.4215310845634922,0.2421857750556357,0.11749419592005554,326.79202258015954,247.94668536570484,364.09765550893803,BRA|CHN|IND|MEX|USA
649,0.26074611589233654,0.2424568320426134,0.3497817328355303,0.14701531922951963,320.09428667488373,235.29535040376825,366.9990309396083,BRA|CHN|IND|RUS|USA
650,0.18292201943363964,0.2995908972480875,0.27969715968741693,0.23778992363085596,312.7236231605906,249.0732463099498,362.53129734160166,BRA|CHN|IND|MEX|USA
651,0.25911834346910145,0.32731630494625485,0.27452629492483555,0.13903905665980815,278.64373435781545,249.3998108442009,367.69881854114146,BRA|CHN|IND|MEX|USA
652,0.39778716941295394,0.3613523896640168,0.16388102467311444,0.07697941624991482,284.98685797560864,262.2973297045387,385.34890631131174,BRA|CHN|IND|MEX|USA
653,0.37246981650323063,0.2775726954661044,0.16887432098318184,0.18108316704748306,301.3769759005833,249.7881507471669,385.8054531930494,BRA|CHN|IND|MEX|USA
654,0.39951070819078843,0.28460044861950673,0.13854395962352828,0.17734488356617653,286.79495482625515,225.0138808060981,389.90148874182967,BRA|CHN|IND|MEX|USA
655,0.23458656881481868,0.33124520463017426,0.2385363328294414,0.19563189372556578,299.8671799884309,252.2404648505907,368.48596298823105,BRA|CHN|IND|MEX|USA
656,0.2744208208018652,0.32202543876968737,0.2277789328203006,0.17577480760814665,281.03176692875576,257.3513026555617,372.5716186498506,BRA|CHN|IND|MEX|USA
657,0.20504325114221264,0.4002008534744356,0.26958551849799545,0.1251703768853564,309.89815299352074,241.5199528593946,361.6797561505987,BRA|CHN|IND|MEX|USA
658,0.2421395080019425,0.31676458982542116,0.26381101827714143,0.1772848838954949,322.5095483473567,256.1985686769514,367.59353811504695,BRA|CHN|IND|MEX|USA
659,0.39249534031512395,0.20331368868755703,0.2930075277646061,0.11118344323271291,278.8112406854743,257.43666985264167,380.25321981736255,BRA|CHN|IND|MEX|USA
660,0.27659985843450885,0.29938863759748724,0.27951396519597904,0.14449753877202495,279.92398908262095,233.08767887902084,369.5282411814283,BRA|CHN|IND|MEX|USA
661,0.2887660982899002,0.3411405555735048,0.23209809365568454,0.13799525248091032,287.73198328601484,269.0641487135222,372.68977030159607,BRA|CHN|IND|MEX|USA
662,0.3567334067553985,0.24683164299000462,0.2568707237211918,0.13956422653340506,317.58896054164234,265.95388492476934,378.92878398263866,BRA|CHN|IND|MEX|USA
663,0.34560817228223484,0.20969903349465044,0.26242639294311426,0.1822664012800005,308.7793827552461,274.3492881586349,378.88363268749254,BRA|CHN|IND|MEX|USA
664,0.2436870024512855,0.26967063837164024,0.2398493386120062,0.24679302056506816,302.58779755833666,262.0701239031922,371.06450786554296,BRA|CHN|IND|MEX|USA
665,0.2394328718947475,0.3374989480625348,0.29507761778546143,0.12799056225725633,282.0957264944859,273.3255871495843,364.3362917459082,BRA|CHN|IND|MEX|USA
666,0.24009540885191316,0.4096667474367498,0.25578303157603643,0.09445481213530067,286.82975635307423,267.9305820030159,365.0340729070938,BRA|CHN|IND|MEX|USA
667,0.25397050072563776,0.3745419732689968,0.2226514032891739,0.14883612271619137,292.26890708499764,248.6378112135991,369.7327516041672,BRA|CHN|IND|MEX|USA
668,0.2970693106089565,0.3445844037734569,0.22932301907055747,0.12902326654702917,307.0589739712629,239.83746410050165,373.4076323228588,BRA|CHN|IND|MEX|USA
669,0.23631167146039064,0.3298169167117319,0.19771867511121402,0.2361527367166633,327.52927561760305,234.48094806848567,371.770379160198,BRA|CHN|IND|MEX|USA
670,0.24590322326742026,0.384223802240118,0.22685018065267817,0.1430227938397836,279.7994689445183,257.9365251861679,368.4974876784098,BRA|CHN|IND|MEX|USA
671,0.2486539747067865,0.3956486694363281,0.24853037589377175,0.10716697996311368,312.3648117777482,271.6468056314902,366.6794765167602,BRA|CHN|IND|MEX|USA
672,0.31402591002489144,0.2614110011610728,0.3032621460010534,0.12130094281298245,292.1238068120124,261.56835572382573,371.74035592525576,BRA|CHN|IND|MEX|USA
673,0.3592934273946558,0.28699381317856176,0.2591020133677794,0.09461074605900306,320.67530243454576,239.6024556725564,377.644400060354,BRA|CHN|IND|MEX|USA
674,0.24618036877926794,0.34341938234916924,0.20447389809003064,0.20592635078153212,315.0586640310823,229.045970313612,371.5486985626367,BRA|CHN|IND|MEX|USA
675,0.32374325846839214,0.30454662285142636,0.2444547041395499,0.1272554145406316,326.4014561986922,273.3439770530877,375.5423690761826,BRA|CHN|IND|MEX|USA
676,0.21377285472440388,0.3313272757923174,0.24948832576393926,0.20541154371933948,310.7181608906886,233.17953557625938,366.0989141126789,BRA|CHN|IND|MEX|USA
677,0.16314490665732667,0.4194116478100907,0.1952714245287867,0.22217202100379574,294.0307939706084,266.1646475481678,363.5965638944521,BRA|CHN|IND|MEX|USA
678,0.3422089049680269,0.2378292906737217,0.27389286572255944,0.14606893863569198,329.26108128210694,243.48802845881045,376.84287218586917,BRA|CHN|IND|MEX|USA
679,0.2875808637502621,0.27598287425513335,0.27552052430859486,0.16091573768600964,320.08509903310573,252.9987046808369,371.41080821996877,BRA|CHN|IND|MEX|USA
680,0.3866732367093097,0.3260281744333228,0.1823917873721151,0.10490680148525247,288.0294974764312,247.71976233076143,384.2589010621326,BRA|CHN|IND|MEX|USA
681,0.391695973691399,0.29776524360680595,0.16897461313088097,0.141564169570914,323.64573247245784,239.9716278675306,386.5734829399922,BRA|CHN|IND|MEX|USA
682,0.20958027618926134,0.3477251393320994,0.2897671062387321,0.15292747823990716,297.04791624808513,240.12250134773436,362.185361188389,BRA|CHN|IND|MEX|USA
683,0.38001235518785914,0.30411462939286754,0.2596888023427929,0.056184213076480555,286.0994445025566,231.11367404469067,378.58635285140133,BRA|CHN|IND|MEX|USA
684,0.2772487302129461,0.2999342900589622,0.2974445946389709,0.12537238508912066,317.3582459993133,228.0569829048719,368.1928593260293,BRA|CHN|IND|MEX|USA
685,0.3543532146126146,0.22365966674073226,0.2701277425788648,0.1518593760677884,295.222488149901,272.3681214956736,378.49455535413233,BRA|CHN|IND|MEX|USA
686,0.28035926494157803,0.2587296052424085,0.3360217547382784,0.12488937507773515,270.0992731627913,272.3887700661091,368.07552628863334,BRA|CHN|IND|RUS|USA
687,0.4635637109895818,0.23124982291920476,0.18390622847956306,0.12128023761165031,277.94433517442445,266.7007109833999,392.94953196647145,BRA|CHN|IND|MEX|USA
688,0.2812041583778109,0.33307978440473407,0.20146053694229557,0.1842555202751594,293.0160862719582,241.7586633503011,374.72254690951416,BRA|CHN|IND|MEX|USA
689,0.35270998507539447,0.28142781431073316,0.17565945649915615,0.19020274411471624,282.5805382019048,234.00753676823172,383.69172147923507,BRA|CHN|IND|MEX|USA
690,0.3371848914146938,0.24067485740424496,0.26374653621160826,0.15839371496945293,322.9251714579871,246.02758177696055,377.14921425736463,BRA|CHN|IND|MEX|USA
691,0.32430442764604545,0.2621388955534742,0.2862287733931305,0.12732790340734984,321.99295603250226,249.847565188202,373.77978959656036,BRA|CHN|IND|MEX|USA
692,0.24284397474440617,0.3178886651057659,0.29273954100725735,0.1465278191425706,279.7946035525425,268.64723935610704,365.4056698968743,BRA|CHN|IND|MEX|USA
693,0.3258727159399902,0.17889871466052054,0.32883890198413057,0.16638966741535857,286.20058389374327,245.14784110675157,375.387762153212,BRA|CHN|IND|RUS|USA
694,0.29885648760256156,0.2944621373682271,0.23441521986156733,0.17226615516764404,315.0494647429207,272.6391581458659,374.78150054599246,BRA|CHN|IND|MEX|USA
695,0.2686166195021266,0.3074036887734366,0.2773097313326187,0.14666996039181796,291.54387898090823,244.0260892181809,368.8411851656051,BRA|CHN|IND|MEX|USA
696,0.24881300191435018,0.3064208410784851,0.32358312741340395,0.12118302959376084,283.72873935547767,241.85103796479316,363.9275879642797,BRA|CHN|IND|RUS|USA
697,0.3105597143084327,0.29692409821158067,0.27833066342177615,0.11418552405821035,295.22297095508645,266.1976784563888,372.2275432397499,BRA|CHN|IND|MEX|USA
698,0.3979625084074555,0.33355119016089546,0.13643098589456595,0.13205531553708333,305.8682289551847,243.88198442237308,388.3565252965277,BRA|CHN|IND|MEX|USA
699,0.32842236678460435,0.2337177364113913,0.2746614171645677,0.16319847963943687,271.1375295653921,231.65628145192497,375.8912094737401,BRA|CHN|IND|MEX|USA
700,0.3489643595290654,0.26450783207424894,0.1652958595308463,0.2212319488658393,322.40645294244024,231.05963643390368,384.75209308720076,BRA|CHN|IND|MEX|USA
701,0.3266229058448565,0.3015295896896604,0.21667625727863968,0.15517124718684336,319.43780597487347,257.0816733851405,377.9710518393203,BRA|CHN|IND|MEX|USA
702,0.20619204542778882,0.3918129009994324,0.2636683684208521,0.13832668515192667,323.5508027985093,235.77038170896842,362.48864734052887,BRA|CHN|IND|MEX|USA
703,0.3081935309419014,0.27977885635299177,0.25035144073342014,0.1616761719716867,298.92564485710415,254.19777099888745,374.7399418109819,BRA|CHN|IND|MEX|USA
704,0.2394205116288182,0.2922357761200026,0.2979020305438315,0.17044168170734766,282.3912236017894,261.82841486210486,365.5910123059604,BRA|CHN|IND|MEX|USA
705,0.29535759103542664,0.3597477622011197,0.157798971289904,0.18709567547354955,285.7113562631381,258.0228737410918,378.2362064384868,BRA|CHN|IND|MEX|USA
706,0.305475579852166,0.27254697454199917,0.2803645529025459,0.14161289270328878,306.2196286265829,241.4868669004375,372.48609600749637,BRA|CHN|IND|MEX|USA
707,0.3002883026542419,0.24511404128626313,0.27157962780453837,0.18301802825495644,285.7132457287898,234.25459762454466,373.66045337981836,BRA|CHN|IND|MEX|USA
708,0.35043161803507067,0.32587717295183344,0.19374936147073785,0.12994184754235824,315.19733799576846,247.8951465698153,380.6995747666207,BRA|CHN|IND|MEX|USA
709,0.3557733954220111,0.28126606629165213,0.21332561535938782,0.14963492292694902,318.6060951666368,239.10889003076986,381.0556695068749,BRA|CHN|IND|MEX|USA
710,0.19383374163831715,0.45383002376722226,0.19207284930270985,0.1602633852917508,273.20283769828507,248.92692789885834,365.0072958875748,BRA|CHN|IND|MEX|USA
711,0.31244841812021,0.3446642708858024,0.21248927573933674,0.13039803525465082,326.49308386791324,256.0933527922675,375.8327686833253,BRA|CHN|IND|MEX|USA
712,0.2572438787397904,0.329766975802036,0.2833248174940366,0.12966432796413693,319.4272368706932,252.3163787149678,366.80930841243844,BRA|CHN|IND|MEX|USA
713,0.30661867812135307,0.36942577395987797,0.20425894318517257,0.11969660473359646,280.44291443362204,242.95627924722632,375.2209945385419,BRA|CHN|IND|MEX|USA
714,0.3017666943469934,0.2308711010302149,0.34471305360483867,0.12264915101795293,322.736567209586,244.4889769284072,370.6676360014368,BRA|CHN|IND|RUS|USA
715,0.3046509406820727,0.3780155633349587,0.201837700168091,0.11549579581487758,282.0407655361682,250.9353997457935,374.9797835961352,BRA|CHN|IND|MEX|USA
716,0.2809047948801935,0.1987763128756176,0.3626031823181089,0.15771570992607994,303.4810289929079,227.41035556387462,370.1233837092336,BRA|CHN|IND|RUS|USA
717,0.3403112772755986,0.20514165544007876,0.33064830968577674,0.12389875759854602,299.43650058786864,255.29241444681577,375.1192333027832,BRA|CHN|IND|RUS|USA
718,0.4020147392247262,0.22375664480919766,0.17519517414967878,0.19903344181639746,316.5306791763268,228.8973457904605,389.27293591003,BRA|CHN|IND|MEX|USA
719,0.3269073621824737,0.2577528187656491,0.27057094192337483,0.14476887712850245,308.1055718726998,234.1294816799116,375.30899018753246,BRA|CHN|IND|MEX|USA
720,0.23122359830452602,0.3559848026792957,0.2725644065784287,0.14022719243774961,310.844619320559,268.54868390228756,364.8393172144305,BRA|CHN|IND|MEX|USA
721,0.24847402640910465,0.3336839571153306,0.2316495901432663,0.18619242633229843,325.6142352220862,238.1141067225084,369.9655886323934,BRA|CHN|IND|MEX|USA
722,0.38826395751552956,0.2716809689586578,0.21473801040667287,0.12531706311913976,288.6019230056879,260.352106650328,383.67918633574703,BRA|CHN|IND|MEX|USA
723,0.25446640778504476,0.267543916596206,0.2707013084037302,0.20728836721501895,273.0558500610844,232.94296761319399,369.58604779661,BRA|CHN|IND|MEX|USA
724,0.24577966210476232,0.29911042498426443,0.36014240760169325,0.09496750530927998,286.4355633200919,269.9660086133645,362.89014751558284,BRA|CHN|IND|RUS|USA
725,0.35126902509272034,0.29943618889584456,0.2470931113322256,0.10220167467920938,325.0210664315611,264.69566349135715,377.5573443614228,BRA|CHN|IND|MEX|USA
726,0.26515216720175055,0.3472851948510729,0.25838819676993474,0.12917444117724183,278.32932939589426,264.83904322206797,368.7287085531898,BRA|CHN|IND|MEX|USA
727,0.2844447234248811,0.2552236398171914,0.3269766185127193,0.13335501824520826,326.8308614747381,251.75920732501405,368.82569998605504,BRA|CHN|IND|RUS|USA
728,0.35963877529544996,0.24228843969083189,0.2438136243041921,0.15425916070952603,286.61975872954093,248.105400922935,380.28748683042716,BRA|CHN|IND|MEX|USA
729,0.34248677816119455,0.26714894063758654,0.3020344051119824,0.08832987608923659,328.56768217733946,230.41816235103747,373.7669843571972,BRA|CHN|IND|MEX|USA
730,0.3946531895790014,0.2497321261827548,0.235426079970387,0.12018860426785684,326.13332598889775,259.6447040873321,383.2921875193639,BRA|CHN|IND|MEX|USA
731,0.3423996977040314,0.3169738823276817,0.21695811614495028,0.12366830382333671,321.8281083157948,267.09404704877096,378.6226596239168,BRA|CHN|IND|MEX|USA
732,0.3044838464086309,0.3510884552935764,0.18508585019215026,0.15934184810564234,301.6406882767019,250.6907011763452,377.11849826565526,BRA|CHN|IND|MEX|USA
733,0.3785403742953179,0.23595520907525033,0.26267262143651693,0.12283179519291494,281.0120023277433,264.0048241994452,380.4642321731636,BRA|CHN|IND|MEX|USA
734,0.3072935144924664,0.26896581603372766,0.15107672854453272,0.27266394092927315,309.42564158364974,248.71466937926286,382.5871323304716,BRA|CHN|IND|MEX|USA
735,0.26404420343058266,0.35623012820520344,0.2056453865322079,0.174080281832006,300.2935742213884,254.3939639554963,372.3735365622417,BRA|CHN|IND|MEX|USA
736,0.25617617460831393,0.3193484338317365,0.35610799251085756,0.06836739904909193,293.3859691008669,263.6884694197636,362.8032705870967,BRA|CHN|IND|RUS|USA
737,0.33784568648576874,0.21659182113783979,0.2255679536627283,0.219994538713663,291.4844006232797,225.0450584866589,380.88947789638917,BRA|CHN|IND|MEX|USA
738,0.2309605043687623,0.3863805979972163,0.3138635211394702,0.06879537649455118,279.1489847522218,241.918393369309,360.68581548261625,BRA|CHN|IND|MEX|USA
739,0.32245816414051076,0.1929201067071666,0.3397115293015212,0.14491019985080147,291.81253174403093,249.20270708334917,374.12640093549396,BRA|CHN|IND|RUS|USA
740,0.3420532668384094,0.2748794987654624,0.24656998463206653,0.13649724976406175,286.2130565669489,258.46702930208994,377.70883621036944,BRA|CHN|IND|MEX|USA
741,0.22973349042614133,0.3110134940343533,0.36339459848585054,0.09585841705365472,316.9918100801033,247.26474725034237,361.06325263593095,BRA|CHN|IND|RUS|USA
742,0.3718376829241328,0.28571114425396754,0.18166593934990502,0.16078523347199472,316.94054509876827,250.78778286953195,384.5194422891944,BRA|CHN|IND|MEX|USA
743,0.2545760070078075,0.34221733062647824,0.25396043367665005,0.14924622868906431,290.3983265035745,225.61046459966607,368.4430660485227,BRA|CHN|IND|MEX|USA
744,0.2765822439854945,0.3619483459901982,0.27145299784742266,0.09001641217688452,300.8405475784857,267.6620298778033,368.10817085705787,BRA|CHN|IND|MEX|USA
745,0.2711794095076515,0.37034682499830435,0.2698547093751738,0.08861905611887047,322.60966419911955,236.55573779798172,367.5546629283391,BRA|CHN|IND|MEX|USA
746,0.3915907861409481,0.3388195353808376,0.2004941297760805,0.06909554870213366,317.4853094289795,241.09271567326158,382.8304175358285,BRA|CHN|IND|MEX|USA
747,0.29983947869328115,0.238090674561207,0.2632530482588865,0.19881679848662545,308.0895866077335,262.7454355332904,374.4895772925425,BRA|CHN|IND|MEX|USA
748,0.280361412827713,0.33291871807549495,0.20222681774061618,0.18449305135617589,274.72861879148684,274.11675821998574,374.60664331510606,BRA|CHN|IND|MEX|USA
749,0.253559328616995,0.30677795962854176,0.36680256021560104,0.07286015153886224,273.59131044450714,241.32930944679256,362.87240057808856,BRA|CHN|IND|RUS|USA
750,0.38638740737447735,0.2422270312578145,0.2420666624411893,0.12931889892651896,291.1463141594236,256.20487295432616,382.41460307245273,BRA|CHN|IND|MEX|USA
751,0.33511668057597416,0.21208714242151996,0.37718721698017954,0.07560896002232623,303.0241605332751,229.23689652004046,372.92804033335096,BRA|CHN|IND|RUS|USA
752,0.2957831320186784,0.2996177615208357,0.2752843986863488,0.129314707774137,305.9325168726616,244.098076913163,371.27163355300524,BRA|CHN|IND|MEX|USA
753,0.22406468508120525,0.2944545551528667,0.23228214306632022,0.2491986166996078,299.53558118886616,238.98354816590052,369.3743202827199,BRA|CHN|IND|MEX|USA
754,0.2646190407770465,0.3626465557293389,0.2616606915318561,0.11107371196175846,299.14285181632806,273.1916895770896,367.940542275197,BRA|CHN|IND|MEX|USA
755,0.21539786464121877,0.22451870401031163,0.2634349608332228,0.29664847051524695,302.39495990987587,252.17873799865552,368.6281629841914,BRA|CHN|IND|MEX|USA
756,0.25711228870216596,0.32544301396406955,0.2910772086929845,0.12636748864077993,317.70902838283706,247.54866630112727,366.34942861591645,BRA|CHN|IND|MEX|USA
757,0.2055570296517787,0.3464001127009247,0.3467728886304748,0.10126996901682186,274.488600755868,230.53233419886598,358.16613768022796,BRA|CHN|IND|RUS|USA
758,0.31063354774148993,0.3347373278869813,0.21609411548040197,0.13853500889112666,286.01033642149287,251.2855860725206,375.7455622664958,BRA|CHN|IND|MEX|USA
759,0.3168388635656461,0.3026417988349603,0.17538572159966423,0.20513361599972949,325.6614366907331,242.3654644593038,380.35182606741404,BRA|CHN|IND|MEX|USA
760,0.2248018853093226,0.3245798947995773,0.30421014921645345,0.1464080706746468,270.08048833362596,263.2911804206393,362.9707601321964,BRA|CHN|IND|MEX|USA
761,0.3031248894105855,0.3133725710764295,0.2821446038287879,0.10135793568419692,291.97830350034485,266.09439412440094,370.8488176160164,BRA|CHN|IND|MEX|USA
762,0.2377544015113586,0.3857072502900867,0.20418976184425103,0.17234858635430375,329.39689726258825,243.76591132818515,369.5687156403279,BRA|CHN|IND|MEX|USA
763,0.25888320205573173,0.3949009637157942,0.21415075233136674,0.13206508189710733,286.5367108408665,239.20439731346318,370.084644022935,BRA|CHN|IND|MEX|USA
764,0.28081454224125063,0.24008702115443245,0.27083027379130076,0.20826816281301602,288.7525528274434,261.1841110880006,372.43063276366684,BRA|CHN|IND|MEX|USA
765,0.34394405182886806,0.32067885064923424,0.2775218116818322,0.0578552858400654,325.3379302211907,269.04469112756703,374.0034741664074,BRA|CHN|IND|MEX|USA
766,0.29154603211878993,0.30344018907085063,0.2507941722210039,0.15421960658935546,309.4901538745196,226.09382391091066,372.69756942442126,BRA|CHN|IND|MEX|USA
767,0.3101477598763852,0.34439548068600995,0.28149528574671173,0.0639614736908931,292.4333316265263,239.27040326897514,370.41321708632523,BRA|CHN|IND|MEX|USA
768,0.26925984676978143,0.3462313872548893,0.259092933801807,0.12541583217352242,328.4202470165044,236.9591410885198,369.0151728284452,BRA|CHN|IND|MEX|USA
769,0.3582255322113665,0.3042710143531214,0.2565599982293834,0.08094345520612867,284.51901621005396,246.61495392317894,377.1971092946503,BRA|CHN|IND|MEX|USA
770,0.2188407224154742,0.31392672096662816,0.3438049235573227,0.12342763306057508,297.8034237470849,264.43442887068466,360.7653506504361,BRA|CHN|IND|RUS|USA
771,0.3786832409380683,0.2674169203278696,0.20114641641310396,0.15275342232095812,313.51652108519227,234.44838357297908,384.139667528461,BRA|CHN|IND|MEX|USA
772,0.2859542795073756,0.3366596850058354,0.26943744656830426,0.10794858891848486,312.80551560516653,267.6441316679608,369.78142028215825,BRA|CHN|IND|MEX|USA
773,0.2701316690121327,0.31010770879077815,0.2611650926694668,0.1585955295276223,292.1871870752452,238.6712284398297,370.09606408496296,BRA|CHN|IND|MEX|USA
774,0.20421248997760924,0.29361623744745485,0.31703253801100933,0.18513873456392657,301.38917876410534,266.744747701993,361.5345693286267,BRA|CHN|IND|RUS|USA
775,0.27446734600171063,0.24785576056831565,0.265998913871691,0.21167797955828277,325.1030156009857,253.55763243925688,372.07355782574905,BRA|CHN|IND|MEX|USA
776,0.3021803787188876,0.2419928395352854,0.2653939342824019,0.19043284746342515,271.92378289589936,268.17838295295655,374.3740156297978,BRA|CHN|IND|MEX|USA
777,0.1771453466340857,0.3708716985470168,0.3019779869429964,0.15000496787590087,326.05210477553146,228.08913664463466,358.0874779964307,BRA|CHN|IND|MEX|USA
778,0.24366517492669995,0.28283965050796317,0.3263668715958245,0.14712830296951235,324.1890246429719,270.9231314535338,364.591780688927,BRA|CHN|IND|RUS|USA
779,0.2557046205836834,0.2989399829039458,0.32374514771336516,0.12161024879900553,319.08244241087647,266.60609123144064,364.775329679127,BRA|CHN|IND|RUS|USA
780,0.31211475048044274,0.3412388699856581,0.2018860915310467,0.14476028800285254,296.10585806265226,247.71774098851142,376.72698830732395,BRA|CHN|IND|MEX|USA
781,0.3015079009710606,0.3177294270043993,0.2500344096492469,0.1307282623752932,290.65903627090034,237.7146245942503,373.0330106414651,BRA|CHN|IND|MEX|USA
782,0.2897935518628591,0.2139031289653052,0.17151393789486924,0.3247893812769665,324.1548101073626,234.4625022466083,381.5161786023003,BRA|CHN|IND|MEX|USA
783,0.23202448052380928,0.3243482804286921,0.29780216329365844,0.1458250757538403,298.4586709374344,244.89996342054997,364.00433759169715,BRA|CHN|IND|MEX|USA
784,0.23703263570792749,0.20560348841765508,0.3271597273191501,0.23020414855526714,272.80227138883083,263.721891956165,367.76976206462695,BRA|CHN|IND|RUS|USA
785,0.3156323589787985,0.4045112462358385,0.22398030448618278,0.055876090299180246,273.7411584045672,232.88674442760612,373.2497834860714,BRA|CHN|IND|MEX|USA
786,0.28209073062557244,0.2668342019375237,0.27721157449684597,0.17386349294005798,286.1260444141821,252.30856703968706,371.1704010017205,BRA|CHN|IND|MEX|USA
787,0.30548655660739993,0.27279256196264606,0.31119824294310844,0.11052263848684557,294.9178313139805,265.80807456507904,370.1299903606623,BRA|CHN|IND|MEX|USA
788,0.19923682341324467,0.3816380467087786,0.25317766173280953,0.16594746814516717,279.2657677527067,227.45423200325573,363.10049577474643,BRA|CHN|IND|MEX|USA
789,0.3122095776582281,0.321007999508212,0.22771995632801298,0.13906246650554677,279.39805774839255,226.40916026643018,375.4233930466163,BRA|CHN|IND|MEX|USA
790,0.3090576200854413,0.31160655101190166,0.20935218614355688,0.16998364275910025,305.7269721135268,251.20764932598277,376.89343125835336,BRA|CHN|IND|MEX|USA
791,0.2917018708783568,0.3258693477615602,0.29712166803123374,0.08530711332884937,322.1019411699822,225.31127417316537,368.4510717820944,BRA|CHN|IND|MEX|USA
792,0.3716783485008124,0.23401630951324354,0.27815886102560716,0.1161464809603369,287.22848680395055,239.75124060453794,378.8364462439332,BRA|CHN|IND|MEX|USA
793,0.3695655302949196,0.19649112430820456,0.2860393434241793,0.14790400197269662,312.84647472515655,250.17357837370758,379.29812129184694,BRA|CHN|IND|MEX|USA
794,0.30286723405667965,0.30308287578680526,0.2216632506450242,0.1723866395114909,292.30743427701606,272.5089790303957,375.7715216611516,BRA|CHN|IND|MEX|USA
795,0.14577899689375784,0.3034958588320827,0.3300578476085187,0.2206672966656408,324.56049864274354,235.72145503221984,356.43901410035363,BRA|CHN|IND|RUS|USA
796,0.2459152847627143,0.22066759541146239,0.2904259639431423,0.24299115588268097,311.63149695389075,247.18266166582836,368.96980639852245,BRA|CHN|IND|MEX|USA
797,0.2463227382981357,0.26876405846368573,0.3281425112535562,0.15677069198462235,302.0518606738815,263.9906659335364,365.3973320914416,BRA|CHN|IND|RUS|USA
798,0.29705450127896593,0.2835347066693059,0.2123325706265215,0.20707822142520663,311.6745620694377,236.33197042281554,376.68466392074595,BRA|CHN|IND|MEX|USA
799,0.33692157989226534,0.3885932963218893,0.17404322703317524,0.10044189675267011,296.12389138102185,254.84819650389346,379.15674937813594,BRA|CHN|IND|MEX|USA
800,0.3606892692573646,0.22940257777777096,0.2620564755471357,0.14785167741772867,322.87314373613555,252.13259254865167,379.39468079296955,BRA|CHN|IND|MEX|USA
801,0.25928445286484936,0.35199899345279745,0.27308806683391873,0.11562848684843449,328.2886954231291,270.432525412426,367.01870122543505,BRA|CHN|IND|MEX|USA
802,0.27923924320635124,0.31367750401089395,0.34979853775635394,0.05728471502640069,289.35608196266224,245.14377785251844,364.93617332534575,BRA|CHN|IND|RUS|USA
803,0.2981466301165943,0.21329293155575454,0.3515098072382861,0.13705063108936488,324.73332927814266,225.7558502456948,371.0276306538434,BRA|CHN|IND|RUS|USA
804,0.2745024061800756,0.3422787616639111,0.18225866737563107,0.20096016478038226,325.68082342655725,265.7468123755256,375.38735285158043,BRA|CHN|IND|MEX|USA
805,0.3846544774544502,0.18685968319124366,0.18972495284839133,0.2387608865059148,279.81725861225084,226.4241809982875,388.0721326786442,BRA|CHN|IND|MEX|USA
806,0.3226026442402306,0.3038366607544259,0.2594112943775643,0.11414940062777916,290.32052317437893,235.3312542740357,374.3410859587357,BRA|CHN|IND|MEX|USA
807,0.26426618419490117,0.23138855224476734,0.31772350900405577,0.1866217545562757,282.78584642351836,229.15604503242375,368.8037220958635,BRA|CHN|IND|RUS|USA
808,0.3706155917909091,0.2061227977962126,0.3464885918933241,0.07677301851955409,301.90884695632786,234.25069219784896,376.74940961401535,BRA|CHN|IND|RUS|USA
809,0.2731863478905314,0.3022984479160084,0.3005823206220467,0.1239328835714134,318.60310248936236,229.9712629662401,367.5744663010215,BRA|CHN|IND|MEX|USA
810,0.32174848795531497,0.22847135507540445,0.28575758231240445,0.16402257465687609,322.89973892016917,228.89644284256897,374.71935101371105,BRA|CHN|IND|MEX|USA
811,0.3166770608085667,0.32919003267570246,0.23764315900807248,0.11648974750765842,293.42253769668133,274.0798777373479,374.73426561124165,BRA|CHN|IND|MEX|USA
812,0.3315544853476979,0.384577367382769,0.17332338515387097,0.11054476211566223,326.9959331290851,244.5635724594986,378.94238308463883,BRA|CHN|IND|MEX|USA
813,0.30384195839009437,0.270714911773626,0.3092200855533985,0.11622304428288116,319.21472937590863,235.6701469042646,370.22572362480486,BRA|CHN|IND|MEX|USA
814,0.31650312074571807,0.4138325155165344,0.15934200030278023,0.11032236343496735,282.091538283993,228.90882586239147,377.9359543074314,BRA|CHN|IND|MEX|USA
815,0.308643127187399,0.32902062716407676,0.2604179240959886,0.10191832155253562,322.881011617101,227.92722915002915,372.4064583827544,BRA|CHN|IND|MEX|USA
816,0.3232430946113621,0.3154624624283315,0.18584305057930514,0.1754513923810012,296.353590291249,234.1754101730778,379.615512286686,BRA|CHN|IND|MEX|USA
817,0.2596249131034801,0.3555416291153363,0.1789532234833102,0.20588023429787336,295.2480200056076,253.9478635456859,374.1002307790542,BRA|CHN|IND|MEX|USA
818,0.3465810628109948,0.24504138555284694,0.2560102217476544,0.1523673298885038,293.6948833053628,242.44617709951945,378.2964419486153,BRA|CHN|IND|MEX|USA
819,0.15782172552306845,0.3448919719242708,0.22840579164688693,0.26888051090577386,320.8901969153626,249.56904253465535,363.0974084670006,BRA|CHN|IND|MEX|USA
820,0.44383327944532003,0.27647492775929117,0.17360385361643488,0.10608793917895383,275.39348737320455,243.53002356210507,390.79543385736815,BRA|CHN|IND|MEX|USA
821,0.2717054829418795,0.3328231541237721,0.19232525758529165,0.20314610534905672,285.5852144884269,245.66069259891898,374.71943180270887,BRA|CHN|IND|MEX|USA
822,0.2927283583685015,0.3157153764764317,0.2487102039080525,0.14284606124701438,294.568088382382,245.87201138295606,372.5455019502191,BRA|CHN|IND|MEX|USA
823,0.3000975554243296,0.2722737418205655,0.29472936267430755,0.13289934008079743,314.7458600984601,237.7760606455461,371.000133808733,BRA|CHN|IND|MEX|USA
824,0.29455980029253814,0.24476815942789076,0.30000785311513817,0.16066418716443293,286.58361862658967,235.10892476048656,371.0793851953048,BRA|CHN|IND|MEX|USA
825,0.24567672433569987,0.3350513749060344,0.272386594477144,0.14688530628112179,318.4032169443582,253.41588338737782,366.60944538096925,BRA|CHN|IND|MEX|USA
826,0.46402167032468583,0.2804017126671964,0.14839587857577638,0.1071807384323415,301.04820642240645,269.13120371869934,394.0916829740448,BRA|CHN|IND|MEX|USA
827,0.41975790531804286,0.2087275387393588,0.23351713189138384,0.1379974240512145,317.06507434086177,240.0539194215786,386.6396490375464,BRA|CHN|IND|MEX|USA
828,0.2373896174861767,0.32154942586528623,0.3198154937906471,0.12124546285788995,298.6844427506926,268.9145713633656,362.8178413306349,BRA|CHN|IND|MEX|USA
829,0.23282903150156026,0.31339068368472034,0.2792591620811054,0.1745211227326141,303.8233862392851,244.39653408003824,365.8329422455535,BRA|CHN|IND|MEX|USA
830,0.2684521934099871,0.35533783260531765,0.23984299064243292,0.13636698334226233,326.97105445211577,262.4224523620421,370.125595668176,BRA|CHN|IND|MEX|USA
831,0.33459862011966823,0.28820060220892557,0.20196828749775603,0.17523249017365009,302.5091049192037,250.90445848320513,380.11861102156377,BRA|CHN|IND|MEX|USA
832,0.3390352021008863,0.44044325239346704,0.11549684410969867,0.10502470139594784,327.9985563855646,265.03656638481,382.0894382368085,BRA|CHN|IND|MEX|USA
833,0.3144955974634562,0.29855468095854554,0.26606672724996544,0.12088299432803289,307.24626248809955,262.4839275045792,373.401952410808,BRA|CHN|IND|MEX|USA
834,0.3569181256363375,0.30207072666592993,0.2689052237833834,0.07210592391434935,317.5066392488883,269.3949218703591,376.23076875306333,BRA|CHN|IND|MEX|USA
835,0.2638065092622815,0.3162394919706758,0.31394706553247004,0.10600693323457261,297.8224047909611,254.7934382507348,365.4047783355862,BRA|CHN|IND|MEX|USA
836,0.31697539880726033,0.30549608094339753,0.28209029526858315,0.09543822498075889,320.6348781488387,229.405708061082,372.14037912135524,BRA|CHN|IND|MEX|USA
837,0.2674766859709727,0.3662044836184047,0.15882868019599816,0.20749015021462452,329.13518520589497,257.252335687008,375.8715951548611,BRA|CHN|IND|MEX|USA
838,0.3268204441397165,0.2634719097538564,0.2553502539464799,0.15435739215994718,314.1145195621724,261.2295406222279,376.27620570444816,BRA|CHN|IND|MEX|USA
839,0.25654918461984094,0.2479804941021889,0.3533167310790705,0.14215359019889953,288.0168245783691,270.65094021060906,366.32060934594944,BRA|CHN|IND|RUS|USA
840,0.3496201803789883,0.2706318731724218,0.23229204198838826,0.14745590446020168,287.0260138798254,241.72027124180894,379.49809604825595,BRA|CHN|IND|MEX|USA
841,0.29873878293790823,0.26272369884321756,0.2562581660399483,0.1822793521789259,292.4864193702035,227.65273474881482,374.1400434877625,BRA|CHN|IND|MEX|USA
842,0.28668082820317486,0.3685111150983217,0.22127179002450692,0.1235362666739966,312.05406073058225,252.29112609611047,372.46983950480296,BRA|CHN|IND|MEX|USA
843,0.23192131630543167,0.3407490846428347,0.21794794796049424,0.20938165109123943,309.8899843193817,258.13577139535465,369.54709534120906,BRA|CHN|IND|MEX|USA
844,0.2549278592321753,0.33061030306305006,0.2775205177298099,0.13694131997496478,324.14071730727886,257.15977662782717,367.05160290975283,BRA|CHN|IND|MEX|USA
845,0.3211779353100284,0.2530581718933866,0.2923088004088024,0.13345509238778286,312.5675023767478,225.3886009720158,373.37884361042654,BRA|CHN|IND|MEX|USA
846,0.36309403541018664,0.3356596331341045,0.15474989411780385,0.1464964373379051,327.7417308654006,265.16981422913824,384.29571904928605,BRA|CHN|IND|MEX|USA
847,0.39720520905290896,0.29222970830772166,0.21898690463994386,0.09157817799942541,285.7362169165652,257.9229096810738,383.35365510714655,BRA|CHN|IND|MEX|USA
848,0.28293887341727925,0.2240175252609313,0.2725074432031884,0.22053615811860122,277.70690957849183,235.3954821355541,372.9832398544977,BRA|CHN|IND|MEX|USA
849,0.3548133168075184,0.1419491841642483,0.28682299117992693,0.21641450784830651,294.5355464387407,268.0804588444425,380.57485753412135,BRA|CHN|IND|RUS|USA
850,0.295999791482742,0.2636572033409029,0.2474619969375801,0.19288100823877516,290.83447881675323,228.62471535380269,374.57583171295056,BRA|CHN|IND|MEX|USA
851,0.24190355551928264,0.2181678131144741,0.3057742486822322,0.234154382684011,328.91509018520577,267.2980068943804,368.20464876774764,BRA|CHN|IND|RUS|USA
852,0.2415733257510069,0.29638909478692177,0.18536228672137003,0.27667529274070124,323.4052805029977,236.7667482660075,374.18977297944883,BRA|CHN|IND|MEX|USA
853,0.37543348219425987,0.33329388203340177,0.22582702454093917,0.06544561123139912,291.4688646426315,270.02454239310873,379.8768112695541,BRA|CHN|IND|MEX|USA
854,0.2165885818682789,0.3464703995658146,0.32586403520929147,0.11107698335661506,280.4896667653459,259.92248833133203,359.99815701305954,BRA|CHN|IND|MEX|USA
855,0.329712545967782,0.28697525961986103,0.1732893927766588,0.2100228016356983,281.5033954542959,244.42591939651032,381.97933852364895,BRA|CHN|IND|MEX|USA
856,0.2674567904875723,0.3789878685337106,0.2280876941094962,0.1254676468692208,271.2397917076663,267.8961268320583,370.1784984260589,BRA|CHN|IND|MEX|USA
857,0.3928356048315722,0.20432045590679435,0.30102781257750394,0.10181612668412947,286.57735081343236,250.7148359583124,379.8873486699824,BRA|CHN|IND|RUS|USA
858,0.2090297016598358,0.3480346078624902,0.2759761427963617,0.16695954768131235,312.59390943126954,230.0406225520243,363.1849125815726,BRA|CHN|IND|MEX|USA
859,0.23029717813136355,0.2648629176831841,0.22991063659204064,0.2749292675934119,298.43535350064263,262.68434001472474,370.9807008323843,BRA|CHN|IND|MEX|USA
860,0.22003907575180853,0.31659766810544726,0.33882760833334297,0.1245356478094013,311.99336173972017,260.64709933926764,360.88329873202645,BRA|CHN|IND|RUS|USA
861,0.35670548851101,0.29914342310677894,0.2158582248739054,0.1282928635083055,276.6912909876384,267.78423611745126,380.3512306763927,BRA|CHN|IND|MEX|USA
862,0.34388780054430695,0.2917787799379045,0.25287500272219,0.11145841679559852,302.4595223202898,258.7505327416543,376.81600043339836,BRA|CHN|IND|MEX|USA
863,0.385343778511499,0.2549106867069551,0.2311140071518708,0.12863152762967509,293.5568960533981,268.28360919475995,382.75911620943896,BRA|CHN|IND|MEX|USA
864,0.2960963599609636,0.28888355394935555,0.2775060959691305,0.13751399012055027,282.2167778157695,254.92186089914142,371.47451273925253,BRA|CHN|IND|MEX|USA
865,0.3651886168195703,0.2790608932621706,0.17661665916733343,0.1791338307509258,297.0155193732621,248.0420412469484,384.6250268104719,BRA|CHN|IND|MEX|USA
866,0.33243264954328383,0.24725517751910234,0.27848271991311424,0.14182945302449962,284.8834513499868,231.23022664911562,375.4588606210577,BRA|CHN|IND|MEX|USA
867,0.18491143713800204,0.3551219380232005,0.19462775042447072,0.2653388744143267,308.1493913551983,227.86074890301654,367.35567305617303,BRA|CHN|IND|MEX|USA
868,0.3035344681336629,0.32013964763509123,0.19405094972801,0.18227493450323584,276.3881311974642,254.81976050736753,377.37049360187996,BRA|CHN|IND|MEX|USA
869,0.29117909681489973,0.261357160993334,0.2905833339915384,0.15688040820022786,305.5373691709924,247.24571684340512,371.00653312556307,BRA|CHN|IND|MEX|USA
870,0.40815364103629104,0.3064085726500189,0.16454254279030903,0.12089524352338116,285.5738729950746,267.8095373613099,387.8559037021836,BRA|CHN|IND|MEX|USA
871,0.23398496549501505,0.2859954585786256,0.26391400368586865,0.2161055722404907,276.44763251729887,256.1533231468055,367.97823406175655,BRA|CHN|IND|MEX|USA
872,0.2575356620649562,0.28086998193064744,0.2410441443171449,0.22055021168725145,307.64161566015787,255.5249788402002,371.6409115638962,BRA|CHN|IND|MEX|USA
873,0.28687792608445406,0.30608614172142723,0.26820797360107435,0.1388279585930442,293.79207216732317,263.30898098384273,370.9373434844725,BRA|CHN|IND|MEX|USA
874,0.25223661005412723,0.3473727215009669,0.27513532259211576,0.12525534585279013,318.95372773018676,238.15823695139494,366.4881979773902,BRA|CHN|IND|MEX|USA
875,0.22466672521689168,0.26411042887465497,0.23815594665400555,0.27306689925444777,325.0346773751312,272.75601485859187,369.9577028056949,BRA|CHN|IND|MEX|USA
876,0.3409627245497533,0.2869924700170253,0.2586663008446163,0.11337850458860503,305.0904665896418,271.5524353563483,376.3125049069097,BRA|CHN|IND|MEX|USA
877,0.31632537840720953,0.29223004058681706,0.28410662775973106,0.10733795324624242,286.072262892181,258.0004471038615,372.36943862023963,BRA|CHN|IND|MEX|USA
878,0.30197164051475983,0.4193525610755819,0.16897519110218334,0.10970060730747498,308.29779473537474,261.1486342688969,375.9405216354627,BRA|CHN|IND|MEX|USA
879,0.21292217489262347,0.2909260671269719,0.23998924663277268,0.25616251134763196,274.37430931202033,264.6409730538699,368.07203206670835,BRA|CHN|IND|MEX|USA
880,0.3068574541492512,0.25089107860112714,0.3098886066425709,0.13236286060705083,322.2929962531081,253.025189712115,371.1921431150653,BRA|CHN|IND|RUS|USA
881,0.3406517279817601,0.24152160510367804,0.272319301533245,0.1455073653813169,322.90297038435597,233.58459635617328,376.726801006413,BRA|CHN|IND|MEX|USA
882,0.37432160197783104,0.2894985634083353,0.2199352622683155,0.11624457234551819,282.4956124507452,236.34701170037323,381.6659579953557,BRA|CHN|IND|MEX|USA
883,0.3176198436953152,0.28638347067919573,0.24113724413888107,0.15485944148660793,278.2063551503379,269.01922356458357,375.92927514158566,BRA|CHN|IND|MEX|USA
884,0.38958844087445804,0.19156331901353055,0.24158887459809478,0.17725936551391658,318.5289961158292,265.8340143953671,384.3356862463802,BRA|CHN|IND|MEX|USA
885,0.2746232880192736,0.29430643836529613,0.32710636915439184,0.10396390446103836,311.79941924282144,251.3162800211165,366.2514900165263,BRA|CHN|IND|RUS|USA
886,0.3101270855400724,0.2902679966939629,0.24828472672742144,0.15132019103854327,270.51902142670014,225.6741328012077,374.70054253025876,BRA|CHN|IND|MEX|USA
887,0.3319746027875658,0.21586260058516027,0.3501924748375933,0.10197032178968064,291.8550438874336,270.9344368274932,373.38375396793816,BRA|CHN|IND|RUS|USA
888,0.5013601374230794,0.27260222914581667,0.09890214336727166,0.1271354900638325,320.4916883602968,260.24391665760356,400.8962946619404,BRA|CHN|IND|MEX|USA
889,0.498394129356689,0.31853174587795213,0.13013953840762282,0.05293458635773601,288.88240325989204,259.55901360005635,396.8032509551316,BRA|CHN|IND|MEX|USA
890,0.291167315021214,0.3236552692996927,0.21153965119222987,0.17363776448686358,274.79604679148,269.9137218980594,375.0029354829061,BRA|CHN|IND|MEX|USA
891,0.33871311061017517,0.3125331666840962,0.1761290764377038,0.17262464626802493,270.93834657867893,240.31273261010224,381.60280882158594,BRA|CHN|IND|MEX|USA
892,0.2798112737174507,0.24639720002708682,0.3199550230821381,0.15383650317332442,329.6381502838031,247.19757316917128,369.1368333227274,BRA|CHN|IND|RUS|USA
893,0.24302662671735392,0.4082110280043933,0.2212042264871534,0.12755811879109927,312.70876203849616,270.7961409649738,367.93392043818614,BRA|CHN|IND|MEX|USA
894,0.30011275272669063,0.26795134935851256,0.2339945789096702,0.1979413190051265,328.7442892840716,259.92126667099865,375.76855945722275,BRA|CHN|IND|MEX|USA
895,0.33679499269453717,0.29168347079538576,0.2195671116618931,0.1519544248481839,327.9507660845969,246.22281206282193,378.8283089666689,BRA|CHN|IND|MEX|USA
896,0.23496732769780487,0.3340114793243483,0.2762555308042739,0.15476566217357282,288.78162353449545,229.31903379150125,365.55094201901903,BRA|CHN|IND|MEX|USA
897,0.29366921953597863,0.29952594631906304,0.26088406338928477,0.1459207707556735,302.0798792397785,262.5450945069609,372.21422151623835,BRA|CHN|IND|MEX|USA
898,0.2806278972157222,0.34364752647987495,0.2592720533555373,0.11645252294886548,308.3878329777074,243.1569308059015,369.93209503397276,BRA|CHN|IND|MEX|USA
899,0.23035250710880356,0.3678129093440816,0.31766878488386247,0.08416579866325244,311.90363671690426,253.69388195723496,360.9539967245568,BRA|CHN|IND|MEX|USA
900,0.2864396815139843,0.20213744476919032,0.26326992857721304,0.2481529451396124,285.10258468484085,270.494846019239,374.65866110408507,BRA|CHN|IND|MEX|USA
901,0.2917493845745959,0.25065564981073635,0.34757524509565907,0.11001972051900868,299.2959399851143,257.2601658417422,368.9118094728662,BRA|CHN|IND|RUS|USA
902,0.3132595011394554,0.2503029436123112,0.30662302667429514,0.1298145285739384,288.4290887905026,239.65858775930684,371.78819585466204,BRA|CHN|IND|MEX|USA
903,0.28712860723051414,0.3410591058304184,0.21081553303436368,0.1609967539047038,305.07258999485794,273.2136671180784,374.19179684556707,BRA|CHN|IND|MEX|USA
904,0.31372258341298526,0.3050842315606683,0.1965004073754309,0.18469277765091568,294.991509767167,242.45459790772165,378.4318443982978,BRA|CHN|IND|MEX|USA
905,0.17068947108325297,0.34524001598991794,0.31391741307242954,0.1701530998543995,313.0969478882736,226.15852986183592,357.53002607453567,BRA|CHN|IND|MEX|USA
906,0.36564409544832127,0.1857544397928808,0.3267315321666379,0.12186993259216011,284.76086499207844,259.5691350035202,377.9929275859663,BRA|CHN|IND|RUS|USA
907,0.3170414791564726,0.3054662814190963,0.29975956877667786,0.07773267064775309,328.0098287358259,260.74246875879794,370.80020481693816,BRA|CHN|IND|MEX|USA
908,0.32660116289744434,0.2618088755663044,0.2858642042696493,0.125725757266602,300.01606365950846,237.53500403241438,373.98933015250975,BRA|CHN|IND|MEX|USA
909,0.3482360209080301,0.26509957962722025,0.16152054563569346,0.22514385382905625,274.3579241586284,247.67860670909394,384.9662307304925,BRA|CHN|IND|MEX|USA
910,0.27267236938429035,0.26620583099613737,0.2584560350019529,0.20266576461761945,320.10396232006065,263.43480809692807,371.9182281533914,BRA|CHN|IND|MEX|USA
911,0.30010091034878805,0.3263713116769327,0.23599815020052545,0.13752962777375372,316.22000663225623,253.08226498194458,373.7167111937954,BRA|CHN|IND|MEX|USA
912,0.3142379143008814,0.3399925387954374,0.23326793718045963,0.11250160972322154,300.7332979702496,241.1590852820801,374.5349025468852,BRA|CHN|IND|MEX|USA
913,0.24185013351479331,0.2904812549798878,0.34164076615971434,0.1260278453456044,271.3860677997198,268.04794876781796,363.6091475500249,BRA|CHN|IND|RUS|USA
914,0.2665781653290253,0.33743908927659755,0.23137060891128608,0.16461213648309098,285.7777139614677,227.85072823847318,371.2130793426701,BRA|CHN|IND|MEX|USA
915,0.2861085664360996,0.25242909002677627,0.27741812062752585,0.18404422290959832,276.61795342847006,251.124671615861,371.9219721334624,BRA|CHN|IND|MEX|USA
916,0.3168726586487734,0.19200479886362998,0.30806777327813467,0.18305476920946204,317.0292824507825,233.29144306507453,374.7781270127724,BRA|CHN|IND|RUS|USA
917,0.34258985179056567,0.37581253847511453,0.21989970660671077,0.06169790312760895,301.79045560732214,248.38517636412547,376.5007899616349,BRA|CHN|IND|MEX|USA
918,0.31158283471044856,0.3109390134758876,0.23348399912972348,0.14399415268394036,312.6889646861965,226.31640190907783,375.26479463169915,BRA|CHN|IND|MEX|USA
919,0.27094410274952385,0.2134928274142914,0.3111528097447625,0.20441026009142232,329.0771148397465,250.23126274607938,370.34741783003625,BRA|CHN|IND|RUS|USA
920,0.2962824351256652,0.34143791148799146,0.2682274940067295,0.09405215937961381,310.2226765411681,274.41576987351215,370.48749203499216,BRA|CHN|IND|MEX|USA
921,0.346780588450696,0.24700354230991056,0.29100215690828396,0.11521371233110939,279.8074585221319,258.59163460533927,375.5818193180247,BRA|CHN|IND|MEX|USA
922,0.2804415107332372,0.31247831095930184,0.2629326018200796,0.1441475764873814,311.37360142293704,251.88852617997165,370.6521805430423,BRA|CHN|IND|MEX|USA
923,0.284691802941628,0.2905184256825106,0.2315249148498156,0.19326485652604594,290.013498704964,232.0876464744885,374.074957898555,BRA|CHN|IND|MEX|USA
924,0.2973138146764122,0.3887406473787348,0.17609781113854414,0.13784772680630883,300.88938023287966,273.50615482302646,376.0457546932377,BRA|CHN|IND|MEX|USA
925,0.3100698975796047,0.3072608227190155,0.26049208125653833,0.12217719844484157,295.5450892292673,255.0798651224939,373.2141397769486,BRA|CHN|IND|MEX|USA
926,0.25636071819444445,0.31749064996506265,0.2544459892768634,0.17170264256362938,310.19937695481264,234.79299618479845,369.3424707940172,BRA|CHN|IND|MEX|USA
927,0.24589040151944455,0.3597348132996779,0.24945741500785776,0.14491737017301964,307.92497434554974,269.9254897930696,367.57004940661636,BRA|CHN|IND|MEX|USA
928,0.3223311370773745,0.2501985984479823,0.27632540937735434,0.151144855097289,326.18496650390625,270.79268710403585,374.7752774741111,BRA|CHN|IND|MEX|USA
929,0.2099951743158518,0.3757436011599321,0.24016471925218522,0.17409650527203077,298.1118353047705,255.34863637379695,365.08457336658,BRA|CHN|IND|MEX|USA
930,0.22731056901546964,0.35709219669236275,0.23339523312354182,0.18220200116862567,291.15348964457957,227.0295663160716,367.49586886504886,BRA|CHN|IND|MEX|USA
931,0.2760969433772795,0.2920591101028848,0.3331468207929375,0.09869712572689807,320.0852324141583,253.5569741053587,366.271862615518,BRA|CHN|IND|RUS|USA
932,0.32386298041445793,0.2532560153557409,0.304249866883671,0.11863113734613033,313.4850740601515,238.17478209951008,372.6626936115823,BRA|CHN|IND|MEX|USA
933,0.20443908849969583,0.3825607583430365,0.26339128569311854,0.14960886746414914,309.6312526545843,242.27423994460932,362.67985334009836,BRA|CHN|IND|MEX|USA
934,0.22314094906399404,0.3488941218135756,0.3102878126627069,0.11767711645972356,275.7922201731394,256.1871400655475,361.5939828027655,BRA|CHN|IND|MEX|USA
935,0.30531085369251254,0.22969096245564632,0.3269200612466299,0.1380781226052112,313.68431010965776,227.5828160236066,371.5473003625241,BRA|CHN|IND|RUS|USA
936,0.2691840782828035,0.21631290523653654,0.3791789495767617,0.13532406690389834,280.33383823320275,229.4712712175623,367.9141163489003,BRA|CHN|IND|RUS|USA
937,0.28901286429959916,0.34960221530113067,0.26195350935537454,0.0994314110438958,297.50569816676574,246.9088880783802,370.15877259388276,BRA|CHN|IND|MEX|USA
938,0.3703270751011484,0.3836620228698362,0.16281976116875674,0.08319114086025868,324.60635110818953,245.876761157288,382.659792576519,BRA|CHN|IND|MEX|USA
939,0.4194504686379172,0.20675973227972538,0.2553701492078379,0.1184196498745196,317.1521763044766,269.6534772755404,385.01591074564965,BRA|CHN|IND|MEX|USA
940,0.37181890204038315,0.26703815266630676,0.2830436279349574,0.07809931735835282,291.2307875985767,241.21085699947602,377.4017559974936,BRA|CHN|IND|MEX|USA
941,0.2542828763688675,0.22058198126571638,0.2892607634109484,0.2358743789544677,286.4823993583827,261.12176906639945,369.68450940551014,BRA|CHN|IND|MEX|USA
942,0.31243355858032185,0.38891453496418477,0.15400727506987488,0.14464463138561856,313.86249353772416,243.45093393879293,378.8489884470489,BRA|CHN|IND|MEX|USA
943,0.1925166120204368,0.4593495284081717,0.1523198277185532,0.19581403185283833,316.41387700227216,262.49331260679634,367.7582789525586,BRA|CHN|IND|MEX|USA
944,0.33915530536925886,0.29853898572761867,0.20742095284469167,0.15488475605843066,284.9273418059606,244.18093135509434,379.70662720609846,BRA|CHN|IND|MEX|USA
945,0.3030254673731556,0.28462385626769504,0.2165627911502932,0.19578788520885618,291.5922352731261,270.0526780043082,376.7716821304827,BRA|CHN|IND|MEX|USA
946,0.2648569346877239,0.34182302827215666,0.26860105378433113,0.12471898325578812,315.661940106604,232.70395239305364,368.1061865238634,BRA|CHN|IND|MEX|USA
947,0.2508623277301129,0.42244980211600974,0.19003602937029163,0.13665184078358572,299.86064459463984,253.7051538199529,370.4292070300023,BRA|CHN|IND|MEX|USA
948,0.3150002757242256,0.30205016370954824,0.2090887298606592,0.1738608307055669,309.7080687580174,228.84144151281143,377.6665963890726,BRA|CHN|IND|MEX|USA
949,0.346942135357708,0.24577843650082817,0.20422200796510961,0.20305742017635425,292.6027569442983,256.3865259317434,382.2446621866153,BRA|CHN|IND|MEX|USA
950,0.37930973147224706,0.22452853330449896,0.2948013668424943,0.10136036838075956,303.85883595603804,271.54052673435814,378.4452315730396,BRA|CHN|IND|MEX|USA
951,0.21539436883405258,0.4023644527227067,0.19390248548983952,0.18833869295340103,298.6897790791794,226.47507031648425,368.1459365513558,BRA|CHN|IND|MEX|USA
952,0.35878498204492315,0.30010913384265037,0.26745009063190167,0.07365579348052484,300.87548829894615,232.43479182431,376.54439277704574,BRA|CHN|IND|MEX|USA
953,0.29249895721737385,0.3974706665271612,0.18231827350843252,0.12771210274703243,308.9548615247724,269.2289066940865,374.9296209382343,BRA|CHN|IND|MEX|USA
954,0.3165627723839218,0.43666867261229225,0.16300973323323875,0.08375882177054712,318.71438279364315,232.34074797662356,376.9189336215043,BRA|CHN|IND|MEX|USA
955,0.262231060818618,0.34273996891242564,0.30972765017600085,0.08530132009295524,308.1849108299126,234.48088809766682,364.7477684803886,BRA|CHN|IND|MEX|USA
956,0.27708206455958007,0.21221777018926818,0.36166759801429027,0.1490325672368614,295.7133025591892,273.20810836721495,369.23730755533506,BRA|CHN|IND|RUS|USA
957,0.2834635962717727,0.2927187158436095,0.2780969824982717,0.14572070538634616,299.35029030146393,256.8467521718881,370.36408389936537,BRA|CHN|IND|MEX|USA
958,0.3771438966164973,0.2822333217921621,0.18512064265241507,0.15550213893892562,309.2926692976621,250.37198554247152,384.76443633443637,BRA|CHN|IND|MEX|USA
959,0.24870231492679817,0.23959905547069205,0.2925621266765134,0.21913650292599643,321.79105715542005,265.7102305048769,368.3994583134062,BRA|CHN|IND|MEX|USA
960,0.3074883750097318,0.28940362436024486,0.28158889249085045,0.12151910813917285,309.6577163172054,243.91236910677637,371.99497249848974,BRA|CHN|IND|MEX|USA
961,0.426309729961418,0.17531336558349828,0.2777397520555632,0.12063715239952032,305.79491598541597,266.26391278788,384.8444332329739,BRA|CHN|IND|MEX|USA
962,0.26684060766072176,0.33405603975930115,0.23729237926749472,0.1618109733124824,288.04435800947516,269.86779459466015,370.89142815596307,BRA|CHN|IND|MEX|USA
963,0.2658542430457389,0.31448679918540606,0.2551106016924819,0.164548356076373,321.92968052374033,230.86483656873892,370.0964545821193,BRA|CHN|IND|MEX|USA
964,0.4068502243844093,0.33011267805495675,0.1580197349129214,0.10501736264771253,321.36638311017293,271.2025300153556,387.4854944919779,BRA|CHN|IND|MEX|USA
965,0.3995609266196202,0.2797415609029783,0.26423492479898025,0.05646258767842113,322.6326032841889,261.7343999965236,380.48784656979973,BRA|CHN|IND|MEX|USA
966,0.2922376349681235,0.3835676710923669,0.19662714439824247,0.1275675495412672,283.85556685424893,272.8449716180999,374.271866847665,BRA|CHN|IND|MEX|USA
967,0.33072026880417094,0.3130677641117944,0.2554928531737132,0.10071911391032141,319.03720374958317,264.49558494140973,374.9441752500535,BRA|CHN|IND|MEX|USA
968,0.2694772256597311,0.27955454940970065,0.2707056203621377,0.18026260456843035,304.2586266738718,250.97809938818028,370.31333079374576,BRA|CHN|IND|MEX|USA
969,0.26214733651262134,0.25924525310932833,0.19347562043392122,0.2851317899441291,284.7417805891642,260.2204295923558,376.3108606704883,BRA|CHN|IND|MEX|USA
970,0.25328572347592937,0.30443482470966965,0.24912127275870727,0.19315817905569363,318.29045015918985,251.5034758036802,369.9433545451932,BRA|CHN|IND|MEX|USA
971,0.25755223981851677,0.3286996621619637,0.2773161219694907,0.13643197605002888,285.52726847370906,260.49691655794993,367.3247034460663,BRA|CHN|IND|MEX|USA
972,0.2328994100383507,0.28595239667797967,0.3121511090135847,0.16899708427008492,329.8389531774912,245.05335926885923,364.224036111081,BRA|CHN|IND|MEX|USA
973,0.2879034539958148,0.4409782861679365,0.191144656319815,0.0799736035164335,322.14687103233257,269.1452869863264,372.50121773181377,BRA|CHN|IND|MEX|USA
974,0.36035081001607666,0.1879286684559498,0.2554877545832222,0.19623276694475128,311.58685534450564,231.48430172903932,381.2175642536288,BRA|CHN|IND|MEX|USA
975,0.2613071133259453,0.24639304712215548,0.2805915350960276,0.2117083044558716,282.9784211201673,269.2452485208531,370.0293324927945,BRA|CHN|IND|MEX|USA
976,0.2806430778896665,0.34665153292271045,0.216369530208095,0.1563358589795279,301.4441142623525,228.77752669412698,373.1039708648374,BRA|CHN|IND|MEX|USA
977,0.19798471815313606,0.33993214438007413,0.2456081500560111,0.21647498741077875,293.2097398604718,251.71746241192068,364.939117605417,BRA|CHN|IND|MEX|USA
978,0.37785103280987703,0.3092514654603271,0.20093315698477637,0.11196434474501948,304.81642589975706,266.71831667536674,382.73454130481724,BRA|CHN|IND|MEX|USA
979,0.31440154033578815,0.3474305733417255,0.20147579390722906,0.13669209241525737,312.03509117193477,242.97989197397175,376.7273511862917,BRA|CHN|IND|MEX|USA
980,0.262077282036195,0.33219688176090345,0.20361567635853578,0.2021101598443658,306.05976732956066,235.0366100317606,373.16263087453154,BRA|CHN|IND|MEX|USA
981,0.25411411041122095,0.2841624700369252,0.2942518447794665,0.16747157477238733,310.9326829325062,232.6103002737605,367.2256938689982,BRA|CHN|IND|MEX|USA
982,0.30849901029571536,0.333683782080502,0.12461001769236849,0.23320718993141404,289.0348154893402,234.90056967901566,382.59018715962065,BRA|CHN|IND|MEX|USA
983,0.3512771809913112,0.26329766192898346,0.286349590577368,0.09907556650233734,276.4142271983164,268.90687093630163,375.74165825636567,BRA|CHN|IND|MEX|USA
984,0.32374129934616563,0.35316036498289477,0.20774442600892082,0.11535390966201862,324.74242158073133,260.1991407316908,376.7591675144827,BRA|CHN|IND|MEX|USA
985,0.4026668283450585,0.275668553417702,0.2128628439633717,0.1088017742738677,314.9262018407428,258.9928092236718,384.76508027113374,BRA|CHN|IND|MEX|USA
986,0.26121922821385035,0.3429088243018912,0.2249888375934734,0.17088310989078503,318.9048960369802,238.7313473743811,371.1224196051677,BRA|CHN|IND|MEX|USA
987,0.2400567439647629,0.21806670088949778,0.41050787048725884,0.13136868465848056,320.2062171818287,248.41382983144862,364.7322187179442,BRA|CHN|IND|RUS|USA
988,0.3355564490744231,0.2822214277498722,0.2792329383233034,0.1029891848524012,270.6454511152967,266.0380113560968,374.4981314782158,BRA|CHN|IND|MEX|USA
989,0.3014577946083832,0.22106980085520858,0.34627001428810966,0.13120239024829858,309.8764573538147,251.08933014142244,371.0627947910107,BRA|CHN|IND|RUS|USA
990,0.3502293815459204,0.2903155372987975,0.21084588163822404,0.1486091995170579,307.9391145789649,252.37610620174743,380.5376433182163,BRA|CHN|IND|MEX|USA
991,0.27734796913638476,0.32687917137677236,0.28036714925333633,0.11540571023350668,284.77009757884093,235.35910941150556,368.6256649770339,BRA|CHN|IND|MEX|USA
992,0.2804612690333888,0.3179726936633952,0.258420754966617,0.143145282336599,289.15258344668223,267.9557913242494,370.8188315565351,BRA|CHN|IND|MEX|USA
993,0.22827586719561366,0.4332969260289373,0.2043577667108185,0.1340694400646304,274.6233446282133,236.65638870337136,367.3036208960663,BRA|CHN|IND|MEX|USA
994,0.42854130246476013,0.3129125523669829,0.21153163395257846,0.047014511215678415,313.1043881863381,262.31938848835176,385.5831998761591,BRA|CHN|IND|MEX|USA
995,0.37332307345859833,0.35982722696954866,0.1494237424193112,0.11742595715254166,277.69868797661434,244.0880590109737,384.67793628592426,BRA|CHN|IND|MEX|USA
996,0.20292461486824703,0.31307675115891553,0.31907083279353354,0.16492780117930397,278.4145654073194,257.39388894086784,360.5831941813481,BRA|CHN|IND|MEX|USA
997,0.3207034478460741,0.2987034500677439,0.23390085180752548,0.1466922502786566,312.14883987676546,244.17187213698588,376.3098620073529,BRA|CHN|IND|MEX|USA
998,0.20134614538629053,0.35689136183900133,0.2757552241033564,0.16600726867135188,317.52021981420086,265.78126684644866,362.34173284952215,BRA|CHN|IND|MEX|USA
999,0.24098178737943843,0.24188427892258102,0.24678099976314433,0.27035293393483634,321.3351084123824,262.1117283953635,371.23788882427357,BRA|CHN|IND|MEX|USA
1000,0.309838554651742,0.29166702570365294,0.22318800428108485,0.17530641536352026,288.65213314348335,252.78964336242427,376.54548871808583,BRA|CHN|IND|MEX|USA
1001,0.2751702264264041,0.3309614275156536,0.2703646776064735,0.1235036684514688,308.32049095817734,258.9153637074248,369.0928307850523,BRA|CHN|IND|MEX|USA
1002,0.2961270471578595,0.3200935473505961,0.29181505093994076,0.09196435455160354,270.4363071137897,258.1912250064233,369.37257124526184,BRA|CHN|IND|MEX|USA
1003,0.33250693540945464,0.3028620017971032,0.23519572300519617,0.129435339788246,327.9199357247208,257.7275207499682,376.9551212728358,BRA|CHN|IND|MEX|USA
1004,0.3472748452456543,0.2325968465258958,0.2418505716167954,0.1782777366116544,272.07186544246446,241.5283679685589,379.83118668297004,BRA|CHN|IND|MEX|USA
1005,0.3172332688848357,0.24813339806148166,0.34488127294286847,0.08975206011081407,307.422952746335,269.8738511427099,370.9535673805847,BRA|CHN|IND|RUS|USA
1006,0.2889884815469951,0.4096912342620079,0.15914075575814027,0.14217952843285683,314.8265207518106,263.9570668543198,376.0367727063306,BRA|CHN|IND|MEX|USA
1007,0.31560407198525925,0.2096846696861469,0.2994397218408221,0.17527153648777163,303.51682585915006,265.81138374336587,374.1196451503001,BRA|CHN|IND|RUS|USA
1008,0.25365155352631025,0.2837940523269159,0.2350224079410688,0.22753198620570508,311.4614830610679,267.73455903101427,371.71537834712603,BRA|CHN|IND|MEX|USA
1009,0.22094691775457367,0.2710962067664519,0.3714385251785464,0.13651835030042797,305.9450892085932,238.86365725030288,362.0759620967776,BRA|CHN|IND|RUS|USA
1010,0.3582575356199052,0.2663351200199949,0.24611792487189005,0.12928941948820985,317.3768185487831,243.1416732953518,379.22769174162806,BRA|CHN|IND|MEX|USA
1011,0.17397424712926263,0.36099069592181865,0.286694318138426,0.1783407388104928,284.07883031577796,238.693926199887,359.336723494014,BRA|CHN|IND|MEX|USA
1012,0.243928481679704,0.33344672577003726,0.2514306607060419,0.17119413184421667,290.5067535206595,233.23836027450633,368.1278369345638,BRA|CHN|IND|MEX|USA
1013,0.22883423890909368,0.31754382524917385,0.3377370365144977,0.11588489932723472,325.25147736855064,238.18665564372074,361.50651787933674,BRA|CHN|IND|RUS|USA
1014,0.292587582544762,0.3377141018300872,0.23492947357574748,0.13476884204940326,281.96315582412365,248.04588260402127,372.87000917395187,BRA|CHN|IND|MEX|USA
1015,0.4426768971753828,0.2965480963035751,0.2195127109325746,0.04126229558846763,275.91227541039973,238.83227361197262,386.5596611680841,BRA|CHN|IND|MEX|USA
1016,0.203108198469764,0.30767401617777784,0.3242246440348496,0.16499314131760842,271.48514604436326,263.4730041738881,360.55539713570806,BRA|CHN|IND|RUS|USA
1017,0.318822599141357,0.22890838678415862,0.30279683778050853,0.1494721762939759,328.6396185883451,225.28188460951736,373.32808214936654,BRA|CHN|IND|RUS|USA
1018,0.300119477623898,0.23418912852675122,0.31829832451610546,0.14739306933324545,325.2791485011168,251.66277598272396,371.23430057375754,BRA|CHN|IND|RUS|USA
1019,0.2826175212409042,0.32200408497468364,0.23430029531581895,0.16107809846859317,299.5812516656185,243.38581993864736,372.68593642986133,BRA|CHN|IND|MEX|USA
1020,0.28681506840049364,0.25976351008164617,0.2937676563687701,0.15965376514909022,318.56943915058304,233.93354620651527,370.4907333591018,BRA|CHN|IND|MEX|USA
1021,0.1861273146736967,0.3824167332604562,0.20130254637599723,0.23015340568984977,270.09557296840046,254.15965358549013,366.05079652156326,BRA|CHN|IND|MEX|USA
1022,0.148679230696825,0.3231306331514504,0.2910201730683759,0.2371699630833487,273.04303320719794,241.6410865863634,358.35364105043817,BRA|CHN|IND|MEX|USA
1023,0.3099566238563952,0.19812216819236236,0.3101707104218192,0.18175049752942318,294.2488708124198,263.2499977107402,373.9212876662612,BRA|CHN|IND|RUS|USA
1024,0.37038310114212714,0.23174058932765687,0.1755496398128414,0.22232666971737447,293.4779466228584,262.08194037001306,386.63081271917554,BRA|CHN|IND|MEX|USA
1025,0.41946450009736935,0.29826084298763356,0.1709960184209918,0.1112786384940051,292.7664949797661,231.4677715995242,388.47137528458234,BRA|CHN|IND|MEX|USA
1026,0.3661476606052536,0.27003446830159594,0.16952590147122862,0.1942919696219218,283.4026864707074,252.62497841476477,385.52994037625683,BRA|CHN|IND|MEX|USA
1027,0.25622149881709017,0.33375235342726556,0.21885776538975243,0.1911683823658919,315.5289800775412,255.35035450917243,371.5148337852413,BRA|CHN|IND|MEX|USA
1028,0.3517649900547933,0.35535807970111427,0.19213198656861988,0.10074494367547267,328.1404968122075,239.31249623415582,379.964117828427,BRA|CHN|IND|MEX|USA
1029,0.2200262339055217,0.3199657491881049,0.3266930060555992,0.1333150108507743,274.149491211062,228.44050072355893,361.1093210407025,BRA|CHN|IND|RUS|USA
1030,0.34220468875143895,0.23133014988625095,0.2472868475727725,0.1791783137895374,322.16091237357534,240.8207979481786,379.08061942035823,BRA|CHN|IND|MEX|USA
1031,0.3829000291728295,0.24374167465245056,0.21060115221937414,0.16275714395534566,329.8361304439013,230.81445812134837,384.50274744628814,BRA|CHN|IND|MEX|USA
1032,0.3363539121293564,0.32813507076116843,0.22152309535475456,0.1139879217547208,288.373450117902,248.20759125002957,377.4619722885942,BRA|CHN|IND|MEX|USA
1033,0.3267123997006689,0.24757148128875706,0.30081710522151767,0.1248990137890565,326.4457102641038,241.477780169216,373.3211247012823,BRA|CHN|IND|MEX|USA
1034,0.2687063219107623,0.18374806792758175,0.30322470865531964,0.24432090150633629,297.58842602498703,244.04968342161948,371.8570016234677,BRA|CHN|IND|RUS|USA
1035,0.3174964296829178,0.2885100891281889,0.28710366979217744,0.1068898113967158,272.99630026242585,262.6210868118341,372.3492101011928,BRA|CHN|IND|MEX|USA
1036,0.2963449026305197,0.2813141855681328,0.29793815330705026,0.1244027584942971,293.77037011867395,241.60243270759304,370.18245020277925,BRA|CHN|IND|MEX|USA
1037,0.32958997872153123,0.20260829641720923,0.2954529486121059,0.17234877624915365,294.6156097285652,237.18881656424745,375.59156421512716,BRA|CHN|IND|RUS|USA
1038,0.3186982069579274,0.2660886045614793,0.26966741363631574,0.14554577484427741,304.9446559037071,274.85454556715075,374.49559838609355,BRA|CHN|IND|MEX|USA
1039,0.3200234296969439,0.3492751148432987,0.22019225484909874,0.11050920061065866,324.23926871691026,242.5693926423736,375.6602496719871,BRA|CHN|IND|MEX|USA
1040,0.2985892714996657,0.2981700833550357,0.23550604457921537,0.16773460056608314,288.9098856431395,257.94398658877697,374.5580119948896,BRA|CHN|IND|MEX|USA
1041,0.37472027822446385,0.2638140667524321,0.22574499388525585,0.13572066113784825,292.7633252726758,228.59362193222972,382.0876638769238,BRA|CHN|IND|MEX|USA
1042,0.32064265489106253,0.22881409376324038,0.3224640930040064,0.12807915834169056,272.648338715059,226.22586776506867,372.83567804768165,BRA|CHN|IND|RUS|USA
1043,0.2423549427931317,0.40168729780458196,0.18198305140185092,0.17397470800043552,309.3183090002974,235.5390584332891,371.0837946473703,BRA|CHN|IND|MEX|USA
1044,0.4323675649787275,0.25630203126098244,0.1831473123688115,0.12818309139147865,275.4698272238552,254.0031785721139,389.87003344307783,BRA|CHN|IND|MEX|USA
1045,0.40307515730655047,0.20017749211070013,0.2457129856443034,0.15103436493844605,328.4266176411812,260.50224669305965,384.74598163541333,BRA|CHN|IND|MEX|USA
1046,0.2739866605320391,0.3069607821626814,0.25540381918733235,0.16364873811794722,315.07564901307444,253.79529655713674,370.924312558104,BRA|CHN|IND|MEX|USA
1047,0.3003797135833404,0.20728787983963534,0.31438525730743744,0.17794714926958694,315.9116716586162,257.0599591045695,372.6600861614338,BRA|CHN|IND|RUS|USA
1048,0.35121612014499787,0.31237527488831734,0.18006424694125384,0.15634435802543098,286.969005809554,246.48059592785316,382.23928343336445,BRA|CHN|IND|MEX|USA
1049,0.2703755741698056,0.2113955657080348,0.24084064057814505,0.27738821954401455,306.0165203495055,262.92244115093354,374.87017605641927,BRA|CHN|IND|MEX|USA
1050,0.2896184525757305,0.31287502607433876,0.30388178304634406,0.09362473830358675,307.6244704147046,255.0991614195113,368.20316695448923,BRA|CHN|IND|MEX|USA
1051,0.1987212225577054,0.4263089279758407,0.23286735630395136,0.14210249316250256,280.10716083002956,270.6328106394231,363.1577965548887,BRA|CHN|IND|MEX|USA
1052,0.2526600362475623,0.21189010944861494,0.40303863017266994,0.13241122413115272,327.35220592086523,233.24838798434425,366.172867184203,BRA|CHN|IND|RUS|USA
1053,0.30632239123368027,0.3337972097938735,0.1994834420150901,0.16039695695735615,304.1068226232495,243.12987184911182,376.72046727261545,BRA|CHN|IND|MEX|USA
1054,0.36798707777608974,0.26949676682925094,0.22254221829708534,0.1399739370975741,282.6684723438974,236.20034682227313,381.64555998116725,BRA|CHN|IND|MEX|USA
1055,0.2776618613352897,0.2837635097174363,0.277781709252294,0.16079291969498,310.5871072473574,228.74963516004104,370.24702816066116,BRA|CHN|IND|MEX|USA
1056,0.28130293989148597,0.3584857028845301,0.2820092162957055,0.07820214092827851,276.48784670165276,244.2645417551035,367.76806585450163,BRA|CHN|IND|MEX|USA
1057,0.3354314488302972,0.305665689888153,0.224497498326533,0.13440536295501668,291.2551962703186,257.5537228468216,377.8968141802821,BRA|CHN|IND|MEX|USA
1058,0.1878314090373928,0.2814992470799413,0.24981479524605624,0.28085454863660964,318.59779299054156,268.31931324034673,365.7612619288339,BRA|CHN|IND|MEX|USA
1059,0.380840852391478,0.2097359115495997,0.3024342109207776,0.10698902513814465,288.34083168947603,257.47273270947875,378.72039811870377,BRA|CHN|IND|RUS|USA
1060,0.2846302921052237,0.2835101735514327,0.3108180091928838,0.12104152515045959,302.88399572345395,225.21951951086896,368.25747614448204,BRA|CHN|IND|MEX|USA
1061,0.22970884062772198,0.30531192777410127,0.28217859619595037,0.18280063540222646,322.1251238495491,264.41242568605117,365.6406843055262,BRA|CHN|IND|MEX|USA
1062,0.2553799991523222,0.3947117354472182,0.27075886133327903,0.07914940406718063,290.9929545344609,247.80394589679136,365.5174357852392,BRA|CHN|IND|MEX|USA
1063,0.22142264151552088,0.34429850587036215,0.2670669053465939,0.16721194726752325,303.0872799459877,255.64268763590593,364.9079629489553,BRA|CHN|IND|MEX|USA
1064,0.2783407385785827,0.23553679612297973,0.34155869447731063,0.14456377082112692,328.37639595169236,274.0086878787214,368.8586915186218,BRA|CHN|IND|RUS|USA
1065,0.302177020733188,0.25634586005772525,0.22800468643809593,0.21347243277099096,295.64567209516997,258.3634087271928,376.7557222937476,BRA|CHN|IND|MEX|USA
1066,0.36310853413795513,0.27389166443907187,0.213031411694042,0.14996838972893112,311.12390199112167,231.49313992970673,381.8639758907403,BRA|CHN|IND|MEX|USA
1067,0.2635890982177505,0.3406868683920076,0.3095050263005997,0.08621900708964231,319.6508382086958,236.37872029644495,364.93257917509476,BRA|CHN|IND|MEX|USA
1068,0.2946111384225936,0.22762340087159327,0.2699939508058614,0.20777150989995158,310.186701192204,252.01189910456213,373.9268107706013,BRA|CHN|IND|MEX|USA
1069,0.33226879513246055,0.18701142738162818,0.29885111421551763,0.18186866327039364,296.01412984467925,245.55061022167212,376.4193408233247,BRA|CHN|IND|RUS|USA
1070,0.25493378022596236,0.25282521593926094,0.345383315613401,0.14685768822137577,288.95777950181525,258.34563696303405,366.22668092789706,BRA|CHN|IND|RUS|USA
1071,0.23519696162021808,0.38398068574096356,0.2532210443929115,0.12760130824590687,289.0855084166682,232.74936937404317,365.69910634965197,BRA|CHN|IND|MEX|USA
1072,0.26366730904670577,0.2668609691481454,0.34707316596568727,0.1223985558394616,298.17070337824447,232.3609286700003,366.13283887976684,BRA|CHN|IND|RUS|USA
1073,0.2772968952028966,0.33025548850904485,0.23608808939892167,0.1563595268891368,317.40312090345617,235.71912377320828,371.8853745974795,BRA|CHN|IND|MEX|USA
1074,0.27439072915120055,0.33449560656956634,0.27554712269853376,0.11556654158069932,321.4623453938577,244.1472853626343,368.52513396567167,BRA|CHN|IND|MEX|USA
1075,0.3734401306491905,0.38523025226552376,0.14232691312530343,0.09900270395998237,278.19788551157615,228.21077932091444,384.40183706747223,BRA|CHN|IND|MEX|USA
1076,0.23083844632294945,0.3979212099169306,0.2645476448675651,0.10669269889255498,287.7632432357912,259.13442038315475,364.0586533682126,BRA|CHN|IND|MEX|USA
1077,0.2881176020533947,0.3342592262887074,0.2993070072830828,0.07831616437481499,307.0057705560155,228.25669576299427,367.7450355818634,BRA|CHN|IND|MEX|USA
1078,0.2387799184609285,0.32428933153680883,0.27181735254355915,0.16511339745870335,294.75517733222676,266.443597271432,366.4888970766759,BRA|CHN|IND|MEX|USA
1079,0.30759930357895876,0.286705303493244,0.30453725431762857,0.1011581386101687,305.020522038382,248.639400024256,370.34268414536564,BRA|CHN|IND|MEX|USA
1080,0.361724827685595,0.2673115339797781,0.2044611764256018,0.1665024619090251,310.2146912057632,253.39247721082435,382.62763601216506,BRA|CHN|IND|MEX|USA
1081,0.3474904399486078,0.34463278874468223,0.21129498233375818,0.09658178897295172,280.68551944323406,251.16809998956663,378.53443844060666,BRA|CHN|IND|MEX|USA
1082,0.4296439030735102,0.23914239513237315,0.16693824242434935,0.16427545936976742,315.22823576260714,270.9990158157395,391.45961487447596,BRA|CHN|IND|MEX|USA
1083,0.2675955375347307,0.35404276405707075,0.2317717446767077,0.14658995373149084,297.9206931373271,229.0884278364855,370.71875712413726,BRA|CHN|IND|MEX|USA
1084,0.28390208176894716,0.22294131918656396,0.3707502312723951,0.12240636777209381,316.22957182786024,254.1088473853511,368.92744072783415,BRA|CHN|IND|RUS|USA
1085,0.2945107243125244,0.2884254730780249,0.3083136777685775,0.10875012484087324,314.6541148156965,226.1934601167572,369.0243578590573,BRA|CHN|IND|MEX|USA
1086,0.24193352976613436,0.3639448251350956,0.2502140292425119,0.14390761585625803,279.8617824166832,267.1420996952721,367.08092934928425,BRA|CHN|IND|MEX|USA
1087,0.33184783798617984,0.2837330650137289,0.25869948605041004,0.12571961094968118,307.9469763558699,255.09158141378762,375.73708214374574,BRA|CHN|IND|MEX|USA
1088,0.3439274803686471,0.34394522838112657,0.1987208035695868,0.11340648768063945,301.53850980389086,262.82245371386097,379.2493523258607,BRA|CHN|IND|MEX|USA
1089,0.27224544519098,0.276786477206009,0.31336087068279916,0.13760720692021183,314.66929081810287,251.95993914711124,367.3599124364823,BRA|CHN|IND|MEX|USA
1090,0.2702747985417852,0.3859173095893587,0.1972182461380758,0.14658964573078034,294.9530581475006,251.7886985384969,372.51485995922184,BRA|CHN|IND|MEX|USA
1091,0.41750072600813004,0.3253335025377032,0.11201123518347718,0.14515453627068967,280.2048881790792,240.98940178298258,391.9389362188679,BRA|CHN|IND|MEX|USA
1092,0.4533527022394973,0.24192429665142612,0.21632581769584958,0.08839718341322698,325.299659556771,232.14278667937188,389.3724725534961,BRA|CHN|IND|MEX|USA
1093,0.27124487551596593,0.34023206501826636,0.24444906373359934,0.14407399573216825,286.89481149807216,231.90507438702147,370.47353356963686,BRA|CHN|IND|MEX|USA
1094,0.3033700714522028,0.23453965111830627,0.24610112817166777,0.21598914925782325,326.1591565337877,248.01118849503746,376.1745493680687,BRA|CHN|IND|MEX|USA
1095,0.17028872150500857,0.3528628929741214,0.3368145316423544,0.14003385387851558,278.0068443636201,236.30627152720888,355.6358330496514,BRA|CHN|IND|RUS|USA
1096,0.41486252482980646,0.3074386947156284,0.1250582710935022,0.1526405093610629,282.0819079418543,251.40958499512638,391.3300103794071,BRA|CHN|IND|MEX|USA
1097,0.34323904441564157,0.2449662532216503,0.31840710113134635,0.09338760123136179,298.2445369366733,271.0942785563922,373.8229715725,BRA|CHN|IND|RUS|USA
1098,0.272520134012288,0.3252963661071537,0.26605712090196637,0.13612637897859198,297.9611997386078,246.3436274581382,369.40770996728594,BRA|CHN|IND|MEX|USA
1099,0.31767613221089347,0.26910562512107594,0.2711479953359597,0.14207024733207071,296.334605278122,244.09096972163172,374.20865291975684,BRA|CHN|IND|MEX|USA
1100,0.30559215418926233,0.29377700752837455,0.234124183278986,0.16650665500337702,292.2948531706843,263.70751135757916,375.3275564287343,BRA|CHN|IND|MEX|USA
1101,0.2825739567636444,0.31187777917419984,0.2259929281159517,0.17955533594620426,297.3304837056735,261.57133973030795,373.64460608484734,BRA|CHN|IND|MEX|USA
1102,0.2956155392897673,0.35792832994451357,0.18122952538647713,0.165226605379242,286.5699759614873,242.67076752359367,376.5295739677143,BRA|CHN|IND|MEX|USA
1103,0.36958160244255334,0.2854100263891031,0.22179377477393047,0.12321459639441308,305.3432457864625,269.13376607559377,381.30423061330373,BRA|CHN|IND|MEX|USA
1104,0.3403806296109551,0.3328445385442856,0.15354129943907688,0.17323353240568248,285.47119426319284,249.2019452553183,382.78774403811525,BRA|CHN|IND|MEX|USA
1105,0.3698728071612684,0.22283542642369683,0.22395158196795167,0.18334018444708325,314.5263649426851,239.0125184254927,383.1948686961265,BRA|CHN|IND|MEX|USA
1106,0.210673307943386,0.23305573954428588,0.36609025869601064,0.19018069381631741,310.61908927883087,264.8221564876287,363.3197402739959,BRA|CHN|IND|RUS|USA
1107,0.16108007614874736,0.34325896288299157,0.32221449249071926,0.17344646847754183,297.85591021589295,244.10773936663892,356.24668443667315,BRA|CHN|IND|MEX|USA
1108,0.33900875568973654,0.24828292593071555,0.26784826528192035,0.14486005309762762,327.68758893594395,225.5821387261108,376.7253468283935,BRA|CHN|IND|MEX|USA
1109,0.35301368505994163,0.3499541108848067,0.17190940226464502,0.12512280179060672,309.0502326699634,254.65235906115936,381.7732885555482,BRA|CHN|IND|MEX|USA
1110,0.23135307383055975,0.4349287748752828,0.18015007433379313,0.15356807696036417,303.37161759410225,252.0218043020106,369.32392908251927,BRA|CHN|IND|MEX|USA
1111,0.1951299663630569,0.4278789480309072,0.2577136258292589,0.11927745977677696,329.2658166997607,228.2024865134414,360.9465149888515,BRA|CHN|IND|MEX|USA
1112,0.32542141510749206,0.2787391836640548,0.2643117787095745,0.13152762251887856,277.86222183871934,265.91200103912064,374.993214605361,BRA|CHN|IND|MEX|USA
1113,0.33649312187584,0.255667989074291,0.19942130583808862,0.20841758321178036,320.85843681171815,250.0524837751882,381.51086450766394,BRA|CHN|IND|MEX|USA
1114,0.2666638419408372,0.2967871455404597,0.2988533852071257,0.13769562731157756,283.17714107661715,244.7621481800615,367.3995190585401,BRA|CHN|IND|MEX|USA
1115,0.27176626753950145,0.25263294789171664,0.3150180815753637,0.16058270299341829,277.7082845514569,228.47088805152967,368.4178246616055,BRA|CHN|IND|RUS|USA
1116,0.29814727416852094,0.3248973496411595,0.28620182098532576,0.09075355520499388,301.1941349685907,246.18410653774976,369.79454664943137,BRA|CHN|IND|MEX|USA
1117,0.2981203363237289,0.23378222125379092,0.25430364308430364,0.21379379933817666,302.5051150700546,255.41312014427464,375.1833250538733,BRA|CHN|IND|MEX|USA
1118,0.2911648784019423,0.33650484304254935,0.18997476209259803,0.18235551646291034,317.5081460378933,238.14657674838082,376.22804838660585,BRA|CHN|IND|MEX|USA
1119,0.2582587723723038,0.4385446680313677,0.20373133425295337,0.09946522534337512,273.6617112773341,261.3530204948262,369.4137195668568,BRA|CHN|IND|MEX|USA
1120,0.2997355890087979,0.34545991256919845,0.22498113716210053,0.12982336125990301,327.626503516344,236.39291637011357,373.90851636015424,BRA|CHN|IND|MEX|USA
1121,0.27082167978747873,0.17789090127447665,0.3865324706700236,0.16475494826802117,272.34765958486514,247.77547421397585,369.6284291960177,BRA|CHN|IND|RUS|USA
1122,0.27720376690483745,0.426499756326273,0.18768092171323142,0.10861555505565805,319.1761678129973,249.0589860226852,372.43873081030324,BRA|CHN|IND|MEX|USA
1123,0.3715154622690347,0.2795008839938502,0.2159877552651808,0.1329958984719343,289.8877605610191,260.1796985139514,382.0825735983815,BRA|CHN|IND|MEX|USA
1124,0.17204737003907894,0.45577178592807577,0.2212163838446092,0.15096446018823614,295.1800182962825,236.08343441743082,361.101530249966,BRA|CHN|IND|MEX|USA
1125,0.1729776044480565,0.4417872897608688,0.2015586949392201,0.1836764108518544,313.7081902973028,252.96209035799887,363.12277075816485,BRA|CHN|IND|MEX|USA
1126,0.2754645249404941,0.3152002056533531,0.2522482468439946,0.1570870225621582,297.23757064729307,248.7542131183565,371.0070309010424,BRA|CHN|IND|MEX|USA
1127,0.3701027830556211,0.26542589478576073,0.25572934663305275,0.10874197552556546,310.3800905605282,236.54131050689818,379.4071727065195,BRA|CHN|IND|MEX|USA
1128,0.3887505143168983,0.23598728975212904,0.2554723724288897,0.11978982350208309,286.03482827369737,240.02106017455444,381.77208610291456,BRA|CHN|IND|MEX|USA
1129,0.32949487073240374,0.24300155848653512,0.22888277750989594,0.19862079327116527,329.99797679154426,255.56929675746966,379.1568723273561,BRA|CHN|IND|MEX|USA
1130,0.29106745639488874,0.27605902315354747,0.2512857569598824,0.18158776349168135,285.1698279476416,241.20977567221672,373.5142187910395,BRA|CHN|IND|MEX|USA
1131,0.2224373838170083,0.2990548987879464,0.34660853506003236,0.13189918233501308,270.3127381142064,265.60817627471437,361.64366628505934,BRA|CHN|IND|RUS|USA
1132,0.32208150297386545,0.28744650252323634,0.22173427693877168,0.16873771756412664,284.8336701241855,269.5441825752939,377.70514133511693,BRA|CHN|IND|MEX|USA
1133,0.26011063305551474,0.31287870519638966,0.2956883816604142,0.1313222800876813,295.9009365858898,244.2540257820145,366.62971053083726,BRA|CHN|IND|MEX|USA
1134,0.2828553623839785,0.2738580505053809,0.2379985149879032,0.20528807212273745,272.26474633467166,274.41064873102715,373.9863999760205,BRA|CHN|IND|MEX|USA
1135,0.33648674803534095,0.2804364038229512,0.2402026617170906,0.14287418642461722,273.2232958851567,258.54573116715585,377.5987841137117,BRA|CHN|IND|MEX|USA
1136,0.3936175598249041,0.2304749555159291,0.28311089542528234,0.09279658923388448,305.49373387310976,251.8111782208568,380.208136083172,BRA|CHN|IND|MEX|USA
1137,0.2765676062305919,0.38132822064309113,0.16414705959926662,0.17795711352705035,270.19247488068805,268.8815310411549,375.65201879124567,BRA|CHN|IND|MEX|USA
1138,0.1971218964858824,0.3822939845464241,0.3014922963334284,0.11909182263426522,324.2378095078082,239.83364166353482,359.2410180729871,BRA|CHN|IND|MEX|USA
1139,0.27213846787097135,0.27978262822861655,0.2436638654602126,0.2044150384401996,283.63802742355807,243.85563557136018,372.5641778764531,BRA|CHN|IND|MEX|USA
1140,0.3211518257745788,0.3215170313109837,0.15272919076360778,0.2046019521508296,302.3439193005428,238.5625697191513,381.7856783329854,BRA|CHN|IND|MEX|USA
1141,0.30023908968301616,0.2611845746598182,0.241749122899609,0.19682721275755663,313.41311456372705,260.78608251827126,375.40710228596214,BRA|CHN|IND|MEX|USA
1142,0.45623711573610815,0.2490852622774384,0.21002822791772574,0.08464939406872782,291.76807801484904,241.2740910450097,389.8343462336758,BRA|CHN|IND|MEX|USA
1143,0.2577117648100661,0.3503798979974985,0.17359862347313776,0.21830971371929764,323.31718825774243,260.4177735326185,374.5334013254837,BRA|CHN|IND|MEX|USA
1144,0.2888943672879517,0.30748699970521504,0.1801625342281964,0.22345609877863684,285.80284975059664,271.07535008501173,377.74938638399146,BRA|CHN|IND|MEX|USA
1145,0.26195101878407495,0.392967432963796,0.24981977241342015,0.0952617758387089,306.9551534544588,260.1613023761438,367.6586376683333,BRA|CHN|IND|MEX|USA
1146,0.3257314559361999,0.3336779819200709,0.16124440691433906,0.17934615522939013,300.1291630125231,248.31687987848605,381.08287139471594,BRA|CHN|IND|MEX|USA
1147,0.3354251997271173,0.2718040280972161,0.24937430025891347,0.14339647191675325,291.3101316001715,233.19268701797702,377.10152842316177,BRA|CHN|IND|MEX|USA
1148,0.4051641114713772,0.25852745310032954,0.2244513815846062,0.11185705384368701,275.7825002189461,249.80077750013206,384.6252249058835,BRA|CHN|IND|MEX|USA
1149,0.36993312065884404,0.2931817567960852,0.26413782960824617,0.07274729293682473,323.4054228510303,250.6791474576752,377.8520553899919,BRA|CHN|IND|MEX|USA
1150,0.21179779097240434,0.3626298035664188,0.2678499596800797,0.1577224457810973,280.8372898277395,233.66607697087434,363.53585528880507,BRA|CHN|IND|MEX|USA
1151,0.28943542762120883,0.27165684521030725,0.2716313253170536,0.16727640185143033,295.52557856997794,257.8296743043826,371.98577784116986,BRA|CHN|IND|MEX|USA
1152,0.2571283061051023,0.3268309651793188,0.3085340317210107,0.10750669699456818,295.11021321371106,241.10936621205164,364.9756414874984,BRA|CHN|IND|MEX|USA
1153,0.25109692415444296,0.30670733628884483,0.3226461062562181,0.11954963330049409,304.4377897760567,263.4441572108118,364.10835778265096,BRA|CHN|IND|RUS|USA
1154,0.4112557187167745,0.2398702041478948,0.24389859893519542,0.1049754782001353,320.7403238065081,254.56526025387603,384.20363171117276,BRA|CHN|IND|MEX|USA
1155,0.2630318009145797,0.3146738154550728,0.23440680358422322,0.18788758004612424,322.5164246477931,252.05847879605702,371.4574205240975,BRA|CHN|IND|MEX|USA
1156,0.307138773519513,0.3047095183239267,0.2247714607177424,0.16338024743881782,304.3647311464235,243.25629411471493,375.7999897793892,BRA|CHN|IND|MEX|USA
1157,0.24895381352656015,0.38976730738497983,0.16098836837273228,0.20029051071572762,287.5787519571989,229.71322266026192,373.5619605981189,BRA|CHN|IND|MEX|USA
1158,0.32937073730782684,0.30944323718026295,0.1755330068855192,0.1856530186263911,326.242041585868,247.05228877311666,381.0528748223278,BRA|CHN|IND|MEX|USA
1159,0.2509219221264876,0.3755280971406667,0.2495606681538123,0.12398931257903337,324.79790231482576,271.26356061816233,367.4236968654764,BRA|CHN|IND|MEX|USA
1160,0.48936370018156494,0.2204568448144063,0.20267871905913834,0.0875007359448905,271.73925151108966,262.84125998312373,393.79152491789864,BRA|CHN|IND|MEX|USA
1161,0.4020752806868593,0.2603654803935218,0.18987562499165378,0.147683613927965,274.1647826633109,255.5017659908213,386.96948367821614,BRA|CHN|IND|MEX|USA
1162,0.42116128881888587,0.27348542545216187,0.17758699354999252,0.12776629217895966,282.8909808596103,234.68305200377503,388.90069865108484,BRA|CHN|IND|MEX|USA
1163,0.2249820155345748,0.36739584310764933,0.2630650879503625,0.1445570534074134,298.28003241565233,232.28555600271014,364.7273625148955,BRA|CHN|IND|MEX|USA
1164,0.3029282751306632,0.3578855044906255,0.2473594749684984,0.0918267454102128,314.2233374492304,248.80001673180095,372.0377137814755,BRA|CHN|IND|MEX|USA
1165,0.3382645264519056,0.25788259755894005,0.2220194116042612,0.18183346438489315,320.6524833305504,251.92930320914996,379.84927511993686,BRA|CHN|IND|MEX|USA
1166,0.2566048159326948,0.22964796173692187,0.36281582743602014,0.15093139489436327,284.3674665356139,228.67161983916333,366.8950178532372,BRA|CHN|IND|RUS|USA
1167,0.3361265402382233,0.22658028242680037,0.27805325602566605,0.15923992130931033,287.7487215329626,226.20782311103693,376.4384926603446,BRA|CHN|IND|MEX|USA
1168,0.20094051695134307,0.3645716296313647,0.25083204501118944,0.18365580840610277,318.05254723084715,228.63918630642496,363.96063156522814,BRA|CHN|IND|MEX|USA
1169,0.3939727576151806,0.25988623527943205,0.2580509630121729,0.08809004409321454,306.4076376584409,266.61029826661445,381.1879732634503,BRA|CHN|IND|MEX|USA
1170,0.39141466854571977,0.23854736236410864,0.27077328498521214,0.09926468410495946,302.6587802931236,266.49424810236883,380.7216640656338,BRA|CHN|IND|MEX|USA
1171,0.3292909618241079,0.16424553150971788,0.2503274755671819,0.25613603109899236,326.32615013610706,263.44686407100335,380.06715120426395,BRA|CHN|IND|MEX|USA
1172,0.17173753610038295,0.33199069251784363,0.35490408898293213,0.14136768239884112,285.93431442742434,268.161594297326,356.15732685175544,BRA|CHN|IND|RUS|USA
1173,0.37649032157265777,0.24646965543075502,0.2419511703558009,0.13508885264078613,329.04946267964874,269.24553890666056,381.54847913840297,BRA|CHN|IND|MEX|USA
1174,0.3473512140238519,0.2560094381185996,0.24651063388995711,0.15012871396759134,323.5828503536899,262.5026488026201,378.7210832754726,BRA|CHN|IND|MEX|USA
1175,0.26556547585172574,0.2902144061393836,0.27949971460929424,0.16472040339959637,311.6580705979922,235.3347222574294,369.00568241387833,BRA|CHN|IND|MEX|USA
1176,0.25501923761262524,0.3604540659158972,0.23615760149544782,0.1483690949760298,290.2929933887485,228.9703607843792,369.23971787257096,BRA|CHN|IND|MEX|USA
1177,0.33544063225159515,0.26484644272755475,0.23179801105117537,0.1679149139696747,305.35132081297076,258.8582243397438,378.6677416882919,BRA|CHN|IND|MEX|USA
1178,0.3068775075883927,0.2972126319007128,0.2963059391030589,0.09960392140783567,288.6280890380656,273.1588844469339,370.5745692485151,BRA|CHN|IND|MEX|USA
1179,0.25569367378753505,0.2425597541210755,0.2622349326461149,0.2395116394452746,273.06903518983296,245.11772092065868,371.1342725342073,BRA|CHN|IND|MEX|USA
1180,0.24117939740416416,0.4116812857788887,0.1889560328089575,0.1581832840079896,298.64148489649847,260.657262403951,370.1402894498196,BRA|CHN|IND|MEX|USA
1181,0.2821559175303568,0.2677175576056658,0.2495600084439916,0.2005665164199857,325.33984623546445,244.5412836878273,373.25307666519757,BRA|CHN|IND|MEX|USA
1182,0.3212344639264402,0.38640899576562393,0.21116664840304583,0.08118989190489,321.85625928387515,271.1387233729228,375.23136860703124,BRA|CHN|IND|MEX|USA
1183,0.3622476082390695,0.29098703799261116,0.1546438489798815,0.19212150478843767,282.27564981933006,240.09148612985695,385.6923794380824,BRA|CHN|IND|MEX|USA
1184,0.2628314134394405,0.347202413102126,0.18455932202272973,0.2054068514357039,303.6443470370768,244.74686303818353,374.18292748361137,BRA|CHN|IND|MEX|USA
1185,0.3864686614679803,0.2973598263308446,0.16412405649631842,0.15204745570485667,313.1186003154275,248.51127140793508,386.56688669571406,BRA|CHN|IND|MEX|USA
1186,0.3107266433226719,0.3601563632238774,0.21519825145790444,0.11391874199554604,328.36628277338536,225.5388427428771,374.994762290131,BRA|CHN|IND|MEX|USA
1187,0.2949009658774458,0.2520543375463326,0.18550222834465657,0.267542468231565,291.7976583812331,272.7914223109226,379.5911899337011,BRA|CHN|IND|MEX|USA
1188,0.2756277546099277,0.3267863832608681,0.22452436996025305,0.17306149216895117,303.0993568895066,247.34853158613558,372.7547330521895,BRA|CHN|IND|MEX|USA
1189,0.24734140011526715,0.33039504768648,0.2492367667227518,0.17302678547550088,293.9174863837128,263.89608367786605,368.6483013805142,BRA|CHN|IND|MEX|USA
1190,0.23000900510612363,0.3819229835127054,0.26330604626285964,0.12476196511831131,289.9354819168491,261.518724109205,364.61132481236945,BRA|CHN|IND|MEX|USA
1191,0.291622812453458,0.3205151810939666,0.22980874898572082,0.15805325746685447,291.0821157672777,225.52443235860977,373.7471342945405,BRA|CHN|IND|MEX|USA
1192,0.2880957703526089,0.38798530708534673,0.20046880499202083,0.12345011757002358,289.11141503679005,258.1279820749936,373.52720119605726,BRA|CHN|IND|MEX|USA
1193,0.3823707214063654,0.2934998663166316,0.20364629846876137,0.1204831138082417,272.97194634256994,265.1467235838346,383.37628510333155,BRA|CHN|IND|MEX|USA
1194,0.2752072206673224,0.24309858432752715,0.2825397981664676,0.19915439683868294,289.01763541669493,252.60464532396355,371.02313861331305,BRA|CHN|IND|MEX|USA
1195,0.271014020968872,0.2786094165145257,0.26538042397166567,0.18499613854493654,279.35439617728883,244.92592196693167,370.86417040657193,BRA|CHN|IND|MEX|USA
1196,0.27663245506801054,0.30162286258674453,0.2249444603741085,0.19680022197113647,298.9915974512759,239.52335586748876,373.61523064916275,BRA|CHN|IND|MEX|USA
1197,0.22674004331787967,0.3888014693898752,0.3238237278690775,0.060634759423167754,317.0901773681442,243.75439542651048,359.53406332917166,BRA|CHN|IND|MEX|USA
1198,0.24215243711252882,0.39335432920124785,0.1924448538237617,0.1720483798624616,312.24897459497095,245.79023976779212,370.54249879518363,BRA|CHN|IND|MEX|USA
1199,0.31914937258995735,0.3221584496570482,0.21863965291207996,0.14005252484091454,319.5874736502956,249.14321020901912,376.59458002722846,BRA|CHN|IND|MEX|USA
1200,0.28501329228851796,0.24120676748385372,0.2512164922239655,0.22256344800366282,298.5397400218429,227.16882859868386,374.20113661623395,BRA|CHN|IND|MEX|USA
1201,0.4112053627764669,0.29876477895644427,0.16431320334166863,0.12571665492542014,270.54535153311974,246.22795851180913,388.3490260006538,BRA|CHN|IND|MEX|USA
1202,0.3404309269495129,0.30408994064901385,0.23029653290416138,0.12518259949731192,327.60947665508525,257.1987563230635,377.87856419723215,BRA|CHN|IND|MEX|USA
1203,0.30769608875939025,0.36116980722618747,0.26404716544749995,0.06708693856692241,278.92371355806745,268.88249633915296,371.014776603591,BRA|CHN|IND|MEX|USA
1204,0.3211832530780452,0.27783646259397177,0.27930260221785813,0.12167768211012488,326.0900284562205,260.8738454995613,373.56490529673385,BRA|CHN|IND|MEX|USA
1205,0.33031893647669114,0.31776641321775584,0.19717167780931974,0.15474297249623334,271.928506976104,256.404307087439,379.204574746681,BRA|CHN|IND|MEX|USA
1206,0.27353907415702666,0.33976559240030313,0.22064785321060726,0.166047480232063,302.7440434983894,227.6439515965282,372.4727471161751,BRA|CHN|IND|MEX|USA
1207,0.18738545026010003,0.3151606762753404,0.3537102598257605,0.1437436136387992,329.63499137950345,243.27478628449816,358.1246260461156,BRA|CHN|IND|RUS|USA
1208,0.28690154096952986,0.33742966423883597,0.21165918552576235,0.1640096092658718,313.48943834834387,249.88538211398279,374.22855352146365,BRA|CHN|IND|MEX|USA
1209,0.3615624858850751,0.30022060163661984,0.25387511329608126,0.08434179918222375,310.029643806767,251.00751882773415,377.78177412939215,BRA|CHN|IND|MEX|USA
1210,0.2570644549287646,0.3346127993213514,0.31677424620905154,0.09154849954083251,304.5716036915326,259.8964189244709,364.0902707157775,BRA|CHN|IND|MEX|USA
1211,0.2721198125474323,0.313607541919315,0.2651407496471829,0.1491318958860699,279.2464125817634,235.2224460942317,369.82753062061363,BRA|CHN|IND|MEX|USA
1212,0.28328889923519707,0.25326502063811396,0.16081281349607854,0.3026332666306104,291.06284647552314,238.04301378633315,380.5679360909878,BRA|CHN|IND|MEX|USA
1213,0.37156794275131094,0.31359547966567775,0.25160567903889747,0.06323089854411382,289.58097260090847,261.1524011284531,378.2651815656101,BRA|CHN|IND|MEX|USA
1214,0.372060019984828,0.2531245864581332,0.22498251159683166,0.14983288196020708,284.2668486988491,259.27052178505863,382.2949848817767,BRA|CHN|IND|MEX|USA
1215,0.35825173177535324,0.20044853681589675,0.3274041969465932,0.11389553446215679,300.33115141094345,258.08283545831466,376.73868874926865,BRA|CHN|IND|RUS|USA
1216,0.32445874950055603,0.36443451776768304,0.22023133519372762,0.09087539753803327,315.70863165745186,272.62010365987317,375.4949830588909,BRA|CHN|IND|MEX|USA
1217,0.30064216876665223,0.35061345640389036,0.26608093294959306,0.08266344187986431,297.6403580748163,237.27251740927576,370.67754374799233,BRA|CHN|IND|MEX|USA
1218,0.23676676772917113,0.2625878881667862,0.34397146688761254,0.15667387721643009,311.4232403162408,256.0806453244051,364.49796448672987,BRA|CHN|IND|RUS|USA
1219,0.3037752399966875,0.37376175362427405,0.24399759670500556,0.07846540967403301,316.70650767988707,258.8332280447604,371.8410086630729,BRA|CHN|IND|MEX|USA
1220,0.32562962622686054,0.33183533524739756,0.24908860832096966,0.09344643020477238,299.41962074580033,226.0224541349326,374.44310050766353,BRA|CHN|IND|MEX|USA
1221,0.23148085935870874,0.4162396169116261,0.20454083280450258,0.14773869092516267,304.5181130345373,244.10538584564623,368.0826283623189,BRA|CHN|IND|MEX|USA
1222,0.30435781913584004,0.2910115147186434,0.29121089432098457,0.11341977182453207,292.5814938374082,240.90153350198068,370.9765705049277,BRA|CHN|IND|MEX|USA
1223,0.32248143788329603,0.3161908789122003,0.20800512462220114,0.15332255858230248,305.23848949631576,252.76975623695935,377.8467902285528,BRA|CHN|IND|MEX|USA
1224,0.36525978401630016,0.3447326727743581,0.1750293369378196,0.11497820627152211,303.1856109135245,256.5065779395386,382.61727374857895,BRA|CHN|IND|MEX|USA
1225,0.4742387095496075,0.21907580901445925,0.17418988881508088,0.13249559262085261,320.2613955496207,261.1783300425415,394.8803153864154,BRA|CHN|IND|MEX|USA
1226,0.3010003093245519,0.45306913754331835,0.13018289477047273,0.11574765836165699,290.3939498506065,246.6719019977286,377.72781606809565,BRA|CHN|IND|MEX|USA
1227,0.3441244959310718,0.35467667109980205,0.20773626184398955,0.09346257112513665,295.8892098908736,269.7416916103598,378.2285037536567,BRA|CHN|IND|MEX|USA
1228,0.20405046411479696,0.3476533949124349,0.29222441682810846,0.15607172414465975,272.7269378252496,258.06473405722556,361.5886734969279,BRA|CHN|IND|MEX|USA
1229,0.23385854117342822,0.28889907518343816,0.3076195431820096,0.16962284046112383,279.14729224719576,259.8514074280923,364.54493328634715,BRA|CHN|IND|MEX|USA
1230,0.24216128812508894,0.334630424644536,0.2822150948479985,0.14099319238237656,318.222638768933,249.4414226568518,365.6125754660457,BRA|CHN|IND|MEX|USA
1231,0.3841884734265149,0.2311626774916344,0.21038344697994682,0.1742654021019038,311.5135020282843,273.5582867019267,385.0240352600966,BRA|CHN|IND|MEX|USA
1232,0.3225223042358944,0.22007378753124357,0.30144393817766474,0.15595997005519738,277.54579895799037,266.5894784268748,374.05881074451065,BRA|CHN|IND|RUS|USA
1233,0.3032499642442524,0.37354582539127507,0.17374127006965318,0.14946294029481927,316.1722691330067,254.60103559006342,377.1611072657047,BRA|CHN|IND|MEX|USA
1234,0.2732417240293826,0.30556501522659235,0.23123543957395937,0.18995782117006565,293.5341163295129,245.25485089205995,372.75536270553357,BRA|CHN|IND|MEX|USA
1235,0.33121192632556345,0.2322592849065307,0.29243084197876046,0.1440979467891456,295.50903441602884,255.5473855817312,374.7926530760022,BRA|CHN|IND|MEX|USA
1236,0.2663019018653086,0.23735472025429122,0.3533461871050848,0.14299719077531534,292.1978927214031,237.89202677744547,367.5285448000379,BRA|CHN|IND|RUS|USA
1237,0.3278822195418496,0.2808584679260801,0.18179312989023072,0.20946618264183942,288.12149113895634,266.8319664548545,381.39396864830076,BRA|CHN|IND|MEX|USA
1238,0.2979730385807673,0.42609334434669915,0.20680490370088975,0.06912871337164384,306.1162207135376,233.22331730556647,372.5417899508332,BRA|CHN|IND|MEX|USA
1239,0.33635222260213765,0.3711287180137692,0.18450976006333336,0.10800929932075984,292.2242696543234,252.61420199900786,378.8845006423387,BRA|CHN|IND|MEX|USA
1240,0.2341513857492067,0.2860178502737846,0.36442667552640634,0.11540408845060234,310.086057994635,235.61079070667358,362.53977989248455,BRA|CHN|IND|RUS|USA
1241,0.2701738814433024,0.34535933735516616,0.24980565947458477,0.13466112172694655,329.2998520092282,241.10338276358175,369.8190944006752,BRA|CHN|IND|MEX|USA
1242,0.26898454866961236,0.2032860682664445,0.2573364169487595,0.2703929661151836,310.38047794142204,236.107674041309,373.7734321880135,BRA|CHN|IND|MEX|USA
1243,0.23584468248103654,0.3063092337180085,0.22299566916357993,0.23485041463737516,311.37987268284746,231.53736730164636,370.5738457352869,BRA|CHN|IND|MEX|USA
1244,0.26577224090152163,0.32215828947766617,0.21605518894188974,0.19601428067892243,329.5837338625217,226.65078594299405,372.816348137635,BRA|CHN|IND|MEX|USA
1245,0.3188118100739208,0.3302311664484474,0.22893504575418286,0.12202197772344904,312.8593057217954,236.01891949520476,375.5228075565469,BRA|CHN|IND|MEX|USA
1246,0.263028514191104,0.3579610581921086,0.21330447974547206,0.16570594787131537,288.6040121923955,239.65884644414695,371.65817212536916,BRA|CHN|IND|MEX|USA
1247,0.2943092599793807,0.27946339294778494,0.19690841152421168,0.22931893554862273,273.15202759682245,247.63389585870547,377.78754340457783,BRA|CHN|IND|MEX|USA
1248,0.21223079714532958,0.3264185299995079,0.21357691710551677,0.2477737557496458,309.3647937926295,232.09886780441758,368.8793497685782,BRA|CHN|IND|MEX|USA
1249,0.290691095582586,0.37709378444396713,0.21024466313159815,0.12197045684184853,294.0539358554107,227.15415783348962,373.3296616830719,BRA|CHN|IND|MEX|USA
1250,0.2553896968091217,0.3541421199742261,0.26430518142773546,0.12616300178891682,325.9001127080984,227.50617092658675,367.32809873550013,BRA|CHN|IND|MEX|USA
1251,0.3098722044029823,0.29943131232381875,0.2210055999064818,0.16969088336671723,274.24300374486796,251.42921471837127,376.46195531433733,BRA|CHN|IND|MEX|USA
1252,0.26947124561126184,0.25738946540246466,0.26396202718767214,0.20917726179860147,324.00889683624325,233.09542816727557,371.5468645544298,BRA|CHN|IND|MEX|USA
1253,0.30893101598498746,0.3243523672116823,0.2160523025252799,0.15066431427805038,290.7829125968964,273.9673831139895,375.9594108989823,BRA|CHN|IND|MEX|USA
1254,0.3004905721760775,0.16850073996010412,0.3235315496116072,0.20747713825221115,288.4349403034683,239.43240945953727,374.2245897419113,BRA|CHN|IND|RUS|USA
1255,0.2674594672226089,0.3618716764540286,0.19168770010425898,0.17898115621910343,312.87274355230545,252.63598452932462,373.5078709782178,BRA|CHN|IND|MEX|USA
1256,0.1751014357311769,0.2659348471887675,0.45220580777585184,0.10675790930420355,270.68688702625707,268.55307803155716,356.4408706825262,BRA|CHN|IND|RUS|USA
1257,0.3338004510782025,0.2199686960427878,0.28092063534907863,0.16531021752993103,310.5593339317454,269.81027430992947,376.26166392846335,BRA|CHN|IND|MEX|USA
1258,0.2584523959102419,0.38342558900003065,0.23832994830372772,0.11979206678599975,322.2811845993534,254.28569413704867,368.5834518203209,BRA|CHN|IND|MEX|USA
1259,0.31099001960589046,0.287409829255548,0.1753016601178321,0.22629849102072935,280.2664728980732,264.42418699363736,380.4176088464207,BRA|CHN|IND|MEX|USA
1260,0.2100295518356273,0.2921834084852462,0.33608165086781744,0.16170538881130894,303.60874567978084,240.03407453890347,361.4135891504669,BRA|CHN|IND|RUS|USA
1261,0.33771534519163016,0.31819973923422423,0.19699972505124083,0.14708519052290464,292.0330879629543,270.10520778359836,379.75442201140027,BRA|CHN|IND|MEX|USA
1262,0.24956764748690838,0.338689462110638,0.27762837182376665,0.134114518578687,280.3344285368834,226.84563040861605,366.38166963687354,BRA|CHN|IND|MEX|USA
1263,0.2919025495713214,0.28144142327538246,0.28894961404983005,0.13770641310346604,319.3162142249058,231.4178507880859,370.5322392252889,BRA|CHN|IND|MEX|USA
1264,0.27711023070278973,0.39606306408036,0.16798259587937292,0.15884410933747722,287.94089878239635,230.36491643675902,374.92143161585506,BRA|CHN|IND|MEX|USA
1265,0.28241146701670555,0.32639409917593937,0.29605805152495357,0.0951363822824015,307.5568817014359,239.26653694584115,367.82316875018466,BRA|CHN|IND|MEX|USA
1266,0.3425743520704636,0.29851113803337315,0.12168726915286325,0.2372272407432999,326.18115601980367,271.2266826401865,386.4934387528731,BRA|CHN|IND|MEX|USA
1267,0.2955079133956057,0.31465197432468794,0.23383391723677702,0.15600619504292912,279.0593651948787,255.2814989936436,373.92034807575214,BRA|CHN|IND|MEX|USA
1268,0.37885803008156577,0.21474732918762085,0.28037873003851554,0.12601591069229784,301.1591863211379,236.31476298760475,379.8281600025919,BRA|CHN|IND|MEX|USA
1269,0.18892315859250805,0.34008828818592995,0.31170079585643506,0.15928775736512685,309.9533131931419,234.4375391638772,359.2242004022941,BRA|CHN|IND|MEX|USA
1270,0.29084934882831337,0.26988547148232267,0.30134324910287874,0.13792193058648522,280.8668029883837,243.94566087789818,369.8851505019607,BRA|CHN|IND|MEX|USA
1271,0.3652260699937408,0.25462631621233506,0.26421494005622653,0.11593267373769767,301.2592290470565,266.8581207217783,378.74847844108376,BRA|CHN|IND|MEX|USA
1272,0.33678556545736554,0.30161580672586724,0.15324448437374635,0.20835414344302075,277.99443398232535,228.38358562132453,383.55738712769556,BRA|CHN|IND|MEX|USA
1273,0.27667292503000657,0.2662521648930674,0.3414323971589037,0.11564251291802226,279.0267608322522,234.14509129899966,367.2787242267031,BRA|CHN|IND|RUS|USA
1274,0.24478924712041958,0.2925606953296989,0.3584684930030893,0.10418156454679224,290.1742795021292,274.8680864383896,363.18441571261303,BRA|CHN|IND|RUS|USA
1275,0.35297436341830657,0.2667452810019189,0.23647589354819373,0.1438044620315808,322.5473476624701,242.4086907329228,379.55545316423445,BRA|CHN|IND|MEX|USA
1276,0.2792437143043224,0.28291142547917786,0.2489671623334285,0.18887769788307124,314.0305976991146,229.67988720221436,372.587643113304,BRA|CHN|IND|MEX|USA
1277,0.28586373791200415,0.35757971755700424,0.21851570640908557,0.13804083812190612,290.2468767262609,226.32712140701693,372.97416133061233,BRA|CHN|IND|MEX|USA
1278,0.3804328521596269,0.2810871366190687,0.13966935507127726,0.19881065615002708,304.2108036900832,270.59639432743154,388.509144392488,BRA|CHN|IND|MEX|USA
1279,0.38546978587196795,0.29659539305063176,0.23527414795719953,0.08266067312020076,291.8301625131165,240.52820339856981,381.097049344983,BRA|CHN|IND|MEX|USA
1280,0.2928714598154071,0.32517581340507623,0.22135193878288645,0.16060078799663027,305.46100593172434,242.2932392182059,374.33292746826396,BRA|CHN|IND|MEX|USA
1281,0.28511721415245905,0.3435092557069957,0.28232382718478405,0.08904970295576119,294.6770011394597,272.0133562912383,368.5148100778232,BRA|CHN|IND|MEX|USA
1282,0.2370829847689236,0.27731978099961174,0.2655101750300356,0.2200870592014293,297.01654094556557,235.66288482838667,368.3692655565292,BRA|CHN|IND|MEX|USA
1283,0.2199646202126744,0.28904477635173814,0.2736310119276705,0.21735959150791695,307.5830444548916,264.5329417234445,366.0947668096515,BRA|CHN|IND|MEX|USA
1284,0.2462839601158184,0.3741990282671164,0.21263946410775153,0.16687754750931366,309.9319633878276,244.5084047310513,369.9341801923723,BRA|CHN|IND|MEX|USA
1285,0.28493661441284585,0.4049104167578365,0.2259516759452967,0.08420129288402092,312.7515365794086,227.64431366971303,370.80064502179073,BRA|CHN|IND|MEX|USA
1286,0.35708916121569584,0.3584662611838818,0.17536441215031082,0.10908016545011154,319.9145282287958,230.05311622985312,381.53699410444887,BRA|CHN|IND|MEX|USA
1287,0.37996732740824574,0.22319815805431925,0.288945794082937,0.10788872045449796,308.2436428796838,243.3151289408314,378.9835179961104,BRA|CHN|IND|MEX|USA
1288,0.2845164074216749,0.33806516301601564,0.2570907703445251,0.12032765921778447,273.6174903608059,270.86713872055213,370.56925079369114,BRA|CHN|IND|MEX|USA
1289,0.2585099986449386,0.24669909772897175,0.4059718245147399,0.08881907911134979,296.36301765300595,269.2396236156126,364.84159197800955,BRA|CHN|IND|RUS|USA
1290,0.30518733761755873,0.326532696583944,0.20753536063814543,0.16074460516035188,317.52804054038836,227.67741904728612,376.25859078309895,BRA|CHN|IND|MEX|USA
1291,0.34918090800873863,0.27583374175024106,0.23414954735723334,0.140835802883787,322.6646027070581,233.06626371723848,379.1548431260154,BRA|CHN|IND|MEX|USA
1292,0.28560545042271096,0.28462967430258007,0.26845894464832337,0.16130593062638546,280.20817396199425,244.5067570731419,371.5206788109293,BRA|CHN|IND|MEX|USA
1293,0.36658093019587273,0.27514583179386376,0.28553539139811746,0.07273784661214593,281.812555586971,254.70029761799773,376.5583907615486,BRA|CHN|IND|MEX|USA
1294,0.35064849167726075,0.3447591656235456,0.18545985574282975,0.1191324869563639,278.61086601893686,249.32462421137066,380.73366668268204,BRA|CHN|IND|MEX|USA
1295,0.3498216512307151,0.21617915476279456,0.2881434108721555,0.14585578313433478,310.578804368066,227.760440120565,377.0277024437521,BRA|CHN|IND|MEX|USA
1296,0.2672624054902608,0.32594743940907467,0.2490617596538989,0.15772839544676567,285.721284858174,230.93982900743944,370.28972228491,BRA|CHN|IND|MEX|USA
1297,0.38665511453462714,0.24809267912237062,0.21475460034284868,0.15049760600015347,274.2238742139377,243.11748198298613,384.3245996474285,BRA|CHN|IND|MEX|USA
1298,0.26223105102221,0.3728695900387528,0.19783429111766693,0.16706506782137032,316.8094671854428,274.0748396496727,372.29287182118026,BRA|CHN|IND|MEX|USA
1299,0.3360774434360546,0.22835202151930578,0.3250852987345577,0.11048523631008188,305.7769790281415,232.47990185603823,373.88572485764945,BRA|CHN|IND|RUS|USA
1300,0.3463262590307232,0.2855903856577075,0.22379274585952988,0.14429060945203945,291.38981585233375,261.5316437513868,379.41420445427775,BRA|CHN|IND|MEX|USA
1301,0.2844167117185661,0.32733459178111335,0.22892024024303628,0.15932845625728442,313.57383534603986,225.59140119952346,373.0565721586822,BRA|CHN|IND|MEX|USA
1302,0.23485004015255212,0.30874180681651625,0.30164210311206413,0.15476604991886747,293.3833202195142,254.63215850683872,364.42935903056093,BRA|CHN|IND|MEX|USA
1303,0.2864487465377255,0.34020070963205035,0.25742481511709225,0.1159257287131319,272.7142148379487,235.39152989977643,370.6183151949137,BRA|CHN|IND|MEX|USA
1304,0.41653948404700697,0.2348348089143842,0.2620439311604028,0.08658177587820601,290.70357134183814,272.5130084436826,383.3784191244225,BRA|CHN|IND|MEX|USA
1305,0.22008133544921338,0.28121791549402925,0.35849596217490265,0.14020478688185484,278.03011709008825,234.68306139863154,361.9444898354908,BRA|CHN|IND|RUS|USA
1306,0.3112039300802838,0.18744023678204016,0.34616132448206793,0.15519450865560816,283.5876791373531,235.95246201365978,373.37101140306413,BRA|CHN|IND|RUS|USA
1307,0.3414115607867518,0.209956501506369,0.33300180921127054,0.11563012849560873,272.4156747504964,266.4246149128842,374.8938622225931,BRA|CHN|IND|RUS|USA
1308,0.32947056635917266,0.30599438108458055,0.2214394077986032,0.14309564475764372,276.36351336657185,240.90534483508392,377.6751806878294,BRA|CHN|IND|MEX|USA
1309,0.3405635282694463,0.3285260347433453,0.16674379580459978,0.1641666411826086,291.74514163704,251.0484679477069,381.9359128910209,BRA|CHN|IND|MEX|USA
1310,0.2952296999561845,0.24757408646832413,0.3282591804399094,0.1289370331355821,306.0480022464894,253.15654524677234,369.92612880260515,BRA|CHN|IND|RUS|USA
1311,0.3398400313859676,0.2855441286297883,0.24095211811333295,0.13366372187091122,278.01736824323103,252.45219472449833,377.625443496633,BRA|CHN|IND|MEX|USA
1312,0.285336722277266,0.21089973215350186,0.3744621221547871,0.1293014234144451,319.70172105082133,248.74022559115096,369.4861433544145,BRA|CHN|IND|RUS|USA
1313,0.283233668025918,0.27964867281920297,0.22393758581646608,0.2131800733384129,295.5467967779942,235.5209696848635,374.89758580464104,BRA|CHN|IND|MEX|USA
1314,0.30713867355104524,0.3233756294548211,0.23413558963011197,0.1353501073640216,296.9573561372734,274.2638112647227,374.4800657195402,BRA|CHN|IND|MEX|USA
1315,0.33893797235502754,0.38808183384162775,0.14303713586773104,0.12994305793561373,317.42667907510224,257.3848374690917,381.6856113178004,BRA|CHN|IND|MEX|USA
1316,0.3056640466965476,0.35453054650706844,0.21099064824578645,0.12881475855059737,270.42080439963934,233.43293382498535,375.12108663915456,BRA|CHN|IND|MEX|USA
1317,0.2991233239739661,0.3557189771350463,0.2613965506050282,0.08376114828595943,328.6208236677331,257.87604724948596,370.75539110421687,BRA|CHN|IND|MEX|USA
1318,0.3611601846806435,0.26033814619305573,0.24508563307125317,0.13341603605504784,329.9047167124221,244.1273113317399,379.7173692683262,BRA|CHN|IND|MEX|USA
1319,0.315858246982252,0.3189862266843206,0.21884811055388803,0.14630741577953937,298.4116523812576,240.09761008224794,376.43668146546565,BRA|CHN|IND|MEX|USA
1320,0.27207537603404014,0.2771890873525169,0.26781035590259156,0.18292518071085134,302.8454607594196,266.5382420405331,370.80425032558355,BRA|CHN|IND|MEX|USA
1321,0.29085966522686013,0.215937639984783,0.23964905232236008,0.2535536424659968,289.2794553023452,249.95756090853948,376.3388595728189,BRA|CHN|IND|MEX|USA
1322,0.4256629691770148,0.22788995043554988,0.25191685345430403,0.09453022693313133,301.96303177058184,245.07123681297134,385.055028824406,BRA|CHN|IND|MEX|USA
1323,0.27869695903058456,0.2502743522316191,0.29612737983794574,0.17490130889985062,312.8089006715867,235.40876023642085,370.01473808774165,BRA|CHN|IND|MEX|USA
1324,0.2134747713827883,0.3307037377123796,0.28104387622674054,0.17477761467809172,314.1427510060548,241.4379151191008,363.69304179628443,BRA|CHN|IND|MEX|USA
1325,0.4872178864809878,0.24983520374494453,0.17456157008729725,0.08838533968677027,309.7320946272619,260.95733403371764,394.81907742840747,BRA|CHN|IND|MEX|USA
1326,0.24529096379437842,0.28641935644688404,0.26640663117776964,0.20188304858096778,319.98334435082046,244.2218534936435,368.6165537765689,BRA|CHN|IND|MEX|USA
1327,0.28183183368424713,0.3215979607241447,0.24743423344801216,0.14913597214359592,281.81069033641216,225.4912125931077,371.6400640272715,BRA|CHN|IND|MEX|USA
1328,0.3196289692536598,0.2867040548236933,0.18413869619704293,0.20952827972560395,302.18528656017554,245.4931139951462,380.4106915148178,BRA|CHN|IND|MEX|USA
1329,0.2762466303413821,0.2349299585182645,0.3465902134500622,0.14223319769029125,319.7232029037475,263.9172077491919,368.5761201248811,BRA|CHN|IND|RUS|USA
1330,0.33341151423218623,0.2769648886911286,0.21600648754491733,0.1736171095317679,288.00428798213443,238.16977328219232,379.3258593629792,BRA|CHN|IND|MEX|USA
1331,0.30323949752508506,0.25598190753279615,0.27719894406577184,0.1635796508763469,326.9745241896055,255.75875889728593,373.0990038469008,BRA|CHN|IND|MEX|USA
1332,0.44092113509053044,0.15140347405266605,0.24437165447366654,0.16330373638313705,303.2371915819059,273.3049453195432,389.25153853342,BRA|CHN|IND|MEX|USA
1333,0.23495347920599138,0.2800563369854125,0.3223610208911518,0.16262916291744417,302.0091690324249,236.9772707995232,364.2248638694556,BRA|CHN|IND|RUS|USA
1334,0.2679496876794387,0.3226051752978754,0.20392509872864023,0.20552003829404564,286.0609204969602,264.5279936494132,373.88806950251364,BRA|CHN|IND|MEX|USA
1335,0.31202846033499515,0.2455169737832091,0.2571351720783749,0.1853193938034209,300.3371971457914,232.3199911821671,375.6220720229353,BRA|CHN|IND|MEX|USA
1336,0.26614070840324444,0.28197545332483703,0.3162210530423492,0.13566278522956957,290.8944013003399,258.0580954198357,366.57577776909943,BRA|CHN|IND|RUS|USA
1337,0.40910779738494785,0.25489026527516667,0.2560407126471973,0.07996122469268824,285.4772764237904,257.3615191862864,382.63060126187474,BRA|CHN|IND|MEX|USA
1338,0.3741271587865096,0.212999505646812,0.21864141248875926,0.19423192307791917,278.5611272118146,243.11022176431945,384.23584896640244,BRA|CHN|IND|MEX|USA
1339,0.29729380514199577,0.3229689266920137,0.2526329321743844,0.12710433599160634,311.4767018104044,244.40097030136633,372.3509632025713,BRA|CHN|IND|MEX|USA
1340,0.27751289112524885,0.2725705726744641,0.302655899000089,0.14726063720019808,328.16687737358285,226.83283771113776,368.70470191416655,BRA|CHN|IND|MEX|USA
1341,0.32885644361093036,0.2834964336250334,0.25844686288658764,0.1292002598774485,296.9894636436386,225.01129617105457,375.5412400951021,BRA|CHN|IND|MEX|USA
1342,0.377981126305042,0.25947922173663257,0.1951518211260911,0.1673878308322344,300.7053266394063,262.814525855201,384.80198609474917,BRA|CHN|IND|MEX|USA
1343,0.20233615932838914,0.41080142904556677,0.28440717413368094,0.10245523749236315,309.395562694085,238.74190257750175,360.0045619359451,BRA|CHN|IND|MEX|USA
1344,0.2841710819592805,0.3433149512092394,0.2657984831616851,0.1067154836697948,280.90402289606203,228.53675079983324,369.7095812080527,BRA|CHN|IND|MEX|USA
1345,0.32104184821494597,0.20966793834154768,0.39953752919390845,0.06975268424959795,285.79911999479907,260.9051620628325,371.3159060709638,BRA|CHN|IND|RUS|USA
1346,0.19253940465764632,0.41386168651794725,0.23515194902414108,0.15844695980026535,294.2848760892091,227.57540478371388,362.92784682407654,BRA|CHN|IND|MEX|USA
1347,0.2977538766569983,0.28074011000218435,0.30576161741394375,0.1157443959268735,282.61157979037586,263.22531983563346,369.710034553073,BRA|CHN|IND|MEX|USA
1348,0.24642975625727634,0.3460138525058334,0.31839019696205295,0.08916619427483746,291.2805144301835,262.0525976051531,362.804701685179,BRA|CHN|IND|MEX|USA
1349,0.35827745002263106,0.35018587420869857,0.19741759793298336,0.09411907783568708,275.00315845773434,241.4887406352912,380.2145217242557,BRA|CHN|IND|MEX|USA
1350,0.3060619380300243,0.37204016330008294,0.23336200142516295,0.08853589724472981,314.1373347138718,244.97379691128933,372.87747776447327,BRA|CHN|IND|MEX|USA
1351,0.3271963259128928,0.4200793979265564,0.16351259736125903,0.08921167879929176,310.91889488464045,242.540992434105,378.2115929116543,BRA|CHN|IND|MEX|USA
1352,0.3301148227597062,0.2559666209016201,0.23974228534188088,0.1741762709967929,310.65125258942436,242.11140042915397,377.9544586931769,BRA|CHN|IND|MEX|USA
1353,0.31501185832080697,0.357228847774709,0.27183880393185067,0.055920489972633235,298.0765116432121,256.1627406457789,371.0940843119087,BRA|CHN|IND|MEX|USA
1354,0.35471889558796016,0.2710297842018696,0.24864669693614508,0.1256046232740253,308.56835841687064,259.5368990705087,378.61896499632866,BRA|CHN|IND|MEX|USA
1355,0.2947495645466071,0.276648466776244,0.2477459241668899,0.18085604451025877,274.77840020744776,237.42698825595286,374.038948755024,BRA|CHN|IND|MEX|USA
1356,0.2895947346699568,0.3622070496110461,0.22735063880861092,0.12084757691038611,328.0880789835122,236.98322428937632,372.4286000630718,BRA|CHN|IND|MEX|USA
1357,0.19608948006589028,0.2899553527963224,0.30487375162258956,0.2090814155151977,329.67654278569,232.1084295496403,361.9070338161712,BRA|CHN|IND|MEX|USA
1358,0.3405364024236369,0.2839645444749222,0.24005270353091873,0.13544634957052204,324.4555463103592,267.57620755732484,377.79715020525873,BRA|CHN|IND|MEX|USA
1359,0.3495525394390591,0.25284674543509006,0.2538309555888104,0.1437697595370404,300.11808489867695,237.50148573584966,378.4301218965172,BRA|CHN|IND|MEX|USA
1360,0.2734145928888789,0.45442233941146365,0.19127908620027137,0.08088398149938611,308.96150809900814,258.0346172437348,370.9750972745088,BRA|CHN|IND|MEX|USA
1361,0.2613680093067203,0.3652169600670931,0.20348231404364947,0.16993271658253717,279.00264832686537,269.1465343516472,372.0469957039744,BRA|CHN|IND|MEX|USA
1362,0.30207079949471743,0.22021875439369418,0.2004707565433664,0.2772396895682222,283.5170530921525,230.63380364374018,380.01931054797365,BRA|CHN|IND|MEX|USA
1363,0.3263830026138513,0.23719305310846858,0.31804860248170547,0.11837534179597463,312.29890846381574,238.14113047672237,372.9907932216584,BRA|CHN|IND|RUS|USA
1364,0.26753823121884807,0.2595989887196796,0.3023742510471528,0.17048852901431955,292.9118921363995,259.07762196615846,368.4048272492404,BRA|CHN|IND|MEX|USA
1365,0.33778239733341797,0.25681870765050635,0.2923184803492398,0.11308041466683583,310.2621638156443,256.0446557169526,374.4924836516463,BRA|CHN|IND|MEX|USA
1366,0.3025271335651336,0.2990551095590806,0.23563309602878135,0.16278466084700463,276.00454035232036,253.74569843878703,374.8128366520495,BRA|CHN|IND|MEX|USA
1367,0.27795182476508934,0.29850789313547954,0.2219244397040201,0.20161584239541094,306.832436465953,234.3648741335582,374.04477527425263,BRA|CHN|IND|MEX|USA
1368,0.23140520035732134,0.33954413205841827,0.2634067625315607,0.1656439050526998,285.9349017641437,271.4204145560483,366.0847131845515,BRA|CHN|IND|MEX|USA
1369,0.33128919539023094,0.2611507669037066,0.296094376011163,0.11146566169489969,325.177877150312,225.5957955060449,373.58049903630126,BRA|CHN|IND|MEX|USA
1370,0.20977856929085892,0.3334091270265846,0.2810808828404521,0.1757314208421042,299.9445313151732,258.8221387448543,363.3270469810746,BRA|CHN|IND|MEX|USA
1371,0.3565471917880684,0.29384433289891415,0.218466032201145,0.13114244311187234,324.8354880668107,234.2856676484584,380.31296815174835,BRA|CHN|IND|MEX|USA
1372,0.3657413845843601,0.24821208651533203,0.24712182720223858,0.13892470169806917,306.73701879762416,237.25314903620404,380.29745413819603,BRA|CHN|IND|MEX|USA
1373,0.29772557485298007,0.3355612623934965,0.22697282095326363,0.13974034180025982,303.0317341838621,260.8262282049166,373.9287496626878,BRA|CHN|IND|MEX|USA
1374,0.29865391718948137,0.3055293721884177,0.23996675306228432,0.15584995755981654,279.9336974320072,273.72664840373716,373.98386786075883,BRA|CHN|IND|MEX|USA
1375,0.2808346645693306,0.40539065656772966,0.2314748712424482,0.08229980762049162,277.8256864582883,239.606949324005,370.0587948796251,BRA|CHN|IND|MEX|USA
1376,0.31233110505892786,0.28482515829335464,0.26659885226789004,0.13624488437982749,271.30928691470024,232.53404692483508,373.64635465708,BRA|CHN|IND|MEX|USA
1377,0.31413333838744384,0.3128810697390303,0.28072886692162635,0.09225672495189936,325.7526034297858,226.24835558625546,371.79246692519007,BRA|CHN|IND|MEX|USA
1378,0.31984012939981177,0.1974700670319954,0.338421123440111,0.14426868012808186,293.70156339642125,257.95432391149444,373.7621875227007,BRA|CHN|IND|RUS|USA
1379,0.3344374559877281,0.27356482402165044,0.16030221216448196,0.2316955078261394,275.85189590502125,253.02965145408191,383.7563575383222,BRA|CHN|IND|MEX|USA
1380,0.3259290509880366,0.35180208773274874,0.2187153948833209,0.10355346639589395,287.05418283046765,225.9050652956358,376.1304514097411,BRA|CHN|IND|MEX|USA
1381,0.32383247628346196,0.22058994563433584,0.2800611111986174,0.17551646688358474,288.8982322193151,238.52625161211742,375.5646169106068,BRA|CHN|IND|MEX|USA
1382,0.333722443625839,0.29443915507274043,0.22228401487690633,0.14955438642451427,301.6260126963508,241.46008165326973,378.3029674544669,BRA|CHN|IND|MEX|USA
1383,0.3382955053073216,0.28624663828459224,0.2205560061910974,0.15490185021698893,294.6944489883017,263.1979720734462,379.0413883442935,BRA|CHN|IND|MEX|USA
1384,0.3018369280736242,0.2815680571562416,0.3099883801250476,0.10660663464508645,270.7810981510758,269.0798011188923,369.6652062680888,BRA|CHN|IND|MEX|USA
1385,0.2657234174358119,0.28884642437100677,0.2708333193223452,0.17459683887083627,289.6499183705209,252.97249113636656,369.7221117840031,BRA|CHN|IND|MEX|USA
1386,0.3126783687993681,0.3502419364127519,0.20173813913097052,0.13534155565690945,313.18358377539886,254.14130057758328,376.4876826305644,BRA|CHN|IND|MEX|USA
1387,0.2623679679321555,0.3364480014857846,0.22245639715553953,0.17872763342652045,294.71737349859313,239.64686488041124,371.61083473053503,BRA|CHN|IND|MEX|USA
1388,0.22671451220409805,0.33000829010166766,0.25425367977749685,0.18902351791673755,318.232159449919,256.667967836561,366.7425409076805,BRA|CHN|IND|MEX|USA
1389,0.3093200998887387,0.21322068953627574,0.24877799882569573,0.22868121174928985,312.29628338337363,274.3740883992474,377.10648629558284,BRA|CHN|IND|MEX|USA
1390,0.21373758321002642,0.31008908285117187,0.34808905585073013,0.12808427808807155,309.0629495862452,246.42239334668864,360.4438899800341,BRA|CHN|IND|RUS|USA
1391,0.3104448368509464,0.29924790662891226,0.2221244113985344,0.16818284512160717,322.720633528594,235.89887697324832,376.4253280976091,BRA|CHN|IND|MEX|USA
1392,0.33231381335681964,0.36918770595601885,0.1771448265813759,0.12135365410578557,284.1502156849594,229.32827926257949,379.2078912563867,BRA|CHN|IND|MEX|USA
1393,0.28295542438106525,0.3457048798074516,0.2790335428143288,0.09230615299715429,280.8424986647014,235.93520896765273,368.5331277886455,BRA|CHN|IND|MEX|USA
1394,0.26451087278866076,0.34359263777109134,0.2195514883219381,0.1723450011183098,272.50620982932975,255.17411752479268,371.7595590881898,BRA|CHN|IND|MEX|USA
1395,0.2528750743059241,0.3029760030729097,0.30511828861776047,0.13903063400340573,315.7697468348167,228.94640741345628,365.6942648944912,BRA|CHN|IND|MEX|USA
1396,0.24680779402203118,0.33992085976053976,0.2474869070906308,0.16578443912679836,290.18328268722985,267.4846349274193,368.43233131724566,BRA|CHN|IND|MEX|USA
1397,0.3014454484039916,0.2650370007661863,0.24275198508695278,0.19076556574286918,328.89875924510557,225.9665727199173,375.2953606777967,BRA|CHN|IND|MEX|USA
1398,0.33667508766225424,0.3283488380771518,0.2013969227461608,0.13357915151443317,305.9469390531504,246.76705812930484,379.0121776710149,BRA|CHN|IND|MEX|USA
1399,0.2756098822063312,0.35378144645497145,0.2178587701401661,0.15274990119853132,280.986862624937,237.71724683152618,372.38400118269567,BRA|CHN|IND|MEX|USA
1400,0.35790323324235157,0.3132621298573654,0.2060735142522937,0.12276112264798941,326.1589416288327,232.60323707811497,380.72705769327865,BRA|CHN|IND|MEX|USA
1401,0.310401210394828,0.35700368014884803,0.26574647498447,0.066848634471854,309.0640440363063,253.01840209993333,371.2221549320127,BRA|CHN|IND|MEX|USA
1402,0.3180241077505459,0.2504671646306685,0.2637274874804051,0.1677812401383805,297.8578021149196,257.90126999836724,375.4055185289604,BRA|CHN|IND|MEX|USA
1403,0.32196528442029715,0.243139169865033,0.21739518029856467,0.21750036541610515,306.3356171688874,274.4093825166136,379.46679138093725,BRA|CHN|IND|MEX|USA
1404,0.4605323254773879,0.25137304702158597,0.22396266041292368,0.06413196708810244,319.68843855222644,265.1697419827723,389.01834061521924,BRA|CHN|IND|MEX|USA
1405,0.28781968691215265,0.3450116646234137,0.2636505720137925,0.103518076450641,279.32046013735857,229.8046901935624,370.08979778920497,BRA|CHN|IND|MEX|USA
1406,0.2633195822212838,0.1939722320810122,0.36700667376732654,0.1757015119303773,323.95118985388217,243.40816336833802,368.94512508603805,BRA|CHN|IND|RUS|USA
1407,0.2867491335367525,0.32590870146304995,0.2864887881396612,0.10085337686053615,308.2096802059805,228.88753727178985,368.8909745993518,BRA|CHN|IND|MEX|USA
1408,0.2577165961179218,0.2618514658035358,0.22440428536813445,0.256027652710408,328.2693962290195,225.23936577724444,373.54002677501956,BRA|CHN|IND|MEX|USA
1409,0.2849917314874039,0.2752826646453503,0.2722627904381001,0.16746281342914568,303.4288547415516,267.84624216657414,371.4889198709389,BRA|CHN|IND|MEX|USA
1410,0.3030991423290435,0.2797100535645284,0.29793245962478826,0.11925834448163991,324.3705110547287,259.08592917859386,370.73801413848486,BRA|CHN|IND|MEX|USA
1411,0.20100434324705554,0.3457452433272669,0.30428480393638163,0.14896560948929585,284.3149082189381,269.49450434857636,360.5050531424705,BRA|CHN|IND|MEX|USA
1412,0.271732809013889,0.35509954776399755,0.20780177196369296,0.16536587125842045,320.6575778624623,261.6781188736447,372.81858767401866,BRA|CHN|IND|MEX|USA
1413,0.3055178015249387,0.253895852204475,0.2909952207776099,0.14959112549297632,324.9139776913243,244.578382552827,372.28544532410217,BRA|CHN|IND|MEX|USA
1414,0.40288823141447866,0.1701149489741881,0.20753759397172775,0.21945922563960543,291.4808596924805,270.83510800606575,388.61717192443734,BRA|CHN|IND|MEX|USA
1415,0.3705641995685159,0.3890365737379151,0.1511142051870455,0.08928502150652355,297.2738583059517,238.72453722998284,383.39454956783754,BRA|CHN|IND|MEX|USA
1416,0.25079268367236224,0.2794157722352805,0.4036184634261233,0.06617308066623383,310.5748934708238,253.32125608859218,362.80162820431053,BRA|CHN|IND|RUS|USA
1417,0.35811794505381633,0.27425909669731036,0.24712149694128477,0.12050146130758853,297.1421198719103,248.33184462812227,378.8833566228278,BRA|CHN|IND|MEX|USA
1418,0.41157580521489573,0.2520676757101643,0.21954133317197586,0.11681518590296418,303.03090907165944,251.07643324477098,385.6866796628304,BRA|CHN|IND|MEX|USA
1419,0.29269196769539935,0.2668797902355792,0.3294039988453848,0.11102424322363674,271.6851733814678,270.53126665717235,368.78669254094905,BRA|CHN|IND|RUS|USA
1420,0.3547511055177543,0.26940982316049683,0.2528558812423608,0.12298319007938811,273.88743337750145,245.4523910910577,378.3533436263979,BRA|CHN|IND|MEX|USA
1421,0.28079483139989536,0.30306415087077043,0.2760595593740436,0.14008145835529065,272.07502013358896,232.57209696928956,369.9843769751408,BRA|CHN|IND|MEX|USA
1422,0.24914080685019793,0.26991794859094825,0.35325411737521323,0.12768712718364067,311.53825565112606,239.2553593317541,364.74348188056626,BRA|CHN|IND|RUS|USA
1423,0.3853787755387427,0.2777943285048335,0.16785576164507873,0.16897113431134497,271.03117066767743,274.22175088835513,386.8372076828683,BRA|CHN|IND|MEX|USA
1424,0.20307697369075522,0.2035912922852769,0.3923179341832764,0.20101379984069165,289.0791204039801,269.0208621703325,363.33938252940766,BRA|CHN|IND|RUS|USA
1425,0.24984043673509962,0.23964646179250018,0.33065498197492266,0.17985811949747754,288.99713407693247,258.4973617466918,366.9581999952874,BRA|CHN|IND|RUS|USA
1426,0.3952030005188683,0.2276460973507386,0.11935758769034036,0.2577933144400527,282.7239328539304,271.09451594933904,392.893029013123,BRA|CHN|IND|MEX|USA
1427,0.3531602218609531,0.3041203773848252,0.1900754236157399,0.15264397713848174,287.58914910074134,234.9187218448011,381.889642887378,BRA|CHN|IND|MEX|USA
1428,0.2975507340723494,0.30181515862910263,0.23496396482408968,0.16567014247445838,329.727973786216,230.4960609541553,374.4035206098025,BRA|CHN|IND|MEX|USA
1429,0.3084215166266314,0.2576810672395953,0.2502934066747282,0.18360400945904487,320.7475557239058,253.34662664152236,375.4793999404484,BRA|CHN|IND|MEX|USA
1430,0.19538171745208693,0.40595247313868765,0.19931318289410424,0.19935262651512112,284.9237977373158,250.88313137854996,366.1267621118025,BRA|CHN|IND|MEX|USA
1431,0.3262294093572985,0.3442727067955098,0.25301526901548416,0.07648261483170753,315.95093094966415,257.1988476698447,373.7844835078238,BRA|CHN|IND|MEX|USA
1432,0.16904321058241475,0.29469538186868793,0.29871751219792975,0.23754389535096754,281.0474453173587,256.44659827805094,360.2077961452877,BRA|CHN|IND|MEX|USA
1433,0.3405659344714355,0.31710644594122384,0.2618360611554014,0.08049155843193934,276.86677632758335,236.24623791850277,375.06293830743334,BRA|CHN|IND|MEX|USA
1434,0.25894438600105896,0.3351480058795164,0.1623505927137669,0.24355701540565788,277.48248860483125,252.61322740917842,375.9770383384805,BRA|CHN|IND|MEX|USA
1435,0.31147942352202357,0.20814754376100078,0.3528515122171445,0.12752152049983098,284.833971451208,272.9454237266328,372.1903359371558,BRA|CHN|IND|RUS|USA
1436,0.2781144671377824,0.38752263959096483,0.23654416432024108,0.09781872895101165,285.924054258248,264.5751713433439,370.0506448410172,BRA|CHN|IND|MEX|USA
1437,0.18874348101993924,0.4274905000213266,0.31273355394830904,0.07103246501042523,293.7326731269224,249.04781094115822,356.29204457244043,BRA|CHN|IND|MEX|USA
1438,0.3024703969022044,0.3041350462410835,0.24603074673699524,0.1473638101197169,277.91963979769406,232.31622603983342,373.8514369855467,BRA|CHN|IND|MEX|USA
1439,0.23041689024036402,0.41390519884083765,0.2656130472249435,0.09006486369385487,298.3208600678548,258.9231149708283,363.4267025812816,BRA|CHN|IND|MEX|USA
1440,0.26794088302491714,0.4021794070387586,0.25325640760930035,0.07662330232702412,297.6563698714946,268.60124344456233,367.5435716574881,BRA|CHN|IND|MEX|USA
1441,0.31142080771059755,0.4140898516391606,0.19961301611014773,0.0748763245400942,329.4934076517149,235.20995529237493,374.4812118885549,BRA|CHN|IND|MEX|USA
1442,0.2941045837944346,0.2889428143310922,0.2542153905327157,0.16273721134175745,302.93397111965186,260.09917435788134,373.0985650753482,BRA|CHN|IND|MEX|USA
1443,0.2442576041835485,0.2635544987135443,0.34826528861934775,0.14392260848355962,301.8841612828803,240.48908929379306,364.854334051431,BRA|CHN|IND|RUS|USA
1444,0.2425159325683786,0.31236886841464634,0.29695862607500423,0.1481565729419707,302.96386091064716,256.8273114807596,365.23918895330627,BRA|CHN|IND|MEX|USA
1445,0.24909788355217757,0.3944652054461285,0.1793329394182322,0.17710397158346175,326.6049103367061,256.8750932416574,372.0225249490777,BRA|CHN|IND|MEX|USA
1446,0.23476692249716943,0.36963400719383693,0.2617790029441783,0.13382006736481536,325.05430610432563,230.0055889016919,365.48131533621853,BRA|CHN|IND|MEX|USA
1447,0.24046756475146316,0.253538279005834,0.3389766495485442,0.16701750669415874,327.9837066452848,235.64108021554136,365.35530830532525,BRA|CHN|IND|RUS|USA
1448,0.2888064478695456,0.3771198563746413,0.2123831469488849,0.1216905488069281,320.275327610217,243.84445472210854,373.0255482665084,BRA|CHN|IND|MEX|USA
1449,0.2931754607830802,0.3207660448334888,0.22363099574551937,0.16242749863791167,290.14689290662625,252.5805930575914,374.32523978638926,BRA|CHN|IND|MEX|USA
1450,0.2826034063796855,0.3800742033336717,0.25626593131419956,0.08105645897244321,311.09395847208623,237.0113919336034,369.1245559319702,BRA|CHN|IND|MEX|USA
1451,0.2542427688144353,0.397587527965535,0.26489717596266993,0.08327252725735997,296.10305967127283,249.0720046845254,365.7858451566462,BRA|CHN|IND|MEX|USA
1452,0.39007865289783356,0.3175597672394729,0.1983906416710844,0.09397093819160918,329.37290271140824,258.4363812458623,383.5688784893323,BRA|CHN|IND|MEX|USA
1453,0.29458974773491964,0.3073772335384776,0.33497035906070377,0.06306265966589883,308.3234498752679,237.3097747807701,366.8155665960179,BRA|CHN|IND|RUS|USA
1454,0.3444046640316346,0.28446752597632136,0.18300867050480782,0.18811913948723633,295.261091511485,271.54277481323516,382.4145591185829,BRA|CHN|IND|MEX|USA
1455,0.365034719786832,0.2286085346645282,0.3001232132360442,0.10623353231259566,302.0612363694562,273.0603878241671,376.8441351064763,BRA|CHN|IND|MEX|USA
1456,0.3758042413455238,0.19238679848527243,0.30388662710994935,0.12792233305925432,273.3323032823714,250.42094445103913,379.1380954322641,BRA|CHN|IND|RUS|USA
1457,0.21705775757506343,0.29591879163725726,0.26142235404179603,0.22560109674588313,270.2265857057523,262.8737514653474,366.5849858303916,BRA|CHN|IND|MEX|USA
1458,0.26612422905683497,0.3230860156566374,0.23468445468267232,0.1761053006038552,316.23600468778767,274.9717777052925,371.3932184685749,BRA|CHN|IND|MEX|USA
1459,0.27099528836416753,0.3533536105948523,0.2175403235662659,0.15811077747471428,273.2624795624287,262.9804209559883,372.0785031440471,BRA|CHN|IND|MEX|USA
1460,0.3006952839466264,0.3576338942341646,0.1946123005026877,0.14705852131652142,322.08444649171605,268.2969071252598,375.8979285728191,BRA|CHN|IND|MEX|USA
1461,0.26375379114830716,0.32343173914554224,0.3457023157394219,0.06711215396672879,288.3195284725568,270.30311404921997,363.48671801940037,BRA|CHN|IND|RUS|USA
1462,0.18664065278264683,0.24644515198874772,0.3954391294976595,0.17147506573094587,304.5580148790207,228.6977923522386,360.0134767055762,BRA|CHN|IND|RUS|USA
1463,0.3386449936933869,0.28993843210573034,0.2485704627036509,0.12284611149723182,295.61399385122365,262.65635019499854,376.81328161461266,BRA|CHN|IND|MEX|USA
1464,0.24934619677091416,0.2947290132440932,0.21952215708184514,0.23640263290314759,300.3125706369732,233.56166868981697,372.2202464046686,BRA|CHN|IND|MEX|USA
1465,0.34802502577217326,0.32570492418977,0.17896017503570516,0.14730987500235165,284.9046527714535,260.6853048031205,381.6526029001829,BRA|CHN|IND|MEX|USA
1466,0.2945515094167342,0.3273174405236544,0.21034432951626542,0.16778672054334606,295.5232989857696,228.5536186403041,375.22702477714813,BRA|CHN|IND|MEX|USA
1467,0.2733091849990581,0.2611640348839572,0.3406540552534191,0.12487272486356563,276.61525917234763,253.14183645256438,367.3037937244457,BRA|CHN|IND|RUS|USA
1468,0.3080082785134215,0.23073626879584133,0.2830520672170968,0.17820338547364029,312.08133649809474,233.9434286639839,373.8285958959455,BRA|CHN|IND|MEX|USA
1469,0.25470615849867134,0.27972031213282456,0.3124659974144881,0.15310753195401605,302.31924449369416,245.27006876837947,366.0265579271188,BRA|CHN|IND|MEX|USA
1470,0.3046155951544076,0.28118431814010275,0.29341791016541446,0.12078217654007517,303.24579764145886,236.962983387136,371.1469655577389,BRA|CHN|IND|MEX|USA
1471,0.2534756995046011,0.23541055481499243,0.24714443004131204,0.2639693156390944,273.6796119719231,226.8432119380743,372.35101516876006,BRA|CHN|IND|MEX|USA
1472,0.2791092584807626,0.3005071046710306,0.14847799048665686,0.27190564636154996,270.8895026156061,269.2120115835109,379.661236173504,BRA|CHN|IND|MEX|USA
1473,0.19697760913879328,0.23996691689006772,0.4220448064438683,0.14101066752727065,325.61513432687343,243.4925596429582,360.21722437878395,BRA|CHN|IND|RUS|USA
1474,0.3459796143943541,0.29761266390420393,0.2181381612727245,0.13826956042871744,287.5692545507268,271.8476427559192,379.4285022855678,BRA|CHN|IND|MEX|USA
1475,0.3516991967667866,0.31005491838701676,0.25800010594056433,0.08024577890563228,312.2651902280629,269.2097612393262,376.41342283642024,BRA|CHN|IND|MEX|USA
1476,0.3351307568912603,0.21651070999037084,0.23927952293346783,0.2090790101849011,281.02818396539925,227.45016511776873,379.64536445628164,BRA|CHN|IND|MEX|USA
1477,0.3524252615163809,0.2134790073723849,0.16232358824760332,0.271772142863631,310.4588876485125,269.6164368250982,386.89442583812195,BRA|CHN|IND|MEX|USA
1478,0.23613456019664564,0.23760538907160186,0.32214077004961816,0.20411928068213434,310.9657260152473,231.9671855493077,366.3401480928226,BRA|CHN|IND|RUS|USA
1479,0.2528135243022411,0.3593347980131688,0.2986434744232738,0.08920820326131644,288.47606792293243,249.2065209108838,364.3515838533333,BRA|CHN|IND|MEX|USA
1480,0.2729508850311026,0.32020119065411284,0.24494189332717772,0.16190603098760695,329.5393043638255,240.1788547873133,371.2139348147191,BRA|CHN|IND|MEX|USA
1481,0.2814455157288077,0.3597855155504613,0.25347090972641867,0.1052980589943125,319.3937048551446,238.95012431979086,369.91052508650307,BRA|CHN|IND|MEX|USA
1482,0.27590643939503734,0.37441261886655325,0.2461672739218179,0.10351366781659169,293.869874357776,234.81505126563053,369.57911370738697,BRA|CHN|IND|MEX|USA
1483,0.19971738791194543,0.30194800027967206,0.3246906518059321,0.17364396000245044,273.7201223753639,268.28829733839257,360.5691849227534,BRA|CHN|IND|RUS|USA
1484,0.16789866845642257,0.3953526233997992,0.2356217724486917,0.20112693569508638,273.25479855643516,245.8650595976516,361.65844412247134,BRA|CHN|IND|MEX|USA
1485,0.25221328619256583,0.2747730969987166,0.2770735664193592,0.19594005038935827,279.04002227720866,265.8389709689124,368.69789788982337,BRA|CHN|IND|MEX|USA
1486,0.29041853196350487,0.4162488035387127,0.21100314123857608,0.08232952325920638,302.6762217328574,255.74339548146136,371.9792556312389,BRA|CHN|IND|MEX|USA
1487,0.29473018156597897,0.2500337117052786,0.28310954191135135,0.17212656481739105,303.20230543282054,253.0368511548598,372.2083030628831,BRA|CHN|IND|MEX|USA
1488,0.35419242471709694,0.21609444857278712,0.26369243349245036,0.16602069321766558,315.9320458231755,239.89473243314205,379.2186581290986,BRA|CHN|IND|MEX|USA
1489,0.3351613030992446,0.339707219451318,0.1765966844994344,0.148534792950003,325.52030920124633,259.49672384900873,380.4196647954633,BRA|CHN|IND|MEX|USA
1490,0.3653340131599635,0.20726993567447452,0.23660119067450144,0.1907948604910604,282.1994561840663,261.04227042078844,382.39898734615235,BRA|CHN|IND|MEX|USA
1491,0.31491176772866747,0.32544311166812834,0.2389423374414704,0.12070278316173372,283.87139428964457,271.12504565957136,374.625581810732,BRA|CHN|IND|MEX|USA
1492,0.4934893580454935,0.24998151103547694,0.15974602045071212,0.09678311046831745,288.89430533891533,227.73652371435017,396.41003902364776,BRA|CHN|IND|MEX|USA
1493,0.30015014814006064,0.27180827508784516,0.29200128395739267,0.13604029281470148,289.22321100216243,231.98775882008977,371.22700356031703,BRA|CHN|IND|MEX|USA
1494,0.27635907777801005,0.2423624695015549,0.24677511573667557,0.23450333698375941,282.10848766104584,248.8508008420158,373.8574309695606,BRA|CHN|IND|MEX|USA
1495,0.22599538756228807,0.38408712947614126,0.28521401093454407,0.10470347202702665,314.6217228736602,240.51513027308883,362.5731262476288,BRA|CHN|IND|MEX|USA
1496,0.2840029939948005,0.21321898204694917,0.3207917057861745,0.1819863181720759,278.89167458172835,237.73108241991227,370.99328456940555,BRA|CHN|IND|RUS|USA
1497,0.24456342010147,0.38262402942232887,0.15629929844382182,0.21651325203237917,280.66273244269706,271.6825719815041,373.8243334537369,BRA|CHN|IND|MEX|USA
1498,0.3601804576796592,0.28560846133269163,0.20230011870528533,0.1519109622823638,327.175832009923,257.4512151458372,382.0827037022849,BRA|CHN|IND|MEX|USA
1499,0.3100095816515364,0.2553551605500659,0.23263947528661677,0.2019957825117808,312.26172784667307,268.19601736632336,377.018141363529,BRA|CHN|IND|MEX|USA
1500,0.33110892618377963,0.3268104510764408,0.29767436186645074,0.044406260873328815,281.42915264976705,249.4241698144933,371.3131250770508,BRA|CHN|IND|MEX|USA
1501,0.3322423998624397,0.2603965661641058,0.2757195385491017,0.13164149542435274,311.9061335151917,252.67949616684925,375.2281704098661,BRA|CHN|IND|MEX|USA
1502,0.36150477306510737,0.2827413922485907,0.266675537300987,0.08907829738531493,320.3491835148895,239.12966441106633,377.3703059645109,BRA|CHN|IND|MEX|USA
1503,0.2861290855124834,0.28906769850174774,0.2872901214893445,0.13751309449642432,316.9123977273687,250.41764680098743,369.980884643663,BRA|CHN|IND|MEX|USA
1504,0.3076478784582526,0.2681176230802173,0.1909825389643335,0.23325195949719665,316.86048849740615,259.03802965859853,379.6010178480656,BRA|CHN|IND|MEX|USA
1505,0.30603872125013215,0.29882039745914407,0.2343567022643088,0.16078417902641504,319.6691456864663,251.15689637954063,375.1792169788282,BRA|CHN|IND|MEX|USA
1506,0.20131218121683656,0.3109358086968659,0.23314163979148414,0.25461037029481354,307.92634761177914,250.47442140377285,367.0788574329647,BRA|CHN|IND|MEX|USA
1507,0.2931905102907844,0.38382346377656434,0.21618341306246028,0.10680261287019094,275.5562209303791,244.51515716154447,372.84470084316007,BRA|CHN|IND|MEX|USA
1508,0.3046729088115134,0.36959951562979815,0.15884998439037767,0.16687759116831077,321.3968625982885,238.253419831045,378.5297448383687,BRA|CHN|IND|MEX|USA
1509,0.3489679083985826,0.2724005066519061,0.2487927493421603,0.1298388356073509,296.16955192380175,244.23240395873643,378.1350075754786,BRA|CHN|IND|MEX|USA
1510,0.28986376377654854,0.30459714153355316,0.19619794267908217,0.20934115201081616,322.5716204583651,225.72008012842457,376.69389018025566,BRA|CHN|IND|MEX|USA
1511,0.2647358642179952,0.33324422528245407,0.21358429551318356,0.18843561498636727,325.86883600097144,235.50259570200845,372.5671690756371,BRA|CHN|IND|MEX|USA
1512,0.23065620291227082,0.3050400211670953,0.3105670889260581,0.15373668699457582,325.36956017040643,239.39889308831775,363.55740700439736,BRA|CHN|IND|MEX|USA
1513,0.3160699011826237,0.31285480848941327,0.21324008112082743,0.15783520920713562,292.3212456225648,255.3785913106868,377.0789072937687,BRA|CHN|IND|MEX|USA
1514,0.28288574905018865,0.3616992616773258,0.2267712400142386,0.12864374925824706,312.38585456349756,248.94457246531752,371.98960521932844,BRA|CHN|IND|MEX|USA
1515,0.30524474226652704,0.34799502777605057,0.1849145532948576,0.16184567666256477,297.39726842515205,249.58842517260965,377.28873322991916,BRA|CHN|IND|MEX|USA
1516,0.3255463126035576,0.311032565591154,0.21994469129306077,0.14347643051222764,317.9036573942139,272.7766080484732,377.3330873856853,BRA|CHN|IND|MEX|USA
1517,0.2841205616305464,0.28006171948787106,0.31667221490807196,0.11914550397351074,292.6374731771806,256.2561147471336,367.9476144216364,BRA|CHN|IND|RUS|USA
1518,0.3814613512244255,0.2502624761549514,0.2655890842069719,0.10268708841365125,293.04849814668955,268.73884774901995,379.9946765638392,BRA|CHN|IND|MEX|USA
1519,0.30494747488365537,0.3821339359719693,0.199347845645032,0.1135707434993433,315.8309261044266,266.42929455585494,375.05772215444534,BRA|CHN|IND|MEX|USA
1520,0.17805414115619791,0.4693184750248597,0.17817618174008729,0.17445120207885514,309.40155752844913,227.4036911340468,364.3875228090374,BRA|CHN|IND|MEX|USA
1521,0.3279858140105781,0.3315572483642573,0.16227435058120332,0.1781825870439613,295.954881328097,235.60480355515173,381.2412090586955,BRA|CHN|IND|MEX|USA
1522,0.214955134944751,0.35977851330107247,0.2647091428866987,0.1605572088674778,304.513698228998,272.8550254349177,364.1029125404126,BRA|CHN|IND|MEX|USA
1523,0.3089957125094526,0.2873151927487096,0.19914653144508962,0.20454256329674816,303.45535966672026,238.4567643563491,378.4556358292909,BRA|CHN|IND|MEX|USA
1524,0.4189102797964768,0.2827809859509597,0.20519520340812936,0.09311353084443416,294.4944503664741,232.0157827901893,386.3277828299572,BRA|CHN|IND|MEX|USA
1525,0.3023715641268698,0.25174416478844824,0.32640737893278166,0.11947689215190044,326.47040743214103,257.6733916381843,370.30092264162965,BRA|CHN|IND|RUS|USA
1526,0.2892862211827292,0.2883979757891373,0.22481162668067284,0.19750417634746065,304.82872470013547,269.0886940429039,374.9974438170518,BRA|CHN|IND|MEX|USA
1527,0.35425452026038884,0.17648328187745585,0.3237981154067247,0.1454640824554307,322.88752202524574,228.66483599102025,377.7080933869523,BRA|CHN|IND|RUS|USA
1528,0.2150451508415339,0.30573345240394134,0.26219588383900827,0.21702551291551658,278.1117524689194,245.13990786955026,366.05725053655505,BRA|CHN|IND|MEX|USA
1529,0.3304019209733549,0.21353555660172344,0.2442787083842488,0.21178381404067295,273.18818570183026,245.41696872087496,379.00902976224427,BRA|CHN|IND|MEX|USA
1530,0.24627175146352842,0.3301139158415268,0.3448968491870614,0.0787174835078834,270.12233640216834,245.39353575749618,361.93479007007414,BRA|CHN|IND|RUS|USA
1531,0.2810679980676249,0.3659781145072854,0.22695786251715894,0.12599602490793066,329.48551232595577,225.0584986824311,371.7009762753412,BRA|CHN|IND|MEX|USA
1532,0.3275455951378774,0.17528143801812782,0.3151453451571104,0.18202762168688427,298.90472553210077,273.0917390720103,376.1178977439559,BRA|CHN|IND|RUS|USA
1533,0.3035562571250468,0.2869432314533879,0.25456205209820343,0.15493845932336203,327.21333551490216,233.68055772092094,373.8410206444273,BRA|CHN|IND|MEX|USA
1534,0.28771699303116777,0.2858483878736565,0.3032153276358424,0.12321929145933337,280.6056635035583,256.9441902207509,368.9905512008381,BRA|CHN|IND|MEX|USA
1535,0.34688678265304657,0.2515144512383144,0.31170861392311205,0.08989015218552707,314.327642333333,233.53108628660505,373.9875129865379,BRA|CHN|IND|RUS|USA
1536,0.39347968551553625,0.24455508302174916,0.24286606644183978,0.11909916502087477,289.0288265140427,272.5770639216189,382.80623370153273,BRA|CHN|IND|MEX|USA
1537,0.26429204725498406,0.21455104160295854,0.25152670590217585,0.2696302052398816,274.97845913708437,263.0998733097392,373.5005095416133,BRA|CHN|IND|MEX|USA
1538,0.3231716172110923,0.18519731835632924,0.2353725275573061,0.25625853687527234,273.29601887990117,272.35292022813087,380.06989289283337,BRA|CHN|IND|MEX|USA
1539,0.3320033693304506,0.2554070502275546,0.27017055807084944,0.14241902237114554,301.7367702895037,246.95715164774657,375.7952286084241,BRA|CHN|IND|MEX|USA
1540,0.36931116355278193,0.25257035844225684,0.2371439006363036,0.14097457736865765,317.3147298328355,267.4211537682966,381.18181291826477,BRA|CHN|IND|MEX|USA
1541,0.3250473710071791,0.33523467037074606,0.21342204797653272,0.1262959106455421,323.29273566199157,266.02639100112293,377.00639456401854,BRA|CHN|IND|MEX|USA
1542,0.24329760982939475,0.3422747074262287,0.3288761692920775,0.08555151345229906,271.2211134922109,248.96120697543103,361.89411273385383,BRA|CHN|IND|MEX|USA
1543,0.250651403831311,0.4042306319433934,0.18957884093090505,0.15553912329439049,291.45020896152283,244.29543969520967,371.04035240370723,BRA|CHN|IND|MEX|USA
1544,0.2247085818020717,0.35094656003041,0.20702721234284976,0.21731764582466856,293.71111816493044,265.67889282389416,369.51053594434893,BRA|CHN|IND|MEX|USA
1545,0.2660264602224868,0.40452301961994597,0.16226464865066692,0.16718587150690034,319.0845332473819,235.7176461269566,374.2566928959023,BRA|CHN|IND|MEX|USA
1546,0.3482100410808377,0.27791532457975837,0.2141348383104476,0.1597397960289564,297.0925317747988,251.03867398903378,380.53964168449625,BRA|CHN|IND|MEX|USA
1547,0.3921069408531279,0.21190687186838517,0.2198772782342516,0.1761089090442353,329.6354932079844,267.4278925139482,385.51620200952067,BRA|CHN|IND|MEX|USA
1548,0.2930560456838878,0.37996530973760273,0.23246879188095967,0.09450985269754966,291.1128071658136,260.1198384152139,371.7194187934124,BRA|CHN|IND|MEX|USA
1549,0.24773796653851973,0.3159459320840723,0.27348505718004296,0.16283104419736508,319.64471925257936,257.9769615501793,367.30009238928415,BRA|CHN|IND|MEX|USA
1550,0.3840031069020398,0.34686362608318844,0.16280385950419043,0.10632940751058122,287.7506816012841,258.35943401162376,384.87523965999185,BRA|CHN|IND|MEX|USA
1551,0.2859572377093384,0.36060752233028387,0.14473022271449426,0.20870501724588353,329.41127425071244,236.1314653752342,378.5037927905522,BRA|CHN|IND|MEX|USA
1552,0.2020595593599055,0.32544221715229577,0.24570764662454814,0.22679057686325052,321.2105092216924,226.3322304828818,365.7058452531682,BRA|CHN|IND|MEX|USA
1553,0.21138985072609115,0.30950093809298995,0.20727908737508716,0.2718301238058316,327.17540912467035,245.44154730796043,369.846227779997,BRA|CHN|IND|MEX|USA
1554,0.24754898612934145,0.4155189678818719,0.1863225366446511,0.15060950934413558,324.2775526721099,259.46333990288804,370.69056677890904,BRA|CHN|IND|MEX|USA
1555,0.31415370064201464,0.23640747654677396,0.23905376595045943,0.21038505686075207,301.33169558603197,235.03111611349328,377.4538135936779,BRA|CHN|IND|MEX|USA
1556,0.3724822123630938,0.26007771355072135,0.20402503944065203,0.1634150346455328,329.10018958755836,240.18602489486722,383.69704983591544,BRA|CHN|IND|MEX|USA
1557,0.2880106082685044,0.2957101995205006,0.2936594805512723,0.12261971165972269,328.8301443144498,250.44482154145348,369.4199364610213,BRA|CHN|IND|MEX|USA
1558,0.22256751919313528,0.42350926638128533,0.26503064085654593,0.08889257356903335,293.89032430910703,243.05963442862674,362.5744290909788,BRA|CHN|IND|MEX|USA
1559,0.27204771791803495,0.2540117721814946,0.2081434441349158,0.2657970657655547,291.51468220588623,257.16974557772096,376.1008156227059,BRA|CHN|IND|MEX|USA
1560,0.2851130734128319,0.27463191396269077,0.2764253498485703,0.16382966277590708,294.2189107423144,229.75339237405393,371.2019942260074,BRA|CHN|IND|MEX|USA
1561,0.24391012181728755,0.3740313203336084,0.2339320468197785,0.14812651102932564,325.47991385142416,233.9751961721549,368.14075301688075,BRA|CHN|IND|MEX|USA
1562,0.27961712306851977,0.31076195947675084,0.2705823621155676,0.13903855533916182,289.4119411557438,253.5324782979245,370.06379175454344,BRA|CHN|IND|MEX|USA
1563,0.31794432791519317,0.35212819911003673,0.2284051568829735,0.10152231609179663,290.67178495455516,234.4473379660146,374.78703665809275,BRA|CHN|IND|MEX|USA
1564,0.36114704692099053,0.30624159663473666,0.14358404082825632,0.18902731561601632,313.89145762708057,228.8877594486164,385.9572752738665,BRA|CHN|IND|MEX|USA
1565,0.36269354331188125,0.2284844643255655,0.2680194602350945,0.14080253212745875,272.1040211782087,229.9942711614574,379.11951121870663,BRA|CHN|IND|MEX|USA
1566,0.31418265294974196,0.24504177525969342,0.3278796775265159,0.11289589426404892,315.8137921880498,249.99874312316794,371.424059687976,BRA|CHN|IND|RUS|USA
1567,0.31889026869585085,0.2942074387902418,0.19835743265916575,0.1885448598547416,315.2550666149346,251.9140325980957,379.0286611213722,BRA|CHN|IND|MEX|USA
1568,0.2618822764241422,0.3253710436102543,0.21897104758699407,0.19377563237860956,319.77804574153555,265.8273743903396,372.20012279365994,BRA|CHN|IND|MEX|USA
1569,0.36617802566398766,0.23844860739512921,0.19677183168269236,0.19860153525819085,310.937864471865,251.18636618053534,384.48294749179604,BRA|CHN|IND|MEX|USA
1570,0.1816452709359429,0.32175929597271796,0.3045166499297699,0.19207878316156937,284.70048543392556,245.53835348475053,359.82508716865016,BRA|CHN|IND|MEX|USA
1571,0.3408569039802835,0.1975824445718157,0.3919546051959822,0.06960604625191877,279.7498650146186,247.9571736041611,373.56124049546617,BRA|CHN|IND|RUS|USA
1572,0.3105173467666734,0.316887330165028,0.170616858200168,0.2019784648681306,313.892932456604,241.28076507618354,379.781441852665,BRA|CHN|IND|MEX|USA
1573,0.3465069210777538,0.2976411420553863,0.171921750468657,0.18393018639820308,321.99104904968584,251.32390671408146,382.987661362355,BRA|CHN|IND|MEX|USA
1574,0.28430835814418187,0.37534271724876683,0.2107903415633783,0.12955858304367285,310.06473110522546,272.4349107958581,372.86965360631314,BRA|CHN|IND|MEX|USA
1575,0.2718929292521733,0.30075223415619595,0.29015254687921593,0.13720228971241483,315.66401171180473,238.53272907964237,368.32293695470173,BRA|CHN|IND|MEX|USA
1576,0.13239942689661868,0.4330472567109432,0.20132185772420147,0.2332314586682365,329.6388283851839,250.25158854648149,360.40286181487136,BRA|CHN|IND|MEX|USA
1577,0.2673084079612114,0.2932515630171869,0.2778709119913661,0.1615691170302358,319.3355152635091,247.75859045731164,369.16087554259485,BRA|CHN|IND|MEX|USA
1578,0.24801952444724235,0.3728817205087809,0.2771242813045784,0.1019744737393982,313.18371008917853,274.8484749711336,365.19371621521157,BRA|CHN|IND|MEX|USA
1579,0.30538112936800754,0.25086360201038127,0.22072797180557796,0.2230272968160334,277.58374418781546,270.2889287335706,377.72683145348174,BRA|CHN|IND|MEX|USA
1580,0.3563829510249221,0.29501475632332685,0.25166857912990487,0.09693371352184621,308.4645491169641,244.6580867685436,377.7332994712599,BRA|CHN|IND|MEX|USA
1581,0.2858146220526151,0.32179182925578287,0.2770449467198452,0.1153486019717567,309.50308593797837,260.8307028110267,369.6745970473612,BRA|CHN|IND|MEX|USA
1582,0.2434883101449609,0.2178417185599401,0.33963629973537757,0.19903367155972146,282.1300351987465,253.41276408693176,367.25309289171196,BRA|CHN|IND|RUS|USA
1583,0.33180825258325575,0.20625763351407464,0.2636347725310541,0.1982993413716155,320.3848802106899,259.2548189982482,377.87569046967326,BRA|CHN|IND|MEX|USA
1584,0.2330795770979098,0.36233549198027365,0.18658224897799291,0.21800268194382358,277.5202438219617,247.10075531664225,371.32138442746475,BRA|CHN|IND|MEX|USA
1585,0.3599570554795667,0.20525922143941805,0.3458299366529976,0.08895378642801768,316.3716982488612,235.65405477822426,376.0438957155269,BRA|CHN|IND|RUS|USA
1586,0.3312387157193159,0.26656787554317635,0.2581723906758583,0.14402101806164963,272.92759514149515,247.31228490439216,376.2896496434374,BRA|CHN|IND|MEX|USA
1587,0.3052647494382545,0.24535952228819943,0.2553283200741389,0.19404740819940708,287.1029440568363,269.64438279304755,375.261126292795,BRA|CHN|IND|MEX|USA
1588,0.285772917866105,0.28279194818926934,0.2608632486403849,0.17057188530424072,290.3279337112633,244.69408298213875,372.17151474606254,BRA|CHN|IND|MEX|USA
1589,0.3845590288298558,0.274404578538281,0.2658336646494041,0.0752027279824591,281.51220448064845,264.8818228033437,379.42224823263376,BRA|CHN|IND|MEX|USA
1590,0.31803613434783556,0.34471624175663035,0.2173405591336086,0.11990706476192539,319.6895060091682,264.4227123043097,375.8776348140172,BRA|CHN|IND|MEX|USA
1591,0.2987318021173962,0.31926639027110765,0.2569111643171707,0.12509064329432545,272.4433431284725,235.5018095302142,372.2524464753627,BRA|CHN|IND|MEX|USA
1592,0.4195235822838477,0.2113789236564481,0.26838067944539673,0.10071681461430743,289.21362865845686,251.44818557668387,383.8801011680745,BRA|CHN|IND|MEX|USA
1593,0.24054710003839241,0.24772698973094862,0.33040458843562664,0.1813213217950323,323.77056420638235,228.40322612135128,365.91171166163656,BRA|CHN|IND|RUS|USA
1594,0.36693958950162847,0.3485914139025142,0.15922814224968196,0.1252408543461752,285.9194333401719,272.29178928779373,383.8207363440227,BRA|CHN|IND|MEX|USA
1595,0.30105373297865334,0.22637043090496353,0.2836748270149655,0.18890100910141744,304.6743469433649,257.59534190995936,373.40509762300053,BRA|CHN|IND|MEX|USA
1596,0.3632662255892826,0.2734630730503612,0.25501304901878374,0.10825765234157235,272.593917069987,254.765466272442,378.6914412818399,BRA|CHN|IND|MEX|USA
1597,0.24918530349054926,0.3436536927659951,0.2904614507785605,0.11669955296489512,283.218578609039,266.89736593862636,365.2142475438476,BRA|CHN|IND|MEX|USA
1598,0.2619586613264202,0.4867120735954096,0.15547727235249073,0.0958519927256795,315.78955021780104,228.44917175683042,371.80012467358335,BRA|CHN|IND|MEX|USA
1599,0.2533522152359838,0.2683520152425444,0.2552772984080848,0.22301847111338688,280.6680157431456,254.37678995836222,370.6518296138988,BRA|CHN|IND|MEX|USA
1600,0.3383997624768293,0.3156234381984229,0.17060240837732793,0.17537439094741986,308.7714094838159,233.11767507452018,381.9000833209874,BRA|CHN|IND|MEX|USA
1601,0.34811835120672124,0.258657618449004,0.24369024587912028,0.14953378446515464,273.8351565251594,233.36527913124485,378.9070224476875,BRA|CHN|IND|MEX|USA
1602,0.4088442209667689,0.28660519813701874,0.15556600821931502,0.14898457267689746,296.1534207857339,239.92134802311196,389.23467703011505,BRA|CHN|IND|MEX|USA
1603,0.3226859555431327,0.2923592770042698,0.21927370211017033,0.16568106534242708,320.8797365566445,266.18924222367235,377.77796700748314,BRA|CHN|IND|MEX|USA
1604,0.23056171220237506,0.3531655850759183,0.21801677835317546,0.1982559243685312,315.8502993845309,261.4417424840214,369.0371297860776,BRA|CHN|IND|MEX|USA
1605,0.24409800510720137,0.4395150528056801,0.20713595420437309,0.10925098788274556,282.0596574183102,232.25762489470085,368.0682331670797,BRA|CHN|IND|MEX|USA
1606,0.33078098579934095,0.3687566274787197,0.17053243831304335,0.12992994840889607,290.5304454623162,271.1472618984031,379.6114842648694,BRA|CHN|IND|MEX|USA
1607,0.28430726561985703,0.3277728325752202,0.25414055036989613,0.13377935143502662,323.75436775917206,251.468865668127,371.1128713100263,BRA|CHN|IND|MEX|USA
1608,0.3002863050536543,0.30033802896152684,0.2191194098856696,0.1802562560991494,290.545807202695,262.0595074312893,375.8622987313159,BRA|CHN|IND|MEX|USA
1609,0.36341425645440406,0.27348108946229993,0.27204850386816437,0.0910561502151317,270.902091778387,241.9958784731344,377.40410124233125,BRA|CHN|IND|MEX|USA
1610,0.36138113185706167,0.38959470625417597,0.1448449142521687,0.10417924763659368,284.6014286271793,264.4084046574218,383.1701291528663,BRA|CHN|IND|MEX|USA
1611,0.23573289914541112,0.3967776164888878,0.27651216997364664,0.09097731439205436,278.91672613143135,226.06370472062852,363.5488456390234,BRA|CHN|IND|MEX|USA
1612,0.24772490350832768,0.37336243606271685,0.2313443512122045,0.1475683092167511,326.0928132180477,258.3236595742627,368.64371752814566,BRA|CHN|IND|MEX|USA
1613,0.3510126005421311,0.31942884588258513,0.22851825758001848,0.1010402959952653,300.06920560567147,255.71928622987872,378.30364664569163,BRA|CHN|IND|MEX|USA
1614,0.2861836102554017,0.24610660808367343,0.23844566267310366,0.22926411898782126,297.47755350901093,239.41087284489143,375.10196995658526,BRA|CHN|IND|MEX|USA
1615,0.25276866523908137,0.31341602996398554,0.23034441834972688,0.2034708864472062,292.8891718512025,253.50550178344443,371.043447934631,BRA|CHN|IND|MEX|USA
1616,0.39329540997689305,0.23492855104948418,0.23137186966067452,0.14040416931294836,276.8598260286606,270.9640470940359,383.98096034260305,BRA|CHN|IND|MEX|USA
1617,0.302563623831186,0.2018629034863086,0.2134248868154388,0.28214858586706654,312.5005329348108,255.8546540889885,379.66561881225334,BRA|CHN|IND|MEX|USA
1618,0.22298503779898948,0.2942737999534819,0.3189290049120038,0.16381215733552476,295.8954028314618,248.92740043642996,362.79480553202455,BRA|CHN|IND|RUS|USA
1619,0.23595737221372434,0.39146062048210595,0.17192426724487117,0.20065774005929843,292.52061403665607,240.98286816055818,371.7059523907118,BRA|CHN|IND|MEX|USA
1620,0.2840451514228967,0.3719036380178133,0.24767834474569925,0.09637286581359088,323.11998900886965,272.13089938453055,370.15163662299824,BRA|CHN|IND|MEX|USA
1621,0.2676973893851115,0.2708970871447128,0.27256655944519353,0.1888389640249822,288.1072378827025,238.43582068072683,370.3203343890579,BRA|CHN|IND|MEX|USA
1622,0.3124917464752492,0.2695435815476952,0.29564954688850714,0.12231512508854839,275.05145572831566,249.96166992583107,371.941774047919,BRA|CHN|IND|MEX|USA
1623,0.3058423048050994,0.24110044638020442,0.30055517969811985,0.15250206911657635,318.93884467155806,274.34457967004556,371.99710551520616,BRA|CHN|IND|MEX|USA
1624,0.2874582762020255,0.35368365336891655,0.21952724881775942,0.1393308216112984,291.3968328135434,228.4296064887523,373.1424510685842,BRA|CHN|IND|MEX|USA
1625,0.25554436885998605,0.33993044736528766,0.20903186890312805,0.19549331487159813,309.63160728469046,242.7635308608014,372.0121988082213,BRA|CHN|IND|MEX|USA
1626,0.3010993867781639,0.2858755662765943,0.2626161928047968,0.15040885414044514,321.74334674270074,225.93392743092818,373.07917200355814,BRA|CHN|IND|MEX|USA
1627,0.3270993077884153,0.34872269666526406,0.2075791055053517,0.11659889004096896,323.33894965263823,241.1024886558949,377.16604099584,BRA|CHN|IND|MEX|USA
1628,0.32354345993923567,0.33525463960789276,0.20151103840391368,0.13969086204895803,327.65044264751367,225.3890448858904,377.8011389765011,BRA|CHN|IND|MEX|USA
1629,0.3312980159598056,0.35367501064716045,0.1545607511359464,0.16046622225708754,320.8320972728718,251.73091903357454,381.3567994494049,BRA|CHN|IND|MEX|USA
1630,0.25947557515670977,0.36128862459227623,0.2559405712854205,0.12329522896559349,310.5382787421807,266.54805346218865,368.0373860970187,BRA|CHN|IND|MEX|USA
1631,0.3310821890383361,0.3680483925148462,0.1859800227354401,0.11488939571137771,316.39569032165275,262.62335205808904,378.48011621164915,BRA|CHN|IND|MEX|USA
1632,0.2979670716896753,0.2633775448404628,0.21626399720517703,0.22239138626468508,304.49181054207367,271.8535500114618,377.10812356683385,BRA|CHN|IND|MEX|USA
1633,0.25551395651714065,0.2995639215374097,0.2253600603491565,0.21956206159629335,292.3937866032865,262.68225840361725,372.0777284988469,BRA|CHN|IND|MEX|USA
1634,0.33405344091616657,0.3170318015268231,0.21597016760440196,0.13294458995260838,275.5137432434785,261.4157686160349,378.07447456322853,BRA|CHN|IND|MEX|USA
1635,0.35248716289032034,0.33220139665091875,0.20947663209356895,0.10583480836519206,309.34323575179303,236.23621501113016,379.44903319990794,BRA|CHN|IND|MEX|USA
1636,0.28626941896891134,0.33075753452633583,0.22270656801052338,0.16026647849422945,325.5353133468511,250.24352729506973,373.55668473488305,BRA|CHN|IND|MEX|USA
1637,0.2895195514552449,0.29261293848367487,0.24235505521471007,0.17551245484637013,273.2513101974073,261.3991850150998,373.54138025386834,BRA|CHN|IND|MEX|USA
1638,0.21232498800782434,0.3038246393833149,0.4001811172216761,0.08366925538718457,279.1082563521035,253.93563845002686,358.9773624740398,BRA|CHN|IND|RUS|USA
1639,0.21395506439206938,0.30787342656247746,0.2166352848379095,0.2615362242075438,303.18262992892426,247.06851705115866,369.37738582141765,BRA|CHN|IND|MEX|USA
1640,0.21349259317773178,0.3603393102080049,0.18979329293048797,0.2363748036837752,273.8804565883414,253.43993460472302,369.6829386898368,BRA|CHN|IND|MEX|USA
1641,0.3034229782586572,0.29745063981280423,0.23455102455171906,0.1645753573768195,324.7441334056001,259.9358772508929,375.01412228762945,BRA|CHN|IND|MEX|USA
1642,0.2403403822973335,0.2841930738844393,0.22995820805187056,0.2455083357663565,325.76279150457657,257.25578749124185,371.096893209198,BRA|CHN|IND|MEX|USA
1643,0.384251582247236,0.34623524404227907,0.1857233828002743,0.08378979091021059,275.10290322003146,244.34787434973813,383.1681299040409,BRA|CHN|IND|MEX|USA
1644,0.22409040478428952,0.28136874987599614,0.37760416315575723,0.11693668218395713,276.3069915188204,254.1457689188789,361.6159223365649,BRA|CHN|IND|RUS|USA
1645,0.27151452105651996,0.30153447434038055,0.20502227193018807,0.22192873267291144,307.49254029317694,265.42301897636537,374.7546510614383,BRA|CHN|IND|MEX|USA
1646,0.1968544514704117,0.32160898027984425,0.37805627017891275,0.1034802980708314,310.84748687787675,249.32695619538103,357.72194088906986,BRA|CHN|IND|RUS|USA
1647,0.345354625740011,0.27190326982365254,0.2233519716745442,0.15939013276179223,329.80961535980776,242.35880968763726,379.82018029741164,BRA|CHN|IND|MEX|USA
1648,0.2770355421484479,0.29347210007730423,0.273627646537195,0.15586471123705287,279.143113936065,267.7466986592175,370.2013689379385,BRA|CHN|IND|MEX|USA
1649,0.2565625581525761,0.3014834989336011,0.27277196460091463,0.16918197831290824,302.44617257777884,266.8927055862982,368.4815559384632,BRA|CHN|IND|MEX|USA
1650,0.2630590035395879,0.36139867681380894,0.21951412574099002,0.15602819390561332,324.93207196472343,274.8935376329538,371.07568141993204,BRA|CHN|IND|MEX|USA
1651,0.4206224702089314,0.29249585237722825,0.20425435733198669,0.0826273200818537,277.49243594627103,261.2188685180146,386.2112879283318,BRA|CHN|IND|MEX|USA
1652,0.43646449182681973,0.26074911243741955,0.15850942206949803,0.14427697366626266,316.83000706910417,235.4334950591923,391.90757579880386,BRA|CHN|IND|MEX|USA
1653,0.4022608752463475,0.2871144032370628,0.19934828908118146,0.11127643243540827,280.323966101727,247.19665916777635,385.3924728398358,BRA|CHN|IND|MEX|USA
1654,0.37203744429695695,0.2778854031862784,0.15014179282538098,0.19993535969138382,323.07795624634406,260.26074607148826,387.19015572717535,BRA|CHN|IND|MEX|USA
1655,0.2870941374830782,0.2449626874464578,0.26184053944936203,0.2061026356211018,308.7834203487255,245.96408600735415,373.42470409141,BRA|CHN|IND|MEX|USA
1656,0.24725791891048837,0.3630175163636668,0.25200317065430605,0.13772139407153872,316.1206197159481,261.342077690509,367.3712833439755,BRA|CHN|IND|MEX|USA
1657,0.32477162582811536,0.339105483204535,0.15700501130513553,0.17911787966221407,303.47138918628514,264.1026441940376,381.1579877490661,BRA|CHN|IND|MEX|USA
1658,0.3539937914799141,0.2964125566667366,0.1740858515383397,0.17550780031500948,295.31804755436445,245.65666048633682,383.4202856108548,BRA|CHN|IND|MEX|USA
1659,0.26227686633295183,0.2345338650418316,0.3485479700980857,0.15464129852713102,284.5131186596031,228.48628061316052,367.52628429817526,BRA|CHN|IND|RUS|USA
1660,0.2830461625475434,0.27657949457457787,0.2469108042157398,0.193463538662139,307.1349316632749,256.2665697891674,373.23322960036967,BRA|CHN|IND|MEX|USA
1661,0.266414914923986,0.31249281734031664,0.19872472979083253,0.22236753794486475,281.806486213668,259.86420060064887,374.49853764928105,BRA|CHN|IND|MEX|USA
1662,0.3827439314005539,0.2932974770815075,0.20632461249874928,0.11763397901918919,280.49021399030744,245.57046297616523,383.2066187363906,BRA|CHN|IND|MEX|USA
1663,0.2665597461502649,0.4231874879680462,0.17803592640112953,0.13221683948055937,307.2642174396477,271.56339941826747,372.48844143743787,BRA|CHN|IND|MEX|USA
1664,0.3123297498167801,0.33082410502999643,0.22025883308427466,0.1365873120689488,293.64151695690816,245.13882712217452,375.6817685224396,BRA|CHN|IND|MEX|USA
1665,0.23467402955814803,0.40963761928545833,0.20233281575596873,0.15335553540042485,328.2086788420496,252.9493494488677,368.70316967912964,BRA|CHN|IND|MEX|USA
1666,0.22937753153082613,0.32647342136623886,0.37146415338234945,0.07268489372058563,322.0062732492874,231.13826388337225,360.04313757672537,BRA|CHN|IND|RUS|USA
1667,0.2804877546664592,0.3370052699136425,0.24967413848500225,0.13283283693489598,285.0255771976247,270.940537664033,370.8686748429687,BRA|CHN|IND|MEX|USA
1668,0.42562736991841704,0.2807040417450166,0.24204986571655854,0.05161872262000778,309.91906460045334,241.82836753124542,384.087883394625,BRA|CHN|IND|MEX|USA
1669,0.3507771989511352,0.1696999333976271,0.25223197716360424,0.22729089048763354,290.76873271947744,261.9386888986935,381.34495788978836,BRA|CHN|IND|MEX|USA
1670,0.4177408426284354,0.23393785676741716,0.1906473024103963,0.1576739981937513,326.44834438091027,253.09283906498948,388.9361033653331,BRA|CHN|IND|MEX|USA
1671,0.2984844217533296,0.29424269291289096,0.2951499157112436,0.11212296962253583,286.53556993429135,248.56573717962388,370.1340898154406,BRA|CHN|IND|MEX|USA
1672,0.19834961319753075,0.3132602304697463,0.25877469644062934,0.22961545989209356,295.228683211447,255.05945562231452,364.82994356215124,BRA|CHN|IND|MEX|USA
1673,0.3465011928297568,0.3266804538919867,0.22927212493696575,0.0975462283412907,272.71969869632795,260.5026675984015,377.67460282066475,BRA|CHN|IND|MEX|USA
1674,0.24610252214266548,0.3781704209402659,0.19921741952411962,0.176509637392949,300.2319194516205,267.99103565508767,370.8141247643006,BRA|CHN|IND|MEX|USA
1675,0.3416746115132397,0.23742948407488432,0.3500055629983316,0.07089034141354424,328.87814141323895,267.7249848091059,373.06052286199554,BRA|CHN|IND|RUS|USA
1676,0.30082412385548635,0.2326005371097061,0.37512655463116273,0.09144878440364478,279.85107795575004,269.59332795782564,369.5461942604353,BRA|CHN|IND|RUS|USA
1677,0.1939666902188599,0.28855561113766875,0.3708037152624069,0.1466739833810645,326.7519697810487,226.470888951862,359.32082375119626,BRA|CHN|IND|RUS|USA
1678,0.28093067776135955,0.3581266765218849,0.24968810984521586,0.11125453587153963,315.66925234756826,263.4836462380515,370.2142647977304,BRA|CHN|IND|MEX|USA
1679,0.28494518728883506,0.22360852590391841,0.304504506009217,0.18694178079802937,286.45080670732756,266.6575847377444,371.0860531237015,BRA|CHN|IND|RUS|USA
1680,0.23160693777551608,0.34316811369834166,0.17672458966367652,0.24850035886246574,283.57711311319775,260.5827818712102,372.5855161550412,BRA|CHN|IND|MEX|USA
1681,0.3654449232430572,0.29500808223326236,0.20835932465626775,0.1311876698674127,296.1192115907971,241.54945776382323,381.7077277989722,BRA|CHN|IND|MEX|USA
1682,0.3288652482502881,0.259621668489022,0.15723141954251482,0.25428166371817523,311.1207046927332,241.35202953047786,384.0283949263266,BRA|CHN|IND|MEX|USA
1683,0.24306256811245738,0.3774875339500747,0.2906265725340123,0.08882332540345546,279.10075100841635,263.57388143558796,363.64627698602055,BRA|CHN|IND|MEX|USA
1684,0.3913640470095318,0.2449819364004714,0.19961248403126555,0.1640415325587312,300.7439397902202,231.85577997718576,385.92990983814695,BRA|CHN|IND|MEX|USA
1685,0.34888482584785757,0.3506757399999613,0.23603340865126415,0.06440602550091708,291.1471214649374,260.6811977235486,376.5573193016361,BRA|CHN|IND|MEX|USA
1686,0.352537164328905,0.2862704125887247,0.21832976736603057,0.14286265571633966,286.28083125050097,234.03883857580976,380.27082385651244,BRA|CHN|IND|MEX|USA
1687,0.2044786333015957,0.25060589654414506,0.36701841975342586,0.17789705040083323,298.5499777513169,229.12678373656325,362.0074914534631,BRA|CHN|IND|RUS|USA
1688,0.370908502589019,0.20220836424685673,0.18382277428010957,0.24306035888401464,313.88937203816596,229.70882553383754,386.9993218412118,BRA|CHN|IND|MEX|USA
1689,0.3716880635786593,0.25359046944248054,0.2090129485661697,0.16570851841269055,290.56797746775237,268.61725492213617,383.46872377913485,BRA|CHN|IND|MEX|USA
1690,0.2797686351179831,0.28152103904734627,0.19270126076470875,0.24600906506996195,306.050948882025,243.22436122772922,376.95831066652374,BRA|CHN|IND|MEX|USA
1691,0.5279910582665144,0.2560362513879574,0.14339063821326853,0.07258205213225975,324.60167308276226,256.4464892236373,400.0286881266335,BRA|CHN|IND|MEX|USA
1692,0.28298182850698345,0.3260308165348965,0.2728229959771576,0.11816435898096246,304.0451673535925,263.21369263485883,369.6475205742141,BRA|CHN|IND|MEX|USA
1693,0.2777400918893795,0.27931135320417455,0.1517834369957998,0.29116511791064625,291.66466411297233,256.63413073691754,379.99620569189227,BRA|CHN|IND|MEX|USA
1694,0.2542102531772912,0.2930446549643677,0.2974840230407886,0.15526106881755253,322.76784602122973,238.01039589806592,366.69800024968464,BRA|CHN|IND|MEX|USA
1695,0.43666303788725014,0.28391434912432284,0.17195451399526218,0.10746809899316477,314.37609207374953,269.71913748192424,390.14535614879554,BRA|CHN|IND|MEX|USA
1696,0.3359294401430792,0.2974271849785162,0.2387569347722215,0.12788644010618316,319.1012935477824,244.11678956778817,377.1153087339344,BRA|CHN|IND|MEX|USA
1697,0.306937152584028,0.303682373901954,0.2581108560535141,0.13126961746050375,285.98257410237835,239.04580034646077,373.27852109709,BRA|CHN|IND|MEX|USA
1698,0.2993390926520493,0.34443596564105367,0.18854823706145277,0.16767670464544426,325.81701152326184,228.20786064663807,376.6877575902807,BRA|CHN|IND|MEX|USA
1699,0.2809087505019121,0.285139838814603,0.2805705318712565,0.15338087881222853,318.5074160981485,226.61575592715465,370.23165319123956,BRA|CHN|IND|MEX|USA
1700,0.2961547925246089,0.25797574073309515,0.3106251097563123,0.13524435698598375,274.08772721856116,237.40382098658228,370.0600951385243,BRA|CHN|IND|RUS|USA
1701,0.28154830606932585,0.3063402909624036,0.20912068432323516,0.20299071864503537,294.3129036719605,232.01474014485856,375.0335069815486,BRA|CHN|IND|MEX|USA
1702,0.20099728198509442,0.28536284847678184,0.3600669484757529,0.1535729210623709,319.45321687149897,246.60264760822741,360.3222147561113,BRA|CHN|IND|RUS|USA
1703,0.40012595792723205,0.22757015851305396,0.24376040504617053,0.12854347851354347,279.08929747370496,270.7026617335237,383.78498404884925,BRA|CHN|IND|MEX|USA
1704,0.2713848284276358,0.30814442018997673,0.27704357669918794,0.14342717468319935,271.29013872667355,246.02247567600915,369.0435465711215,BRA|CHN|IND|MEX|USA
1705,0.20576287291864617,0.3419361572611285,0.20298179579717454,0.24931917402305076,305.2399886277494,259.4463268074688,368.70057645371605,BRA|CHN|IND|MEX|USA
1706,0.2630202549098453,0.2824137423153473,0.28815379703892136,0.16641220573588586,279.01903443179094,263.51497727391546,368.41033586717344,BRA|CHN|IND|MEX|USA
1707,0.30973172615698796,0.26677314584064765,0.352138327842942,0.07135680015942263,329.33318593708447,262.0255913151495,369.29317295721796,BRA|CHN|IND|RUS|USA
1708,0.2828962555807234,0.3172577920077179,0.27881305695910313,0.12103289545245552,299.0631356732929,227.3898629744883,369.4698943738997,BRA|CHN|IND|MEX|USA
1709,0.31654263219923007,0.3011447517542774,0.30515619538790095,0.07715642065859164,275.171027199779,253.4563471269372,370.4923600932217,BRA|CHN|IND|MEX|USA
1710,0.30112355332685337,0.24724741781379844,0.2703565519969252,0.18127247686242293,318.66006593890717,226.25886256684444,373.74650854296897,BRA|CHN|IND|MEX|USA
1711,0.38423067679858564,0.3550989945955874,0.12327857990818178,0.13739174869764528,320.37500737341963,252.85985336897488,387.6356597580812,BRA|CHN|IND|MEX|USA
1712,0.23385858477113536,0.2799635452012737,0.28549814653317185,0.20067972349441907,276.04908408417805,264.6135755093604,366.5205240340564,BRA|CHN|IND|MEX|USA
1713,0.23620976133793564,0.2190048878353395,0.44050850001256736,0.10427685081415755,316.629450819858,250.983623765143,363.4524744798469,BRA|CHN|IND|RUS|USA
1714,0.2580018443271654,0.39436141544416886,0.18155368065269617,0.16608305957596958,290.1085732002374,229.37120928955542,372.5198186882513,BRA|CHN|IND|MEX|USA
1715,0.36825232876061254,0.20588366371061056,0.31135347332671437,0.11451053420206268,317.73908882332745,246.3898343494696,377.712480300368,BRA|CHN|IND|RUS|USA
1716,0.2802511764386468,0.27581481642379324,0.30246507021944374,0.14146893691811604,296.64202100248696,232.94670040980648,368.81774585022663,BRA|CHN|IND|MEX|USA
1717,0.31520265500923533,0.3704958147520734,0.20036339525518282,0.11393813498350851,326.42941090774707,268.72697235139873,376.1222604880048,BRA|CHN|IND|MEX|USA
1718,0.3592246134188738,0.19585273181850277,0.2768933706228846,0.16802928413973883,310.0109391260682,256.9517226285849,379.2455022658104,BRA|CHN|IND|MEX|USA
1719,0.25893697070591193,0.3057113477653944,0.30806951321839326,0.12728216831030062,309.0129727819298,237.33700585269713,365.83199773637585,BRA|CHN|IND|MEX|USA
1720,0.34442954754532895,0.2879863781872908,0.2228599032710562,0.14472417099632426,288.95083524305477,247.99150800004676,379.2661599110624,BRA|CHN|IND|MEX|USA
1721,0.37324019369967976,0.3368798604825415,0.18734733308020818,0.10253261273757057,305.2227493121108,248.86319642510097,382.52837015902907,BRA|CHN|IND|MEX|USA
1722,0.3106533229565027,0.36159343556504064,0.17339848493656349,0.1543547565418931,302.5792073018343,229.09075523309562,378.12695494397093,BRA|CHN|IND|MEX|USA
1723,0.37796960018827797,0.26035292621028944,0.20939373643692089,0.1522837371645117,288.5792345976945,254.51988405507154,383.6877730082376,BRA|CHN|IND|MEX|USA
1724,0.34280348967901636,0.23380480433749337,0.2599235792212736,0.16346812676221661,319.04781841081865,261.76153781842555,378.082121244269,BRA|CHN|IND|MEX|USA
1725,0.38748616120025603,0.31873551037953746,0.1838917939863507,0.10988653443385579,290.12301031231937,225.58993680904237,384.44214149977927,BRA|CHN|IND|MEX|USA
1726,0.25680548806968545,0.4390096829443175,0.12579555257357558,0.17838927641242153,302.9879755605016,238.29093957429345,375.22760910440445,BRA|CHN|IND|MEX|USA
1727,0.37817423080714896,0.19946851486441597,0.2612596762544369,0.16109757807399805,328.6397887265196,272.938776559784,381.7302240503366,BRA|CHN|IND|MEX|USA
1728,0.25356916277852204,0.2912480163041024,0.23332482778502753,0.221857993132348,309.6519602238292,265.98159433343994,371.59635251293327,BRA|CHN|IND|MEX|USA
1729,0.3012860476855851,0.2844238441263174,0.21903633393544084,0.19525377425265666,296.9212391466654,249.753392589085,376.46020556013764,BRA|CHN|IND|MEX|USA
1730,0.38270394137192376,0.25226705058391785,0.25806263478274777,0.10696637326141067,274.35571314264206,246.52590644836118,380.59545026880505,BRA|CHN|IND|MEX|USA
1731,0.2656427524088942,0.31576428479717666,0.27660093820435083,0.14199202458957846,321.53098658137236,227.56488252785428,368.4020366240269,BRA|CHN|IND|MEX|USA
1732,0.295495326586755,0.24925168472997733,0.2217383573416521,0.23351463134161562,325.3331193634187,266.26361667371214,376.9660181237655,BRA|CHN|IND|MEX|USA
1733,0.31450058732089864,0.27668893723305066,0.2729881303361533,0.13582234510989735,286.2230215389935,226.99528015276746,373.58556244019707,BRA|CHN|IND|MEX|USA
1734,0.33978576302571106,0.26758360104387385,0.22646171643621163,0.16616891949420357,272.58877759498773,268.23170561759014,379.3089158107779,BRA|CHN|IND|MEX|USA
1735,0.43800089759396316,0.1934388624953477,0.22276750073683158,0.14579273917385757,288.3561416748749,242.2950490561658,389.31396615429685,BRA|CHN|IND|MEX|USA
1736,0.2791516433197306,0.2592782011131392,0.32730171687960524,0.13426843868752483,279.3261467729213,258.007148692158,368.24083701446443,BRA|CHN|IND|RUS|USA
1737,0.2430753592076777,0.2814974027651273,0.20354168161691,0.27188555641028495,325.4023021137106,249.41650851558978,373.4006069608603,BRA|CHN|IND|MEX|USA
1738,0.184708507437289,0.3526451135523778,0.26219061349629824,0.20045576551403493,299.3744359558496,227.23304109274906,362.27403397912946,BRA|CHN|IND|MEX|USA
1739,0.26309238639271204,0.3988881189970259,0.24449058645051136,0.0935289081597507,272.46667942522873,234.33413343353843,367.9572308463511,BRA|CHN|IND|MEX|USA
1740,0.3289434929224358,0.2667166174613996,0.18018355612381912,0.22415633349234543,270.7473110811153,272.01012179862914,382.0551567640152,BRA|CHN|IND|MEX|USA
1741,0.38686841648638437,0.2518531072778879,0.20776194126425296,0.15351653497147474,285.6948106330182,271.5703411800064,384.75099932882455,BRA|CHN|IND|MEX|USA
1742,0.23543124989452194,0.3524740688508452,0.19339118791696877,0.21870349333766426,299.30718522916965,271.89054112950214,371.29824989315125,BRA|CHN|IND|MEX|USA
1743,0.3370177826507277,0.3424638664392582,0.25979350551331026,0.06072484539670374,308.49977715718705,240.44099161691435,374.1303241371271,BRA|CHN|IND|MEX|USA
1744,0.27578625561973896,0.2727962374924056,0.2593545420997179,0.19206296478813756,314.5497286021987,254.08544029196221,371.86752509499297,BRA|CHN|IND|MEX|USA
1745,0.24866632266740576,0.2715590859543802,0.3148826151626882,0.16489197621552576,270.8860282219829,266.1850164205884,365.8563236400133,BRA|CHN|IND|RUS|USA
1746,0.30152869009585426,0.272514797027182,0.2499982293723062,0.17595828350465745,295.03599565465595,263.639791704485,374.5065455443508,BRA|CHN|IND|MEX|USA
1747,0.3223106518529343,0.28732907970953836,0.1750615016276575,0.2152987668098697,302.91971293064654,269.3699430968652,381.2816031956379,BRA|CHN|IND|MEX|USA
1748,0.3085540443433184,0.2710428449437558,0.20145556777073473,0.21894754294219115,281.6965280835916,265.55394381334895,378.7756020379632,BRA|CHN|IND|MEX|USA
1749,0.3359599031494396,0.34877155818413785,0.09425453089775356,0.221014007768669,324.26296355346875,267.4681638518812,386.45750822960247,BRA|CHN|IND|MEX|USA
1750,0.3603669916586399,0.2863213300348438,0.1509523897092727,0.20235928859724364,294.1373920446683,250.6983757804311,385.9851548292539,BRA|CHN|IND|MEX|USA
1751,0.2974241928239668,0.32465217247507044,0.17656602970589672,0.20135760499506591,301.8833855752862,242.30856059621885,378.1008335484331,BRA|CHN|IND|MEX|USA
1752,0.22773999045564502,0.37428232324577276,0.2879167009500323,0.11006098534855004,306.42800802166676,226.94774883755858,362.81576035546175,BRA|CHN|IND|MEX|USA
1753,0.2989132490862256,0.4399557659365726,0.17223543443971362,0.08889555053748817,273.01361201819384,273.2144628166653,374.79489456163003,BRA|CHN|IND|MEX|USA
1754,0.21731630066076324,0.3027970842724174,0.3604647427376062,0.11942187232921314,317.2820408419787,238.35549944754777,360.6540201653777,BRA|CHN|IND|RUS|USA
1755,0.28924361918235314,0.29301969212628765,0.31580198425820694,0.10193470443315211,288.92547173108255,236.07589175439932,367.9123495190755,BRA|CHN|IND|MEX|USA
1756,0.2996696675402054,0.20251310091380723,0.2849275026608381,0.21288972888514923,282.062284027862,235.69312989511292,373.98182670360393,BRA|CHN|IND|MEX|USA
1757,0.387502827218744,0.3172629055696026,0.19509283474719205,0.10014143246446133,290.75877724176047,273.2927193936338,383.63792729895255,BRA|CHN|IND|MEX|USA
1758,0.33472544779734076,0.3328574214935459,0.22055255601941942,0.1118645746896939,276.2297175103286,261.44734895600254,377.2611825043149,BRA|CHN|IND|MEX|USA
1759,0.2950928960135576,0.2545601440823592,0.26604342687268484,0.18430353303139843,303.6156141037866,267.56008110850877,373.38834531104294,BRA|CHN|IND|MEX|USA
1760,0.22116788123775308,0.36368260864018137,0.2730061067182158,0.14214340340384973,285.60244547293286,272.41306319582,363.8066574548194,BRA|CHN|IND|MEX|USA
1761,0.23782921936433546,0.2954354843405861,0.3146096793578483,0.15212561693723015,325.4871885296214,232.30362174373286,364.0957255274688,BRA|CHN|IND|MEX|USA
1762,0.34276924765720274,0.3193762987224735,0.20145422577592517,0.13640022784439867,303.5424702586469,272.7383871433157,379.75321802299413,BRA|CHN|IND|MEX|USA
1763,0.29926129727793127,0.20056027130783638,0.31156086560081014,0.18861756581342215,298.8905778437943,271.9819794487905,372.99034804070095,BRA|CHN|IND|RUS|USA
1764,0.16878478724211005,0.4763165542529912,0.22467538913199353,0.13022326937290524,329.0592472885056,254.2047906829773,359.92745352727894,BRA|CHN|IND|MEX|USA
1765,0.22866849325760766,0.3551603883180548,0.21195184043200788,0.20421927799232967,274.4807489586239,225.66199893064746,369.2933502244983,BRA|CHN|IND|MEX|USA
1766,0.3575448985927715,0.20370337180879033,0.3302321368770494,0.10851959272138886,300.87369679848456,258.71426264413253,376.4423561642055,BRA|CHN|IND|RUS|USA
1767,0.3151046361548764,0.2977387239022613,0.2784881562637964,0.10866848367906591,316.4810603609482,254.58374094486524,372.52754568697765,BRA|CHN|IND|MEX|USA
1768,0.2755140999204124,0.3896488338269477,0.19728607389060812,0.13755099236203164,316.2890141069921,250.84967181231139,372.7786219177736,BRA|CHN|IND|MEX|USA
1769,0.36756853714430004,0.31130304446617735,0.20084447675875677,0.12028394163076604,283.99188938998304,264.4334289751179,381.9088695028453,BRA|CHN|IND|MEX|USA
1770,0.25717205182510916,0.2939848471494899,0.18351597097960026,0.2653271300458008,302.3690205900163,240.03123311120862,375.5702271772319,BRA|CHN|IND|MEX|USA
1771,0.3954276700533792,0.27228217377918823,0.21470553249952556,0.11758462366790706,298.7957007619448,261.48462882356864,384.195623660819,BRA|CHN|IND|MEX|USA
1772,0.3682299408752839,0.2091434210034538,0.17191386566961253,0.25071277245164986,325.2398677464122,253.46774671352878,387.481724253439,BRA|CHN|IND|MEX|USA
1773,0.3641721379780997,0.24707739913595766,0.20398153802382177,0.18476892486212076,278.79126313522664,240.7383610037915,383.5039322175354,BRA|CHN|IND|MEX|USA
1774,0.2784497514004616,0.24220436630714628,0.2550929438734891,0.22425293841890304,325.4727928135822,232.07074331049878,373.3846051216568,BRA|CHN|IND|MEX|USA
1775,0.3447430158438644,0.19864525666239874,0.2977947923627981,0.15881693513093875,281.2136185015399,237.4086197322142,376.7970911556272,BRA|CHN|IND|RUS|USA
1776,0.26276591438580366,0.29332311937353595,0.34345055404363445,0.10046041219702602,328.9014492026803,256.52099724025703,364.92241993708654,BRA|CHN|IND|RUS|USA
1777,0.3650689442226704,0.3089625192525359,0.19187300596490373,0.13409553055988996,279.9882097473793,235.49068185442036,382.4822292054905,BRA|CHN|IND|MEX|USA
1778,0.32683666290559255,0.16576931957668625,0.20198172701874087,0.30541229049898033,288.811249159663,262.87735692533425,383.51788860531235,BRA|CHN|IND|MEX|USA
1779,0.31327113708972787,0.2934204382898738,0.24625637202630285,0.14705205259409543,300.8302724683602,251.11418945426544,374.9867725853317,BRA|CHN|IND|MEX|USA
1780,0.3074811647113307,0.21385888111022786,0.27913661936452455,0.19952333481391676,281.50995035219205,273.92014445948473,374.6360470125413,BRA|CHN|IND|MEX|USA
1781,0.30806560749513273,0.39957402665158465,0.2147371556313268,0.07762321022195594,318.12931750163733,235.80212701686264,373.55085483246853,BRA|CHN|IND|MEX|USA
1782,0.37491058464733024,0.22927490710229545,0.29427785080951774,0.10153665744085653,329.86453126520274,250.19221692827077,378.0032670296572,BRA|CHN|IND|MEX|USA
1783,0.33148183170603424,0.31314977019500817,0.23133634860638125,0.12403204949257646,288.60753555897617,240.22449805799306,376.83849378888283,BRA|CHN|IND|MEX|USA
1784,0.25716533369315964,0.3684755190410688,0.2711885320787402,0.10317061518703138,309.14458219667415,243.57317536403878,366.47019605111075,BRA|CHN|IND|MEX|USA
1785,0.3121593826156571,0.2990445983653753,0.20216482549561549,0.18663119352335214,273.0327077765958,252.8141161502679,378.08016308181334,BRA|CHN|IND|MEX|USA
1786,0.21118255265960392,0.32639376048249397,0.33087019875542434,0.13155348810247788,307.2557382033894,244.6133352078374,360.0326014264346,BRA|CHN|IND|RUS|USA
1787,0.29881913704019336,0.29014971464733647,0.21419986843610975,0.1968312798763604,277.20926842111413,248.96422838532573,376.4588760042531,BRA|CHN|IND|MEX|USA
1788,0.27212881701735264,0.3022849542731181,0.2789486637257318,0.14663756498379762,294.20454923289725,257.33819263576356,369.14422256222764,BRA|CHN|IND|MEX|USA
1789,0.33594955942034666,0.3003594882285546,0.208481092498667,0.15520985985243188,308.5857781351391,232.58606468773797,379.32796852522483,BRA|CHN|IND|MEX|USA
1790,0.2634357794976108,0.24281469494181876,0.31094454829618867,0.18280497726438164,300.4353688781617,266.5956503643012,368.4158064173283,BRA|CHN|IND|RUS|USA
1791,0.2878951647660519,0.16357241232791658,0.3816781092909333,0.16685431361509828,279.61238855432094,228.97121627810392,371.69559416916195,BRA|CHN|IND|RUS|USA
1792,0.2614658200181318,0.34839830975714003,0.2264770164433669,0.16365885378136133,299.18919019819054,270.7934395806056,370.84903434095486,BRA|CHN|IND|MEX|USA
1793,0.2943399481235398,0.26926267464615705,0.31583653779401877,0.12056083943628429,323.7773853475327,239.36400540867203,369.2250450426172,BRA|CHN|IND|RUS|USA
1794,0.351022720605242,0.22905244185327608,0.26004109541982073,0.15988374212166126,316.39638583379804,261.75381577777614,378.83970079567735,BRA|CHN|IND|MEX|USA
1795,0.2887106008075607,0.35345997925673955,0.28073351753816617,0.0770959023975337,322.1194804859614,236.097691919549,368.5802251542583,BRA|CHN|IND|MEX|USA
1796,0.2757391728094109,0.3136792474639473,0.3241013598823499,0.08648021984429181,306.0995544401706,266.53145781511375,365.60306196542786,BRA|CHN|IND|MEX|USA
1797,0.4368150838997591,0.2522338634734423,0.18081697184754134,0.13013408077925734,303.52365925856,261.2804821162378,390.5109721398224,BRA|CHN|IND|MEX|USA
1798,0.2047073884527745,0.42789885083107104,0.2083353131004154,0.15905844761573915,301.7328395545443,261.616379376811,365.4208137363583,BRA|CHN|IND|MEX|USA
1799,0.3149022113922914,0.26608329703882333,0.28993507682441433,0.12907941474447085,288.76032345047787,247.87332218342448,372.6690620258532,BRA|CHN|IND|MEX|USA
1800,0.21206867046893066,0.3029807634774722,0.20825563340425268,0.27669493264934447,327.4690715603056,238.69295840589612,370.0342571684894,BRA|CHN|IND|MEX|USA
1801,0.3431215443443955,0.2500914100227735,0.2837865667939785,0.1230004788388525,317.94958976589595,259.89403366392474,375.75867369966386,BRA|CHN|IND|MEX|USA
1802,0.33579118135778674,0.37873988332879466,0.18568881687362876,0.09978011843978979,324.8018286722586,248.4067098695782,378.50557513317233,BRA|CHN|IND|MEX|USA
1803,0.2809213407083567,0.33802485527257664,0.20214267690289636,0.17891112711617022,321.98355616598786,250.28460148778674,374.4888306513977,BRA|CHN|IND|MEX|USA
1804,0.3451860359891794,0.4044115931854056,0.13926304401889503,0.11113932680651976,315.55129886831793,273.2182688787665,381.9078053448868,BRA|CHN|IND|MEX|USA
1805,0.3465861083753393,0.3614568769790122,0.21579552619534365,0.07616148845030474,294.4702632928099,260.56517132553046,377.57754283566305,BRA|CHN|IND|MEX|USA
1806,0.3032040762873019,0.31604390572572877,0.19872705186023287,0.1820249661267364,299.9040959044765,270.77783062969655,377.12274757049795,BRA|CHN|IND|MEX|USA
1807,0.2912838016266076,0.2222512131015415,0.3355524657270114,0.15091251954483953,270.3478524414903,246.85168737625463,370.6159069618334,BRA|CHN|IND|RUS|USA
1808,0.2387324786343557,0.3063304757315732,0.2816974629334859,0.1732395827005851,295.9099753614884,256.1002278634975,366.3162524302528,BRA|CHN|IND|MEX|USA
1809,0.26481623683214517,0.41615861479280636,0.21214651851950883,0.1068786298555396,323.21651598653796,247.49172117965915,369.9884176713877,BRA|CHN|IND|MEX|USA
1810,0.29752100574728785,0.4181292802365847,0.19213655187219592,0.09221316214393163,303.19994489979246,261.3817827390524,373.8843653230927,BRA|CHN|IND|MEX|USA
1811,0.263496719758937,0.2505725659806555,0.3188996835889449,0.1670310306714627,319.78583137989574,255.98128047783965,367.79644734590346,BRA|CHN|IND|RUS|USA
1812,0.2868807241313888,0.24342717400166164,0.26433552265528515,0.2053565792116642,298.5116592189424,225.51062781133072,373.2686361096402,BRA|CHN|IND|MEX|USA
1813,0.34796461264432044,0.37874856877271496,0.14466192490359553,0.12862489367936913,320.2188503164567,258.445767481504,382.53734948199104,BRA|CHN|IND|MEX|USA
1814,0.3327954363103734,0.2816105132420745,0.21306653135058895,0.17252751909696337,323.11489768265017,236.25335663534784,379.3529898739058,BRA|CHN|IND|MEX|USA
1815,0.3339815667671651,0.21332308191825444,0.30942714193087006,0.14326820938371038,289.1500324788635,235.38411270485724,374.95101106845954,BRA|CHN|IND|RUS|USA
1816,0.14139659040633798,0.39754825942079547,0.2953274234449788,0.16572772672788771,295.3715358079743,269.8103138069087,355.06498478841866,BRA|CHN|IND|MEX|USA
1817,0.3269729338786734,0.2440533051810205,0.2475496487254012,0.18142411221490493,320.33028759749635,235.54706845769763,377.5128196833706,BRA|CHN|IND|MEX|USA
1818,0.238054895335298,0.3996486254164489,0.18401909817566817,0.1782773810725851,295.59579396438585,246.60456041799785,370.67469732392635,BRA|CHN|IND|MEX|USA
1819,0.30559011041555034,0.2789166170055966,0.27887271904244065,0.13662055353641242,275.42138109760447,273.2916187669652,372.4012959843604,BRA|CHN|IND|MEX|USA
1820,0.307964526737727,0.31795386839752254,0.19742355316590737,0.176658051698843,329.73611457150525,255.97428945104406,377.5145083069466,BRA|CHN|IND|MEX|USA
1821,0.29162773541247844,0.34074563737009533,0.1772402186845259,0.19038640853290043,324.49934918651377,259.73215050832334,377.0948465118836,BRA|CHN|IND|MEX|USA
1822,0.2515401002165859,0.24252991868199483,0.34866394358466724,0.15726603751675214,316.95966648832814,263.64240070892896,366.36815762105095,BRA|CHN|IND|RUS|USA
1823,0.35758579700374077,0.27060890141968724,0.21356613114490094,0.15823917043167116,293.8799694346944,257.1115658093943,381.5186207994398,BRA|CHN|IND|MEX|USA
1824,0.32581011223812684,0.3269613804888877,0.2198377103012343,0.12739079697175112,290.25032241713456,242.353064850937,376.84328294909596,BRA|CHN|IND|MEX|USA
1825,0.22038172543041074,0.3057341089685734,0.2758007693509567,0.19808339625005927,277.00445589982894,261.48301639101317,365.41822238607676,BRA|CHN|IND|MEX|USA
1826,0.4045638648230043,0.2444129402079298,0.2063010678018449,0.14472212716722108,316.3017422363163,227.4019410965959,386.42187820392144,BRA|CHN|IND|MEX|USA
1827,0.2727643155395641,0.32974350262726715,0.2493032196405834,0.14818896219258515,326.7467938976103,241.97415619671688,370.5577166943367,BRA|CHN|IND|MEX|USA
1828,0.1782823501404354,0.3705516113201638,0.30945790515433735,0.14170813338506358,291.31606214081836,267.16640881513626,357.612726485573,BRA|CHN|IND|MEX|USA
1829,0.22827034556268053,0.3199341151743854,0.28207814225289496,0.16971739701003902,322.3669701715964,250.3147523346738,365.0660669348859,BRA|CHN|IND|MEX|USA
1830,0.3307326639448559,0.35625970453061917,0.19100860984807927,0.12199902167644554,274.1106922321697,235.13431953889656,378.4540716611949,BRA|CHN|IND|MEX|USA
1831,0.2721037578781453,0.40701087310243456,0.2066645290351983,0.11422083998422193,324.54871759066225,231.62125532489281,371.2460127519466,BRA|CHN|IND|MEX|USA
1832,0.270190089957988,0.37167520298676027,0.18764780247033827,0.17048690458491358,291.5665942999361,240.07775577744061,373.70042922386307,BRA|CHN|IND|MEX|USA
1833,0.24308540858561387,0.3073245455061892,0.2738784599090889,0.17571158599910802,316.0467412877473,269.9276030068009,367.20378363835846,BRA|CHN|IND|MEX|USA
1834,0.23403207973990903,0.22212592749380144,0.39076074844780306,0.15308124431848655,316.4203529785861,243.60626807132627,364.7353616829434,BRA|CHN|IND|RUS|USA
1835,0.29775458951606176,0.26502303903424695,0.25383064990095283,0.18339172154873853,306.74833746457034,225.95244553922598,374.17696285097344,BRA|CHN|IND|MEX|USA
1836,0.198456639744029,0.35221859901359287,0.23700591345209826,0.21231884779027985,318.2316054749662,265.12963702185834,365.23034696803677,BRA|CHN|IND|MEX|USA
1837,0.360391409325333,0.28490034021738836,0.2435627924501678,0.11114545800711101,317.9138527743787,242.12786309479367,378.9779901099741,BRA|CHN|IND|MEX|USA
1838,0.33065367720254296,0.2569024649909618,0.2716614409243765,0.14078241688211876,312.20621124024757,243.79920346175408,375.53254387164856,BRA|CHN|IND|MEX|USA
1839,0.3184572205011716,0.2619682462155248,0.275649256584308,0.14392527669899569,314.4075191683917,261.0067178164115,374.15583778630605,BRA|CHN|IND|MEX|USA
1840,0.21626645866648955,0.3312299415705279,0.26742836784265267,0.1850752319203299,313.16809313247865,237.7336950882669,364.9210904473608,BRA|CHN|IND|MEX|USA
1841,0.24507793174420234,0.18643385520741845,0.38593446238367857,0.1825537506647007,309.3168382115447,230.16958303882936,367.38612731304227,BRA|CHN|IND|RUS|USA
1842,0.2702667007923479,0.2529162479675393,0.27464006347793374,0.20217698776217904,294.1704132813346,236.47714241849178,370.93799534648184,BRA|CHN|IND|MEX|USA
1843,0.4200572193642843,0.23588202106641476,0.2094177169448567,0.13464304262444424,312.28132132899333,269.9957348301573,387.61548487790424,BRA|CHN|IND|MEX|USA
1844,0.30356068244067563,0.3772714760785833,0.19309111442250165,0.12607672705823933,311.0588617217269,252.0091445480242,375.58909230503735,BRA|CHN|IND|MEX|USA
1845,0.44476938031913693,0.24332122027012526,0.19877921804044008,0.11313018137029768,280.67266350985085,243.4169854489342,390.0245777034342,BRA|CHN|IND|MEX|USA
1846,0.2696475340800646,0.2940356518322015,0.3357455913230938,0.1005712227646404,316.5562306986664,228.2548787357417,365.63014942817966,BRA|CHN|IND|RUS|USA
1847,0.29117020575331626,0.3830644201283206,0.2745617626546963,0.05120361146366671,324.31453800267377,226.27139410645432,368.27158476477797,BRA|CHN|IND|MEX|USA
1848,0.3501847000304103,0.2517046737951325,0.2223185420979089,0.17579208407654834,298.4236437669113,231.1338029715178,380.91496028226,BRA|CHN|IND|MEX|USA
1849,0.38831922084616577,0.2330252739581522,0.26226843170435193,0.11638707349132996,315.63509497439316,227.86557342003357,381.31848516960576,BRA|CHN|IND|MEX|USA
1850,0.3480037874477878,0.3767444467087866,0.1592024614294089,0.11604930441401666,292.4626227180475,235.07299324924753,381.4976767045664,BRA|CHN|IND|MEX|USA
1851,0.2800327437225128,0.405342274042012,0.15114979894548372,0.16347518328999144,308.6970320549693,238.29981024093425,376.11989433131794,BRA|CHN|IND|MEX|USA
1852,0.325488398052775,0.26463133910839853,0.25305448355450383,0.1568257792843227,322.58456380456056,227.35446089221696,376.3142240324885,BRA|CHN|IND|MEX|USA
1853,0.2486455131183054,0.23832108197192134,0.30037665839568933,0.21265674651408384,270.2294738834761,267.68114670731035,367.90211102792705,BRA|CHN|IND|RUS|USA
1854,0.37561920398026805,0.20394884460992277,0.23581164977298139,0.18462030163682788,324.2943395430341,274.2896838696463,383.33301593141005,BRA|CHN|IND|MEX|USA
1855,0.2085248831836227,0.2523945386148079,0.3890599708154359,0.15002060738613351,273.75203084551197,270.3746423628762,361.5098809978216,BRA|CHN|IND|RUS|USA
1856,0.32249573314136315,0.25428148924565186,0.3610706322519593,0.06215214536102563,301.8967053168989,230.09467555882497,370.52265420297545,BRA|CHN|IND|RUS|USA
1857,0.29741127474673495,0.3022606666923424,0.2512223163737276,0.149105742187195,312.359105165657,249.9495085609168,373.1400798621918,BRA|CHN|IND|MEX|USA
1858,0.2294664512196874,0.41143402697959747,0.14900986258958482,0.21008965921113035,324.53703688949076,250.87932323614066,372.31917370211295,BRA|CHN|IND|MEX|USA
1859,0.23601218632167542,0.27677406665988863,0.2013747774179126,0.28583896960052335,275.67562198597824,228.3891236858026,373.1931552301693,BRA|CHN|IND|MEX|USA
1860,0.29438840763540386,0.22649020769188669,0.35834025768086675,0.12078112699184272,313.89386542335706,239.5981453480785,369.9098625828128,BRA|CHN|IND|RUS|USA
1861,0.24357425206270078,0.2955192424013835,0.28949937607472853,0.17140712946118708,305.23833985633814,244.414286086227,366.4337795884484,BRA|CHN|IND|MEX|USA
1862,0.2579108784972292,0.3625383354224233,0.294980184463185,0.08457060161716239,281.0567307307056,242.11958425497025,364.9061718331801,BRA|CHN|IND|MEX|USA
1863,0.28534670966386494,0.2680951883784919,0.2840041603423295,0.16255394161531372,303.18214396434024,250.74378374459172,370.8544401057002,BRA|CHN|IND|MEX|USA
1864,0.3082537650725719,0.33099225288886486,0.19971363385256985,0.16104034818599347,279.3498208164884,230.2423448343498,376.937911002375,BRA|CHN|IND|MEX|USA
1865,0.23017858619951498,0.325309346541166,0.28738957322233655,0.15712249403698259,313.6305070848217,227.1829677583665,364.6288819651602,BRA|CHN|IND|MEX|USA
1866,0.4132232654005724,0.27732591810661567,0.1591784993855884,0.15027231710722358,288.20617118821593,261.8805500942343,389.5871180203362,BRA|CHN|IND|MEX|USA
1867,0.23697841443682935,0.32451580144319325,0.2912473321332789,0.1472584519866985,324.3737392863914,228.51254109145228,364.86717943692435,BRA|CHN|IND|MEX|USA
1868,0.3291145968645502,0.24425619599243903,0.30247958851847284,0.12414961862453795,313.9352022906229,252.77208639886118,373.48110122547746,BRA|CHN|IND|MEX|USA
1869,0.30116063993425696,0.26289957075993076,0.18286512629959958,0.25307466300621284,302.516768041057,258.0649943132751,379.90584891712604,BRA|CHN|IND|MEX|USA
1870,0.22460895451449786,0.3513935413990917,0.298467981050797,0.12552952303561327,310.6427025591012,269.54506579189916,362.5225383043519,BRA|CHN|IND|MEX|USA
1871,0.314204658728989,0.27874535526938216,0.281073962297692,0.12597602370393665,318.401987502435,247.83036290523174,372.8807143188065,BRA|CHN|IND|MEX|USA
1872,0.2636358364027012,0.3637498235085712,0.2546587070903872,0.1179556329983402,274.7074218486535,261.9218117710087,368.36488896042533,BRA|CHN|IND|MEX|USA
1873,0.26979343365537845,0.3708378787065224,0.2356581111585474,0.12371057647955178,296.7263520991829,233.36123056889474,370.0406220904009,BRA|CHN|IND|MEX|USA
1874,0.3172086190242176,0.16540526511669082,0.36437550373455063,0.1530106121245409,322.2049014185787,225.03681521561006,374.27208886772723,BRA|CHN|IND|RUS|USA
1875,0.2540183293767159,0.26517451665008007,0.29484488937846853,0.18596226459473555,291.71368142684156,250.88007897045367,367.7903876441672,BRA|CHN|IND|MEX|USA
1876,0.18108575092611356,0.3725017317414373,0.2549928771913717,0.19141964014107746,323.3570684679308,227.59940759945653,361.9073371511865,BRA|CHN|IND|MEX|USA
1877,0.27173859058861016,0.18839606148860502,0.22379131515562153,0.3160740327671632,289.0195631109551,265.5231449617435,377.017877927857,BRA|CHN|IND|MEX|USA
1878,0.3151898860400972,0.2876386259963878,0.23255693828437793,0.1646145496791372,294.9684493529823,237.63300305309687,376.36118126518244,BRA|CHN|IND|MEX|USA
1879,0.2456454699049405,0.32826842496360176,0.2799175053613521,0.14616859977010568,310.906224916022,242.03944507917652,366.2538142097901,BRA|CHN|IND|MEX|USA
1880,0.35742103724287094,0.32932537835145304,0.15662312042483093,0.15663046398084515,271.0097159960859,262.0741440814511,383.9363617433627,BRA|CHN|IND|MEX|USA
1881,0.22643177552038027,0.18799259941703436,0.4455345373748939,0.14004108768769163,285.2325718822167,244.68021652880333,364.06573317750997,BRA|CHN|IND|RUS|USA
1882,0.21805035289726685,0.39544737699450744,0.21841238273859453,0.1680898873696311,290.82170090479354,257.0385415054285,366.7013119078029,BRA|CHN|IND|MEX|USA
1883,0.3903151949593615,0.20355984142962716,0.2638044249188139,0.14232053869219743,271.40374290855095,272.36443829721327,382.30758349168605,BRA|CHN|IND|MEX|USA
1884,0.31610828379118266,0.2555600224780398,0.36918349923151655,0.05914819449926087,284.7911708616584,259.3294175420731,369.7426008632825,BRA|CHN|IND|RUS|USA
1885,0.31504917011549516,0.37371434415651866,0.21564401191479002,0.09559247381319612,306.53707430899766,265.97634387959346,374.84215192665897,BRA|CHN|IND|MEX|USA
1886,0.2435436060685162,0.29391502506859474,0.2635914603601738,0.1989499085027155,308.64886828869527,236.58735386610763,368.45731787316674,BRA|CHN|IND|MEX|USA
1887,0.20531930070475485,0.40105975585133286,0.2057991211474439,0.18782182229646846,273.5664334145265,255.35092813262645,366.5317192204152,BRA|CHN|IND|MEX|USA
1888,0.2917966355969684,0.3277574302205835,0.2510121294122611,0.12943380477018693,309.6273060385488,258.7343244723574,371.90944971408305,BRA|CHN|IND|MEX|USA
1889,0.3974162261339185,0.28446758558580565,0.1709140743166902,0.14720211396358562,281.90048722768876,248.79728485399397,387.2838356250513,BRA|CHN|IND|MEX|USA
1890,0.3322094372271664,0.296486483793965,0.2460694235593429,0.12523465541952572,326.79436298352437,270.6932037577586,376.311765731024,BRA|CHN|IND|MEX|USA
1891,0.2993946864672479,0.22581108261203048,0.24047700388332133,0.23431722703740035,309.67021878845503,232.42792602935864,376.59057568055107,BRA|CHN|IND|MEX|USA
1892,0.2976877463251613,0.2946415545016035,0.22486001728718846,0.1828106818860468,271.9167472631625,230.3816202034091,375.4165568236271,BRA|CHN|IND|MEX|USA
1893,0.37359750533102637,0.2422121771729406,0.16397514586972195,0.22021517162631105,303.91598198026236,232.44513860215176,387.4116844199222,BRA|CHN|IND|MEX|USA
1894,0.27280844385311565,0.28344833113328605,0.2774750757571085,0.1662681492564898,298.1977415248878,253.102559202133,369.9191836634792,BRA|CHN|IND|MEX|USA
1895,0.3170066237432672,0.2965218382124262,0.2258261953839218,0.16064534266038458,304.46969505320897,250.57462143829167,376.7205769219481,BRA|CHN|IND|MEX|USA
1896,0.3005220777977492,0.3390275554330559,0.21631089379184706,0.1441394729773477,275.05824109659505,269.53946151809726,374.8366130671525,BRA|CHN|IND|MEX|USA
1897,0.21100857550053603,0.3270363674210993,0.3501758342786634,0.11177922279970123,319.33338517366434,245.56548335150094,359.3729997406868,BRA|CHN|IND|RUS|USA
1898,0.27689852805648085,0.2848015249748168,0.24666730854650268,0.1916326384221996,279.34677302539484,249.31356330574872,372.52677869740694,BRA|CHN|IND|MEX|USA
1899,0.3427591899396952,0.289426676590464,0.20158207486314456,0.16623205860669624,304.4633897196071,263.5414558408286,380.7159297310669,BRA|CHN|IND|MEX|USA
1900,0.3261585420631607,0.24951512530087772,0.2822170635580948,0.14210926907786683,280.4288916224109,238.92913103862153,374.63369037031794,BRA|CHN|IND|MEX|USA
1901,0.2275665239917735,0.317297964982676,0.3152261657100272,0.13990934531552324,328.7522398579505,260.30391479341074,362.574061033012,BRA|CHN|IND|MEX|USA
1902,0.3294315248508991,0.3202639410441304,0.14420817800283764,0.206096356102133,325.7441083456718,238.59755436749808,383.09214590914394,BRA|CHN|IND|MEX|USA
1903,0.35289423527938946,0.2337799032943921,0.2976204604861151,0.11570540094010329,318.8324609405372,243.83592490680167,375.9626246976695,BRA|CHN|IND|MEX|USA
1904,0.361221838368819,0.23512809942937066,0.27603283601721573,0.1276172261845947,288.07885578468677,249.08169524860094,378.183560278177,BRA|CHN|IND|MEX|USA
1905,0.2200777980179276,0.38280127213243964,0.2736586906304463,0.12346223921918655,286.7677127727869,236.61085328415112,363.0545088398755,BRA|CHN|IND|MEX|USA
1906,0.24486283348344867,0.39289572782037674,0.2385403340428515,0.12370110465332307,297.1068152594248,272.7115905919974,367.2476485989924,BRA|CHN|IND|MEX|USA
1907,0.32978722998674737,0.1607717714403143,0.31924681021678153,0.19019418835615692,282.7415892864886,254.18443628262617,376.8399132581302,BRA|CHN|IND|RUS|USA
1908,0.3044813887166901,0.3488092897733096,0.23776339884377287,0.10894592266622741,279.1511128972729,229.18112715110198,373.1793448473283,BRA|CHN|IND|MEX|USA
1909,0.2819023890520972,0.36410500765431414,0.1940398751324403,0.15995272816114817,278.7577099226142,260.8213992462307,374.3317080245348,BRA|CHN|IND|MEX|USA
1910,0.23799165272067144,0.2711833033343338,0.3796438474355041,0.11118119650949056,305.9185790667843,251.5251707524001,363.0374902512308,BRA|CHN|IND|RUS|USA
1911,0.3040653233847378,0.2346505168725794,0.27398160551833145,0.18730255422435121,323.47448172319247,236.1375312515929,374.098759915945,BRA|CHN|IND|MEX|USA
1912,0.22236650187686868,0.3893246098231709,0.2796398939900518,0.10866899430990873,291.1251287794322,239.14368054683857,362.5573266910614,BRA|CHN|IND|MEX|USA
1913,0.34810221519966883,0.2498916379335216,0.2579668996922841,0.14403924717452538,325.54403193609636,237.3499274443784,378.1030571561031,BRA|CHN|IND|MEX|USA
1914,0.33626634063317484,0.30705158903934376,0.19507135596221695,0.16161071436526445,291.95122983298626,254.19291385034848,380.1556707769456,BRA|CHN|IND|MEX|USA
1915,0.2492326652480039,0.36494777554249075,0.2987311851934388,0.08708837401606656,308.74876258898087,248.11565529407864,363.8958353582556,BRA|CHN|IND|MEX|USA
1916,0.17818450945243414,0.36105731723876433,0.26198039351551317,0.1987777797932884,321.7831531591318,243.43452142206337,361.5308397972549,BRA|CHN|IND|MEX|USA
1917,0.2785064388997182,0.3339631235925471,0.24768764765551826,0.13984278985221638,281.55322391335363,267.72705633340206,370.9713076831275,BRA|CHN|IND|MEX|USA
1918,0.2820158974312293,0.29306007263084083,0.29588883179056114,0.12903519814736877,320.8683715164906,266.9478847998701,368.889776271987,BRA|CHN|IND|MEX|USA
1919,0.3791594786853154,0.2958751175405581,0.1872372988607837,0.13772810491334272,319.35331010752645,227.8417502817686,384.31000809176146,BRA|CHN|IND|MEX|USA
1920,0.2875401209375196,0.2471999600879498,0.33768284514032537,0.1275770738342054,281.7904595880924,247.3262419836633,369.08919667603755,BRA|CHN|IND|RUS|USA
1921,0.28174492310086474,0.3050488661040013,0.30299331522746437,0.11021289556766965,286.5702884282662,263.4457418035997,367.9387983414489,BRA|CHN|IND|MEX|USA
1922,0.21610820533267655,0.2920405139832306,0.24279588151725906,0.24905539916683386,327.7653711986695,234.3889682416375,368.0592775970192,BRA|CHN|IND|MEX|USA
1923,0.38017051984423006,0.22818130489810104,0.2254886350253003,0.16615954023236879,327.4712015547574,257.58647044176024,383.6709579067731,BRA|CHN|IND|MEX|USA
1924,0.24179145076856304,0.3656340698905139,0.2495981379091462,0.1429763414317769,328.89880112637013,270.04597519751997,367.0623763303454,BRA|CHN|IND|MEX|USA
1925,0.3069384613685547,0.24489589020241678,0.28534646078532744,0.16281918764370099,283.9557191898361,232.17340989222694,373.1140237552246,BRA|CHN|IND|MEX|USA
1926,0.42097170540085027,0.25307050736443737,0.16951167205171935,0.15644611518299298,280.1847955396569,266.27595184579843,390.16514057745934,BRA|CHN|IND|MEX|USA
1927,0.24757791009637517,0.2893039340182034,0.2036657392193865,0.25945241666603475,318.742140751259,238.11579025410796,373.47280203350806,BRA|CHN|IND|MEX|USA
1928,0.24924382420353985,0.3806247846935088,0.2311504265081509,0.1389809645948003,288.2748866902568,250.99746141335842,368.5356216459511,BRA|CHN|IND|MEX|USA
1929,0.40737126703641946,0.22553221800523582,0.22069833723179294,0.1463981777265518,305.15045881487606,230.87974579609303,386.1476743060327,BRA|CHN|IND|MEX|USA
1930,0.32824761732220076,0.24713964695769322,0.24970921910814217,0.17490351661196388,288.589980504121,273.53615817436037,377.3429407279891,BRA|CHN|IND|MEX|USA
1931,0.2743248493218956,0.2706314511577823,0.2832437994499267,0.17179990007039542,322.126394174486,245.68671225062053,370.00912576746686,BRA|CHN|IND|MEX|USA
1932,0.2746979497935535,0.2869395917680962,0.2839000586261909,0.15446239981215937,325.89888374903103,246.1380349117681,369.4569907623641,BRA|CHN|IND|MEX|USA
1933,0.40580665244368946,0.2917481640765872,0.1858075806160923,0.11663760286363099,275.55594831718247,257.23563379000564,386.53750871570065,BRA|CHN|IND|MEX|USA
1934,0.29315636969272196,0.4278556802677107,0.18248593122376994,0.09650201881579724,318.98335383694535,261.97092034293706,373.9784594209119,BRA|CHN|IND|MEX|USA
1935,0.35288595540787726,0.3353106895597978,0.23908308374823112,0.07272027128409377,303.29019598424355,267.1050398769842,377.12224653116584,BRA|CHN|IND|MEX|USA
1936,0.37759001144753923,0.21922357911198775,0.3295790193375884,0.07360739010288468,308.1088998143318,272.9956894612933,377.1673187523303,BRA|CHN|IND|RUS|USA
1937,0.28758743883561155,0.2691742054059636,0.19892085721918487,0.24431749853924023,327.28465564338336,249.5289710415046,377.46798571347335,BRA|CHN|IND|MEX|USA
1938,0.275347881447531,0.34697678995457504,0.2669717744385999,0.11070355415929409,293.48175872906575,227.53781107258547,368.84412362275845,BRA|CHN|IND|MEX|USA
1939,0.30593841478107414,0.31794247813286236,0.2549515750648486,0.12116753202121476,308.5315663229908,264.40282820045564,372.9814439085889,BRA|CHN|IND|MEX|USA
1940,0.3762522288503642,0.25037434152088617,0.23140726282162927,0.14196616680712024,299.90896157814984,240.95788169329728,382.20711259675977,BRA|CHN|IND|MEX|USA
1941,0.16460378765252284,0.2948239931099834,0.30494780665762505,0.2356244125798685,315.6294127345153,233.23548994737388,359.3983720319353,BRA|CHN|IND|MEX|USA
1942,0.1827641341963747,0.3773650884983093,0.3281954542430146,0.11167532306230132,277.2884180454649,245.4716704069816,356.2976485703274,BRA|CHN|IND|MEX|USA
1943,0.29862812065275324,0.29504190095875427,0.20595559016485637,0.20037438822363618,275.2795872404143,271.5736049497881,376.9137387762309,BRA|CHN|IND|MEX|USA
1944,0.3299851468083391,0.3450375702611317,0.2328459189188,0.09213136401172914,301.1467945484198,272.11940086551965,375.57585070257727,BRA|CHN|IND|MEX|USA
1945,0.3168672350704371,0.2010241149452891,0.18761360600274612,0.29449504398152765,299.374879593281,248.25896300143205,382.7244299135795,BRA|CHN|IND|MEX|USA
1946,0.3095719435799089,0.23565629005830613,0.3027387631089149,0.15203300325287006,282.2299915018258,245.37239574181666,372.3420390494258,BRA|CHN|IND|RUS|USA
1947,0.28508715205214863,0.29983857130605557,0.31474255501065285,0.10033172163114291,270.47279207287244,230.80610563977373,367.4619391581348,BRA|CHN|IND|MEX|USA
1948,0.2909990748293612,0.3219212133608725,0.22922838976509702,0.15785132204466937,289.6018116696582,247.960805184513,373.6992069885481,BRA|CHN|IND|MEX|USA
1949,0.2839827401692004,0.43264687954319075,0.15901964428573176,0.12435073600187703,281.4856303130048,227.58929774258303,374.92727535730995,BRA|CHN|IND|MEX|USA
1950,0.40747746611962266,0.27047333603322393,0.20204758954963,0.12000160829752338,273.69787665204666,231.64079631280788,386.1160739533231,BRA|CHN|IND|MEX|USA
1951,0.2989039565307296,0.2272494878069458,0.30286571209210905,0.17098084357021556,323.6858069863883,242.5059119569688,371.9702641958331,BRA|CHN|IND|RUS|USA
1952,0.31084766045546763,0.3297363700250168,0.20025479344806227,0.15916117607145325,315.1248187574954,253.91574026948462,377.13066795488515,BRA|CHN|IND|MEX|USA
1953,0.3035939326742084,0.3242368344487047,0.27448916748326113,0.09768006539382573,277.749933577855,265.13143217119114,371.11391789421447,BRA|CHN|IND|MEX|USA
1954,0.24121450913421594,0.30120626200365874,0.2528804394579956,0.20469878940412967,272.0535819168759,256.01823694752335,368.86291550617767,BRA|CHN|IND|MEX|USA
1955,0.30262366816562486,0.22206340175340708,0.2945165013353685,0.18079642874559945,293.0995317053849,233.58673404580438,372.836039481453,BRA|CHN|IND|MEX|USA
1956,0.1930944899340184,0.4034849817834217,0.1926781100045764,0.21074241827798335,309.45037194364573,262.4927372928539,366.5420736486344,BRA|CHN|IND|MEX|USA
1957,0.26148337842256786,0.40731322105339907,0.2106868817007986,0.12051651882323458,276.25474258992745,263.7857070791902,370.13883565699075,BRA|CHN|IND|MEX|USA
1958,0.2375485697905095,0.3047513157271707,0.34389518202269703,0.11380493245962284,276.1780200893853,258.6017864768928,362.54723253711876,BRA|CHN|IND|RUS|USA
1959,0.32765865746547473,0.3642150277474271,0.17185937887786867,0.13626693590922961,284.93092262444435,247.12357438692544,379.4254465658816,BRA|CHN|IND|MEX|USA
1960,0.2662370878118457,0.33472746416637716,0.25416459869259717,0.14487084932917993,277.43561728675223,247.1915851610619,369.53932154174186,BRA|CHN|IND|MEX|USA
1961,0.19441558639007253,0.3550175519288968,0.27663677807093406,0.1739300836100967,312.8272976294442,246.67804369655346,361.8193282969637,BRA|CHN|IND|MEX|USA
1962,0.16636858354871983,0.3923400678905762,0.2790850540388748,0.16220629452182916,308.847607343358,251.80458428192105,358.33130833628815,BRA|CHN|IND|MEX|USA
1963,0.2745725597146898,0.27464546882450974,0.2262586350348532,0.22452333642594718,328.8677569738665,253.8424748702637,374.238329143217,BRA|CHN|IND|MEX|USA
1964,0.36556399442562093,0.19152727024979535,0.2522893054388754,0.1906194298857083,320.26061236862796,236.1929865931029,381.7325288776568,BRA|CHN|IND|MEX|USA
1965,0.30505514383054116,0.36154042773048617,0.19785951144765404,0.13554491699131857,325.4527805620845,240.51986826542117,375.8483007940815,BRA|CHN|IND|MEX|USA
1966,0.2480561602253988,0.33701474882950017,0.2605243230313371,0.15440476791376379,315.9649522699003,265.2183449344637,367.626529004756,BRA|CHN|IND|MEX|USA
1967,0.306990144878961,0.3490003464149047,0.21738203938403394,0.12662746932210034,318.5762168753646,251.41484804427893,374.9126430331727,BRA|CHN|IND|MEX|USA
1968,0.284487344845091,0.3640312883497691,0.2253889807657149,0.1260923860394251,273.63315989779875,259.3961816639866,372.13840366813025,BRA|CHN|IND|MEX|USA
1969,0.38937536409081547,0.24339192069863733,0.25974273466415865,0.10748998054638859,296.0418592054057,259.9438472330584,381.25268912757156,BRA|CHN|IND|MEX|USA
1970,0.2508026110712841,0.321462296889786,0.2862728522542892,0.1414622397846408,308.19865675181615,236.82178757426973,366.3748842861958,BRA|CHN|IND|MEX|USA
1971,0.3700951199436064,0.2882326125610685,0.2523760621722674,0.08929620532305772,306.0956986792318,248.88970867246556,378.92096401647103,BRA|CHN|IND|MEX|USA
1972,0.3858733665396884,0.21394102747054927,0.15421192002468018,0.24597368596508198,313.8927127247869,268.2538054948708,389.9883294723499,BRA|CHN|IND|MEX|USA
1973,0.24792901086354405,0.3695912068600805,0.22057710353738808,0.16190267873898745,301.4600540138113,269.0867068774112,369.6017226310677,BRA|CHN|IND|MEX|USA
1974,0.2917306459407107,0.20115187407154544,0.3779426746819696,0.12917480530577424,305.4159944341463,225.8426301294096,370.300117764529,BRA|CHN|IND|RUS|USA
1975,0.364228518647378,0.3153115663348712,0.25851206173152735,0.061947853286223466,328.1597940731861,273.8663323791988,377.13669788237166,BRA|CHN|IND|MEX|USA
1976,0.4786984434554092,0.1794261110532715,0.20022254070932144,0.14165290478199782,326.05787899535545,266.38067037209225,394.5176481449954,BRA|CHN|IND|MEX|USA
1977,0.44801831875036346,0.2771304245926312,0.16370562683065898,0.11114562982634632,315.22695028353587,246.22929367571473,391.83986107541153,BRA|CHN|IND|MEX|USA
1978,0.24159711190843225,0.32140032878687136,0.23533513702384531,0.201667422280851,298.1114932886462,235.68340723179568,369.57183067671417,BRA|CHN|IND|MEX|USA
1979,0.3096748337221301,0.3493658489036226,0.22171843891250376,0.11924087846174365,320.3590607769478,247.69052456214177,374.77034999831005,BRA|CHN|IND|MEX|USA
1980,0.3412525021604835,0.29674299561033113,0.23241774964757786,0.12958675258160762,313.9705098444902,244.0968200260736,378.01688827348823,BRA|CHN|IND|MEX|USA
1981,0.28004581653214883,0.2880185693890769,0.24136835007867374,0.1905672640001007,284.8835048111956,248.62716187907986,373.0603085985629,BRA|CHN|IND|MEX|USA
1982,0.25478144329104313,0.39092822140683947,0.23041283848838115,0.12387749681373618,307.28349460845664,246.2115907220169,368.6694059260185,BRA|CHN|IND|MEX|USA
1983,0.46341820486667784,0.314692650491344,0.15826110577592017,0.06362803886605808,303.0698447111871,245.6385801779722,392.18092844241573,BRA|CHN|IND|MEX|USA
1984,0.23689649897024298,0.33422895261401153,0.24226892645673617,0.18660562195900937,270.3585288223647,228.45357354404132,368.2766805441238,BRA|CHN|IND|MEX|USA
1985,0.3092440451434531,0.2573513617308191,0.2715091309708881,0.16189546215483974,313.528045175109,239.65744071157343,373.9351331409797,BRA|CHN|IND|MEX|USA
1986,0.31447356634922513,0.3433828738612975,0.19690774983407053,0.1452358099554069,285.7985893730687,237.2379068435521,377.2122418241039,BRA|CHN|IND|MEX|USA
1987,0.29674016901985195,0.28158498052577574,0.25491239238848457,0.16676245806588771,288.6311970482482,241.26917991177234,373.4808348807937,BRA|CHN|IND|MEX|USA
1988,0.3327477586126456,0.20802917194194429,0.2560596097264549,0.20316345971895536,282.18133426886254,241.10572172539128,378.4651762098461,BRA|CHN|IND|MEX|USA
1989,0.23553560424354142,0.3764324787396588,0.2369770326149265,0.1510548844018734,299.908648586448,244.94864762677716,367.20708756362654,BRA|CHN|IND|MEX|USA
1990,0.26254621373664827,0.30521524202144057,0.2587744297562838,0.17346411448562718,318.7429480318848,264.1217228091642,369.87225872336796,BRA|CHN|IND|MEX|USA
1991,0.22020859135794926,0.38150928535222783,0.3262337298775787,0.07204839341224406,309.3820900740182,225.22789353234708,359.1010102635199,BRA|CHN|IND|MEX|USA
1992,0.24975954083474017,0.4289149103234045,0.14963325871655572,0.17169229012529957,320.9880566983351,268.6679280732787,373.2149242911223,BRA|CHN|IND|MEX|USA
1993,0.23995014188695432,0.3768595919124849,0.2793396363041124,0.10385062989644842,282.2856627661011,259.8828678311477,364.2947424222417,BRA|CHN|IND|MEX|USA
1994,0.3132442375365236,0.3490543738515923,0.19360864948080733,0.14409273913107676,279.75064999518315,243.95478070130915,377.1877266426488,BRA|CHN|IND|MEX|USA
1995,0.2878945259136546,0.21595090935397804,0.30795991801561623,0.18819464671675107,311.97066133295084,264.39195207530105,371.5531076500732,BRA|CHN|IND|RUS|USA
1996,0.2735539389418071,0.33603695236404574,0.28495135131971827,0.10545775737442883,292.221304090937,256.51233474005784,367.6963067856121,BRA|CHN|IND|MEX|USA
1997,0.25902863968759826,0.41211857176606354,0.22165908859130126,0.10719369995503696,309.8570819037839,245.69783527896365,368.9640032316719,BRA|CHN|IND|MEX|USA
1998,0.37051458975089246,0.3085434858425783,0.21972632255619667,0.10121560185033251,299.94260950463104,262.5397717541472,380.7795010553192,BRA|CHN|IND|MEX|USA
1999,0.2862235698685311,0.2122512490839337,0.3655660888219103,0.1359590922256249,283.39671401537885,232.79142379421708,369.76966551364217,BRA|CHN|IND|RUS|USA
2000,0.18697847770425588,0.41348619910863293,0.23225696820609845,0.16727835498101282,313.3966066200766,237.15119771392784,362.7464551072911,BRA|CHN|IND|MEX|USA
