nct_id,intervention_seq,intervention_type,intervention_name,description
NCT01644201,1,DIETARY_SUPPLEMENT,PolyGlycopleX® - PGX®,"15g or 20g total daily dose, 5g pre-mixed with liquid meal replacement and consumed twice daily, 5g supplement granules sprinkled on food and consumed once of twice daily"
NCT01644201,2,DIETARY_SUPPLEMENT,Rice Flour (placebo),"15g or 20g total daily dose, 5g pre-mixed with liquid meal replacement and consumed twice daily, 5g supplement granules sprinkled on food and consumed once of twice daily"
NCT00375401,1,DRUG,"CP-945,598 Treatment A","Arm includes CP-945,598 Treatment A plus Dietary, Physical Activity, and Weight Loss Counseling"
NCT00375401,2,DRUG,"CP-945,598 Treatment B","Arm includes CP-945,598 Treatment B plus Dietary, Physical Activity, and Weight Loss Counseling"
NCT00375401,3,DRUG,Placebo,"Arm includes Placebo plus Dietary, Physical Activity, and Weight Loss Counseling"
NCT07684144,1,DRUG,Maridebart Cafraglutide,Administered subcutaneously.
NCT07684144,2,DRUG,Placebo,Administered subcutaneously.
NCT05822830,1,DRUG,Tirzepatide,Administered SC
NCT05822830,2,DRUG,Semaglutide,Administered SC
NCT06501248,1,DRUG,Triticum Aestivum,"The intervention period will be 120 days, searching for effects on insulin sensitivity and metabolic control."
NCT06501248,2,DRUG,Placebo (calcined magnesia),"The intervention period will be 120 days, searching for effects on insulin sensitivity and metabolic control."
NCT06309992,1,COMBINATION_PRODUCT,Survodutide,"Survodutide, pre-filled syringe"
NCT06309992,2,COMBINATION_PRODUCT,Placebo,"Placebo matching survodutide, pre-filled syringe"
NCT00146107,1,BEHAVIORAL,Diet,10 percent weight loss through diet and behavioral modification
NCT00146107,2,OTHER,Exercise,"Multicomponent (resistance, aerobic, balance) exercise three times a week"
NCT00146107,3,OTHER,Weight Loss and Exercise,10% weight loss through diet and exercise plus multicomponent exercise training three times a week
NCT02672592,1,DRUG,Anakinra,Anakinra 100mg s.c. bid
NCT02672592,2,DRUG,Sodium Chloride 0.9%,Sodium Chloride 0.9% s.c. bid
NCT03345771,1,COMBINATION_PRODUCT,Antimicrobial Barrier Dressing,"Ionic Silver is a soft, nonwoven pad or ribbon that features the gelling benefits of Hydrofiber technology plus antimicrobial ionic silver."
NCT03345771,2,DEVICE,Negative Pressure Wound Therapy (NPWT),PICO provides suction known as negative Pressure wound Therapy (NPWT) which draws out excess fluid from a wound and protects the injured area from getting dirty to ultimately help promote healing. PICO consists of an nPwT pump connected to an absorbent gentle adhesive dressing
NCT00623844,1,BEHAVIORAL,physical activity,"activity program at kindergarten 5 \* 30 min per week plus education of parents (letters, flyers, presentations, counselling) plus activity homework for children involving also the families"
NCT03419624,1,DRUG,Dapagliflozin 10mg,Dapagliflozin 10 mg tablet once daily
NCT03419624,2,DRUG,Exenatide 2 mg [Bydureon],Exenatide 2 mg injection once weekly
NCT03419624,3,DRUG,Placebo Oral Tablet,Placebo oral tablet once daily
NCT03419624,4,DRUG,Placebo injection,Placebo injection once weekly
NCT03419624,5,DRUG,Insulin,daily Insulin injections
NCT03419624,6,DRUG,"Metformin, if taken before","If the Patient has taken Metformin prior to enrollment, he or she will continue to take it."
NCT04520490,1,BEHAVIORAL,Family Based Behavioral Treatment,"Children with obesity accompanied by at least one parent or caregiver will attend 24 weekly sessions. Most sessions will be held via video-conference and include 25-30 min. meetings between an interventionist and each child/parent pair to individualize treatment, followed by separate child and parent group meetings lasting 40 - 45 min. A select few sessions will be held in-person between an interventionist and each child/parent pair with no group session. Parents will serve as primary agents of change for their child and for themselves. Training will focus on food and physical activity education, parenting around food and physical activity, and use of behavioral skills (e.g., self-monitoring, environmental control, contingency management). Intervention groups of 8-12 children/families will be initiated every 3-6 mos. in study yrs. 2-3."
NCT04520490,2,DRUG,Exenatide 2 mg [Bydureon],Weekly injections of active drug.
NCT04520490,3,DRUG,Placebo,Weekly placebo injections
NCT04221750,1,BEHAVIORAL,Lifestyle therapy,"Weight management program, in which participants are prescribed a balanced diet that provides and energy deficit of 500 to 750 kcal per day to induced \~10% weight loss plus Supervised combined aerobic and resistance exercise training three times weekly"
NCT04221750,2,DRUG,Metformin Hydrochloride,"Given orally starting at 500 mg (one tablet) taken orally once a day with meals. After a week, the dose of metformin will be increased to 1000 mg (two tablets) daily. After another week, the dose of metformin will be increased to 1500 mg (three tablets) daily."
NCT04221750,3,DRUG,Placebo,"Given orally starting at 500 mg (one tablet) taken orally once a day with meals. After a week, the dose of placebo will be increased to 1000 mg (two tablets) daily. After another week, the dose of placebo will be increased to 1500 mg (three tablets) daily."
NCT04221750,4,BEHAVIORAL,Healthy Lifestyle,"Group educational sessions that focus on healthy diet, exercise, and social support once a month"
NCT07075146,1,DRUG,DOR/3TC/TDF,It is a triple-drug antiretroviral drug co-formulated in a single tablet. It contains Doravirine/Lamivudine/Tenofovir Disoproxil Fumarate 100/300/300 mg
NCT07075146,2,DRUG,BIC/FTC/TAF,"It is a triple-drug antiretroviral drug co-formulated in a single tablet. It contains bictegravir 50 mg, tenofovir alafenamide 25 mg, and emtricitabine 200 mg. It is the standard therapy."
NCT00478972,1,DRUG,Rimonabant,"Tablet, oral administration"
NCT00478972,2,DRUG,placebo (for Rimonabant),"Tablet, oral administration"
NCT00478972,3,OTHER,Diet and exercise,Target daily caloric intake: Ideal body weight × 25 kcal
NCT07037459,1,DRUG,Maridebart cafraglutide,Maridebart cafraglutide will be administered SC.
NCT07037459,2,DRUG,Placebo,Placebo will be administered SC.
NCT00386061,1,DRUG,rimonabant (SR141716),
NCT04447313,1,OTHER,Survey Administration,Ancillary studies
NCT04447313,2,BEHAVIORAL,Telephone-Based Intervention,Receive ACT telephone coaching
NCT04447313,3,BEHAVIORAL,Telephone-Based Intervention,Receive SBT telephone coaching
NCT00029861,1,DRUG,Rimonabant (SR141716),
NCT05093634,1,DRUG,Setmelanotide,Subcutaneous Injection
NCT05093634,2,DRUG,Placebo,Subcutaneous Injection
NCT01627925,1,DEVICE,nasal mask and continuous positive airway pressure,nasal mask use instead of face mask application of continuous positive airway pressure during induction of general anesthesia
NCT07037433,1,DRUG,Maridebart Cafraglutide,Maridebart cafraglutide will be administered SC.
NCT07037433,2,DRUG,Placebo,Placebo will be administered SC.
NCT00764270,1,DIETARY_SUPPLEMENT,R-alpha lipoic acid,"300 mg R-alpha lipoic acid or placebo twice daily for 12 weeks, followed by a washout period of 12 weeks, followed by another treatment phase of the other treatment placebo or 300 mg R-alpha-lipoic acid for 12 weeks"
NCT00955903,1,BEHAVIORAL,Exercise,Participants will participate in supervised exercise sessions
NCT00955903,2,BEHAVIORAL,Reduced Calorie Diet,Participants will follow a reduced calorie diet
NCT00955903,3,BEHAVIORAL,Weight Maintenance Diet,Participants will follow a weight maintenance diet
NCT04678323,1,DRUG,Lifestyle Management,Participants in this group will receive lifestyle management.
NCT07503210,1,DRUG,NNC0487-0111,NNC0487-0111 will be administered subcutaneously.
NCT07503210,2,DRUG,Placebo (matched to NNC0487-0111),Placebo will be administered subcutaneously.
NCT01724983,1,DRUG,ketamine,
NCT01724983,2,DRUG,fentanyl,
NCT05887271,1,DRUG,Low calorie meal replacement plan,"Meal replacement diet containing \~850 kcal/day (40% protein, 50% carbohydrate, 10% fat) supplied by Counterweight® (www.counterweight.org).The meal replacement plan will comprise of 3-4 meal packs/day (to equate to 850 kcal) with sweet and savoury options, and an allowance of 100ml semi-skimmed milk or a non-dairy alternative."
NCT05887271,2,DIAGNOSTIC_TEST,Cardiovascular magnetic resonance (CMR) imaging and magnetic resonance spectroscopy,"CMR scanning performed on a 3T MRI scanner. Standardised protocol incorporating cine functional assessment to determine LV mass, systolic function and left atrial volumes; global systolic strain and diastolic strain rates will be assessed by tagging and with tissue tracking analysis from cine images, adenosine rest and stress myocardial perfusion to assess reserve index and qualitative perfusion defects, aortic distensibility to measure aortic stiffness, delayed contrast enhancement for assessment of LV fibrosis and evidence of previous myocardial infarction. Myocardial and liver triglyceride content will be assessed using the modified Hepafat® sequence or 1H MR spectroscopy at the inter ventricular septum. Additional imaging will be undertaken for quantification of visceral adiposity and subcutaneous adipose tissue. Cardiac 31P magnetic resonance spectroscopy imaging to assess cardiac muscle energetics according to a standardised operating procedure."
NCT05887271,3,DIAGNOSTIC_TEST,Transthoracic echocardiography,"Comprehensive transthoracic echocardiography, including: tissue Doppler indices of diastolic filling, exclusion of valvular abnormalities, assessment of LV size and function"
NCT05887271,4,DIAGNOSTIC_TEST,Blood test,Collection of blood samples from each participant to characterise the participant's health status and fibroinflammatory markers.
NCT05887271,5,DIAGNOSTIC_TEST,Electrocardiogram,An ECG will be obtained to assess for baseline rhythm.
NCT05887271,6,DIAGNOSTIC_TEST,Accelerometery,Accelerometer (GeneActiv) measured daily activity levels continuously for 7 consecutive days.
NCT05887271,7,DIAGNOSTIC_TEST,6 minute walk test (6MWT),Supervised 6MWT will be performed with symptom assessment using dyspnoea scale (Borg's).
NCT05887271,8,DIAGNOSTIC_TEST,Skeletal muscle strength using handgrip strength,Skeletal muscle strength will be measured using hand grip strength
NCT05887271,9,OTHER,Assessment of quality of life and heart failure symptoms,"Quality of life and HF symptoms will be assessed using the Kansas City Cardiomyopathy Questionnaire (KCCQ) questionnaire, which is used as a standardised measure of self-reported health status, and HF symptoms and is considered to have a good discriminatory power and validity"
NCT05887271,10,OTHER,Assessment of sarcopenia,"Participants will be assessed for presence of sarcopenia using the Strength, Assistance with walking, Rise from a chair, Climb stairs and Falls (SARC-F) questionnaire. It is a robust tool for diagnosis of sarcopenia and prediction poor physical function, with excellent specificity in multimorbid individuals."
NCT05887271,11,OTHER,Assessment of frailty,"Frailty will be assessed using the Edmonton Frail Scale (EFS). The EFS is a multidimensional frailty assessment which assesses multiple domains of frailty including functional independence, social support, cognition, medication use, and mood."
NCT05887271,12,OTHER,Qualitative interview,"Participants in the MRP and control groups will be invited to attend a focused semi-structured, 1-2-1 interview aimed to elicit barriers and enablers to the MRP and describe their perspective on the relationship between healthy eating and health interview during the 12-week visit. Participants who complete or drop out will be eligible. Inclusion of participants in the control arm will allow us to compare the experiences of MRP versus health coaching and detect any specific issues people face when trying to introduce lifestyle changes themselves."
NCT00975533,1,DEVICE,Tantalus,The TANTALUS System is implanted using minimally invasive procedure (laparoscopy). It uses leads with stitch electrodes to deliver electrical signals to the gastric wall for the treatment of obese subjects with T2DM.
NCT00975533,2,DRUG,Insulin,"Insulin treatment will be prescribed, in accordance with the common medical practice at the institute. Dosages will be recorded on a daily basis."
NCT01273584,1,DRUG,Metformin,Maximum dosage 500 mg 2 tablets 3 times a day (with each meal) start with 1 tablet twice a day and gradually titrate upwards to maximum dose
NCT01273584,2,DRUG,Placebo,Placebo maximum dosage 2 tablets 3 times a day ( with meals) start with 1 tablet twice a day and gradually titrate upwards to maximum dose
NCT01272232,1,DRUG,liraglutide,Liraglutide 3.0 mg for subcutaneous (under the skin) injection once daily for 56 weeks.
NCT01272232,2,DRUG,liraglutide,Liraglutide 1.8 mg for subcutaneous (under the skin) injection once daily for 56 weeks.
NCT01272232,3,DRUG,placebo,Liraglutide placebo of either 3.0 mg or 1.8 mg for subcutaneous (under the skin) injection once daily for 56 weeks.
NCT07220772,1,DRUG,Mibavademab,Administered as per the protocol
NCT06952712,1,DRUG,Aspirin 100mg,Aspirin 100mg qn was started from 12-16 weeks of gestation and discontinued from 36+0-36+6 weeks of gestation
NCT06952712,2,DRUG,Aspirin 150mg,Aspirin 150mg qn was started from 12-16 weeks of gestation and discontinued from 36+0-36+6 weeks of gestation
NCT00589498,1,DIETARY_SUPPLEMENT,1000 extra calories,"Each subject received 1000 kcal/d in addition to weight maintenance requirements. The diet composition throughout the study was 40% carbohydrate, 40% fat, and 20% protein."
NCT02342899,1,DEVICE,Outpatient NIV Set Up using AVAPS AE (Manufactured by Philips-Respironics),"Intervention set ups will follow a standard protocol for the automated device (A40 AVAPS-AE machine;Manufactured by Philips-Respironics, Murraysville, Pittsburgh, US) and patients will be discharged with the machine and a full face mask or nasal interface. Patients will then undergo a 1-2 night home oximetry study to ensure adequate control of overnight oxygenation. Patients will be reviewed clinically as an outpatient at 6 weeks and adherence to non-invasive ventilation will be evaluated and an arterial blood gas measurement will be undertaken. A full clinical review and optimisation of NIV and interface will be performed at this visit. Patients will be reviewed at 3 months as an inpatient where overnight transcutaneous carbon dioxide level and SpO2 studies will be performed. All other patient-centred, physician-centred and healthcare utilisation measurements will be assessed at baseline, 6 weeks and 3 months."
NCT02342899,2,DEVICE,Inpatient NIV Set Up using spontaneous/timed (S/T) mode pressure support ventilation (Manufactured by Philips-Respironics),"The patient will follow a specialist nurse-led protocolised set up of spontaneous/timed (S/T) mode pressure support ventilation (A40 AVAPS-AE machine; Manufactured by Philips-Respironics, Murraysville, Pittsburgh, US) using limited respiratory polygraphy, including overnight TcCO2 (Trascutaneous Carbon Dioxide) and SpO2 (Oxygen Saturation) studies. Following the inpatient set-up, patients will be reviewed as an outpatient at 6 weeks and adherence with non-invasive ventilation will be evaluated and arterial blood gas measurements will be performed. Patients will then be reviewed at 3 months as an inpatient where overnight respiratory polygraphy, TcCO2 and SpO2 studies will be repeated. All other patient-centred, physician-centred measurements and healthcare utilisation measurements will be assessed at baseline, 6 weeks and 3 months."
NCT02868177,1,DIETARY_SUPPLEMENT,Totum-63,"Each randomized subject will consume 8 capsules daily of either active (5200 mg of Totum-63) during 24 weeks (from visit V1 to visit V3). They will consume 3 capsules at the beginning of their breakfast, 2 capsules at the beginning of their lunch and 3 capsules at the beginning of their dinner."
NCT02868177,2,DIETARY_SUPPLEMENT,Placebo,"Each randomized subject will consume 8 capsules daily of placebo (5064 mg of maltodextrine) during 24 weeks (from visit V1 to visit V3). They will consume 3 capsules at the beginning of their breakfast, 2 capsules at the beginning of their lunch and 3 capsules at the beginning of their dinner."
NCT00000532,1,BEHAVIORAL,"diet, fat-restricted",
NCT00495599,1,PROCEDURE,Cytokines assessed from fat tissue,Cytokines assessed from fat tissue
NCT01905956,1,DIETARY_SUPPLEMENT,IQP-AK-102,"IQP-AK-102 was presented in the form of a capsule containing proprietary, patent pending combination of three soluble fibres and excipients."
NCT01905956,2,DIETARY_SUPPLEMENT,Placebo,"The placebo contained microcrystalline cellulose and other excepients. Both active and placebo capsules had identical physical appearance in terms of size, shape, colour and opacity."
NCT04800172,1,DRUG,Roflumilast,administration of roflumilast 500 mcg tablet once daily for 3 months.
NCT04800172,2,DRUG,placebo,administration of placebo tablet once daily for 3 months.
NCT00929812,1,DRUG,Glucagon hydrochloride (GlucaGen®),1 mg/1 ml of glucagon hydrochloride intramuscularly
NCT00929812,2,DRUG,NaCl 0.9%,1 ml NaCl 0.9% intramuscularly
NCT00989339,1,DRUG,Twenty-four Hour TPN and Saline Infusion,"Infusion of Intralipid 20%, ClinOleic 20% or normal saline at 20 ml/hr for 24 hr."
NCT00553787,1,DRUG,VI-0521,"phentermine 15 mg and topiramate 92 mg, po once daily"
NCT00553787,2,DRUG,VI-0521,"phentermine 7.5 mg and topiramate 46 mg, po once daily"
NCT00553787,3,DRUG,VI-0521,placebo
NCT05788965,1,DRUG,Semaglutide,glucagon-like peptide 1 (GLP-1) receptor agonist
NCT00679653,1,DRUG,sibutramine,"8-wks, sibutramine, 10 mg, capsules, once daily"
NCT00679653,2,DRUG,sibutramine,"8-wks, sibutramine, 15 mg, capsules, once daily"
NCT00679653,3,DRUG,verapamil/trandolapril,"2 wk Run-in phase, antihypertensive therapy only"
NCT00679653,4,DRUG,metoprolol/HCT,"2 wk Run-in phase, antihypertensive therapy only"
NCT00679653,5,DRUG,felodipine/ramipril,"2 wk Run-in phase, antihypertensive therapy only"
NCT07734311,1,DRUG,Ecnoglutide Injection,subcutaneous injection
NCT07734311,2,DRUG,placebo with matching volume,subcutaneous injection
NCT00449605,1,DRUG,Rimonabant,"Tablet, oral administration"
NCT00449605,2,DRUG,Glimepiride,"Tablet, oral administration"
NCT00449605,3,DRUG,Metformin,Metformin continued at stable dose as background therapy
NCT00678483,1,DRUG,rimonabant (SR141716),once daily
NCT05409612,1,BIOLOGICAL,Supemtek®,"Quadrivalent recombinant high-dose influenza vaccine containing 45 µg of hemagglutinin (HA) for each of the 4 strains included (2 strains A and 2 strains B).

Solution for injection is sterile liquid supplied in 0.5mL single dose pre-filled syringe. Vaccine is injected intra-muscularly in the non-dominant arm at Day 0."
NCT05409612,2,BIOLOGICAL,Vaxigriptetra®,Quadrivalent inactivated influenza vaccine containing 15 µg of hemagglutinin (HA) for each of the 4 strains included. Suspension for injection is sterile liquid supplied in 0.5mL single dose pre-filled syringe. Vaccine is injected intra-muscularly in the non-dominant arm at Day 0.
NCT02516475,1,DIETARY_SUPPLEMENT,zinc sulfate,1 zinc sulfate capsule for 15 weeks
NCT02516475,2,OTHER,corn starch,1 corn starch capsule for 15 weeks
NCT04525300,1,DRUG,Liraglutide,"Randomization was performed with the use of a computer-generated system provided by the sponsor. Eligible patients were randomly assigned, in a 2:1 ratio, to receive once-daily subcutaneous injections of liraglutide, starting at a dose of 0.6 mg with weekly 0.6-mg increments to 3.0 mg, or placebo; both groups received counseling on lifestyle modification"
NCT04525300,2,DRUG,placebo,"Randomization was performed with the use of a computer-generated system provided by the sponsor. Eligible patients were randomly assigned, in a 2:1 ratio, to receive once-daily subcutaneous injections of liraglutide, starting at a dose of 0.6 mg with weekly 0.6-mg increments to 3.0 mg, or placebo; both groups received counseling on lifestyle modification"
NCT06914895,1,DRUG,Tirzepatide,Administered SC
NCT06914895,2,DRUG,Placebo,Administered SC
NCT00520182,1,BEHAVIORAL,MUFA diet,"Patients were advised to consume 23 cal/kg/day. The diet contained sodium (up to 3000mg/day), potassium (more than 3000 mg/day), calcium (around 1300 mg/day) and magnesium (more than 800 mg/day). MUFA diet included only low glycemic index carbohydrates. The diet consisted of 35% carbohydrates and 45% fat (50% of them were mono-unsaturated fatty acids \[MUFA\]). Participants were advised to eat 4-6 meals per day according to their lifestyle and to participate in 30-45 min of aerobic activity at least 3 days a week."
NCT00520182,2,BEHAVIORAL,ADA 2003,"Patients were advised to consume 23 cal/kg/day. The diet contained sodium (up to 3000mg/day), potassium (more than 3000 mg/day), calcium (around 1300 mg/day) and magnesium (more than 800 mg/day). The carbohydrates are with mixed glycemic index. The diet contains 50-55% carbohydrates, 30% fat and 15-20% protein. Participants were advised to eat 4-6 meals per day according to their lifestyle and to participate in 30-45 min of aerobic activity at least 3 days a week."
NCT00520182,3,BEHAVIORAL,Low Glycemic index (LGI) diet,"Patients were advised to consume 23 cal/kg/day. The diet contained sodium (up to 3000mg/day), potassium (more than 3000 mg/day), calcium (around 1300 mg/day) and magnesium (more than 800 mg/day). LGI diet included only low glycemic index carbohydrates. The diet consisted of 50-55% carbohydrates, 30% fat and 20%. protein. Participants were advised to eat 4-6 meals per day according to their lifestyle and to participate in 30-45 min of aerobic activity at least 3 days a week."
NCT07284901,1,DRUG,Ribupatide,SC Injection
NCT07284901,2,DRUG,Placebo,SC Injection
NCT07567001,1,DRUG,NNC0487-0111,NNC0487-011 will be administered subcutaneously.
NCT07567001,2,DRUG,Placebo,Placebo (matched to NNC0487-011) will be administered subcutaneously.
NCT02367105,1,DRUG,Testosterone,Daily testosterone gel applied once daily in the morning to intact skin
NCT02367105,2,OTHER,Lifestyle Therapy,Weekly behavioral diet to induce \~10% weight loss in combination with supervised aerobic and exercise training three times a week
NCT02367105,3,DRUG,Placebo,Placebo gel for testosterone
NCT05394519,1,DRUG,Cagrilintide,"Cagrilintide administered subcutaneously (s.c., under the skin) once-weekly"
NCT05394519,2,DRUG,Semaglutide,"Semaglutide administered subcutaneously (s.c., under the skin) once-weekly"
NCT05394519,3,DRUG,Placebo cagrilintide,"Placebo cagrilintide administered subcutaneously (s.c., under the skin) once-weekly"
NCT05394519,4,DRUG,Placebo semaglutide,"Placebo semaglutide administered subcutaneously (s.c., under the skin) once-weekly"
NCT01934777,1,DRUG,Docosahexaenoic Acid plus Vitamin E plus choline,DHA 250 mg plus Vitamin E (39 UI) plus Choline 201 mg
NCT01934777,2,DRUG,placebo pearls,placebo
NCT05482672,1,DRUG,Fisetin,"Fisetin is a plant flavanol senolytic found in strawberries, persimmons, and cucumbers. This naturally derived senolytic has few side effects and previous animal models of both osteoarthritis and rheumatoid arthritis have demonstrated that the senolytic supplement fisetin reduces inflammation and slows cartilage breakdown."
NCT05482672,2,BEHAVIORAL,GetHealthy-OA mind-body program,"The GetHealthy-OA mind-body program emphasizes increased physical activity, healthy diet and sleep habits to lessen osteoarthritis and depressive symptoms"
NCT05482672,3,DRUG,Placebo oral capsule,The oral placebo will consist of corn starch and gelatin capsules
NCT05482672,4,BEHAVIORAL,Health education booklet,"The booklet will containing brief summarized information that reflects the active intervention topics including the trajectory of pain and recovery for those with knee osteoarthritis, the role of relaxation strategies to manage pain, and the importance of returning to engagement in activities of daily living"
NCT00478595,1,DRUG,Rimonabant,"Tablet, oral administration"
NCT00478595,2,DRUG,Placebo (for Rimonabant),"Tablet, oral administration"
NCT00478595,3,DRUG,Anti-diabetic monotherapy,Previous treatment with Sulfonylurea or α-glucosidase inhibitor continued at stable dose during the study period
NCT02157974,1,DRUG,Byetta 5Mcg Pen Injection,"10 participants will receive 2 doses of Byetta, one at 7 PM the night prior to metabolic study and the second 30 min before ingestion of glucola"
NCT01764113,1,BEHAVIORAL,Mindful Eating,Subjects and their parents will receive mindful eating based behavioral modification program over multiple sessions
NCT01764113,2,BEHAVIORAL,Standard dietary counselling,
NCT00383058,1,DRUG,the extract of green tea,
NCT02140697,1,DIETARY_SUPPLEMENT,Hippophae rhamnoides L. Leaf Extract (3g/day),"Hippophae rhamnoides L. Leaf extract (3g/day), parallel design"
NCT02140697,2,DIETARY_SUPPLEMENT,Placebo (3g/day),"Placebo (3g/day), parallel design"
NCT00131404,1,DRUG,taranabant,"taranabant 2 mg capsule, 4 mg capsule, 6 mg capsule once daily. 52 week treatment period."
NCT00131404,2,DRUG,Comparator: Placebo,Placebo capsule once daily. 52 week treatment period.
NCT07670884,1,DRUG,HRS9531 Tablet,HRS9531 tablet.
NCT07670884,2,DRUG,HRS9531 Tablet Placebo,HRS9531 tablet placebo.
NCT01334125,1,DRUG,Metformin,Metformin 1000 mg once daily by mouth for 9 months
NCT01334125,2,DRUG,Placebo,2 capsules once daily by mouth for 9 months
NCT01028976,1,DIETARY_SUPPLEMENT,Vitamin C (ascorbic acid),"1000 mg/day (two 500-mg tablets), 8 weeks"
NCT01028976,2,DIETARY_SUPPLEMENT,Placebo tablet,"Placebo tablet (two 500-mg tablets), 8 weeks"
NCT00872378,1,DRUG,Exenatide,Exenatide titrated up to 20mcg BID. (4 weeks at 5mcg BID; 4 weeks at 10mcg BID; 4 weeks at 15mcg BID; 37 weeks at 20mcg BID).
NCT00872378,2,DRUG,Placebo,Placebo titrated up to 20mcg BID. (4 weeks at 5mcg BID; 4 weeks at 10mcg BID; 4 weeks at 15mcg BID; 37 weeks at 20mcg BID).
NCT02410668,1,DIETARY_SUPPLEMENT,flaxseed,
NCT02410668,2,DIETARY_SUPPLEMENT,Placebo,
NCT02410668,3,BEHAVIORAL,Exercise recommendation,
NCT00210808,1,DRUG,topiramate,
NCT05872932,1,PROCEDURE,gastric balloon implantation,After diagnostic endoscopy if there is no any gastric pathology that would be contraindication for balloon placement a gastric balloon will be placed
NCT05872932,2,PROCEDURE,botulinum toxin A injection,"After diagnostic endoscopy if there is no any gastric pathology that would be contraindication Botox injection and balloon placement, 200 U of Botox A will be injected to antrum and fundus. And 1 week later gastric balloon will be implanted"
NCT06548100,1,DRUG,mibavademab,Administered by intravenous (IV) infusion followed by subcutaneous (SC) injection
NCT01109199,1,DIETARY_SUPPLEMENT,PolyGlycopleX (PGX),The full dose of the study intervention is 15 grams per day and total number of calories with the LCD is 1000 kcal/day.
NCT01109199,2,DIETARY_SUPPLEMENT,Rice flour,The full dose of the placebo comparator is 15 grams per day and total number of calories with the LCD is 1000 kcal/day.
NCT06125587,1,DRUG,Chiglitazar,"Chiglitazar is a novel PPAR agonist. Treatment of type 2 diabetes mellitus by moderate activation of PPARα, PPARγ and PPARδ, improving insulin sensitivity, regulating blood glucose, and promoting fatty acid oxidation and utilization."
NCT06125587,2,DRUG,Metformin,"Metformin is not only an antihyperglycemic drug, it also corrects insulin resistance and hyperandrogenism in polycystic ovary syndrome."
NCT02356016,1,BEHAVIORAL,WB-EMS Intervention,Supervised WB-EMS Intervention 18 min/session (one session/week) and monthly dietary counseling for 6 months
NCT02356016,2,BEHAVIORAL,WB-EMS-Intervention and dietary supplementation,Supervised WB-EMS Intervention and dietary supplementation and monthly dietary counseling for 6 months
NCT02356016,3,OTHER,control (dietary counseling),Monthly dietary counseling only
NCT02432209,1,OTHER,Caloric Restriction,Subjects on Active comparator will have Caloric Restriction to a 1200-1500 kcal/day diet through use of Nutrisystem Meal Plan.
NCT02432209,2,DRUG,Orlistat,"Subjects on Active comparator will use an over-the-counter weight loss medication, Orlistat, a gastric lipase inhibitor that limits gut fat absorption."
NCT02432209,3,OTHER,Moderate physical activity,"All subjects in both arms will be encouraged to engage in moderate physical activity with target of 10,000 steps a day."
NCT03651765,1,DRUG,Setmelanotide,Once daily subcutaneous injection
NCT01613664,1,DRUG,tisseel,"The product will be given as a 2 mL bottle per patient, which will be spread along the staple line. If necessary, a second bottle of 2 mL is used. The precautions for use are described in the user manual."
NCT01613664,2,OTHER,no tisseel,the surgeon does not applied tissucol during the surgery
NCT05869903,1,DRUG,Orforglipron,Administered orally.
NCT05869903,2,DRUG,Placebo,Administered orally.
NCT05620641,1,DRUG,Ondansetron 8mg,50 patients will receive intravenous ondansetron 8 mg before the end of surgery.
NCT05620641,2,DRUG,Gabapentin,50 patients will receive 600 mg oral gabapentin 1 h before anesthesia.
NCT00434096,1,DRUG,rimonabant (SR141716),oral administration once daily
NCT00434096,2,DRUG,placebo,oral administration once daily
NCT04074161,1,DRUG,Semaglutide,Dose gradually increased to 2.4 mg administered once weekly for 68 weeks
NCT04074161,2,DRUG,Placebo (semaglutide),Administered once weekly for 68 weeks
NCT04074161,3,DRUG,Liraglutide,Dose gradually increased to 3.0 mg administered once daily for 68 weeks
NCT04074161,4,DRUG,Placebo (liraglutide),Administered once daily for 68 weeks
NCT07225686,1,DRUG,Maridebart cafraglutide,Participants will receive maridebart cafraglutide as SC injections.
NCT07225686,2,DRUG,Placebo,Participants will receive placebo SC.
NCT04966741,1,DRUG,Setmelanotide,SC injection once daily.
NCT01402128,1,DIETARY_SUPPLEMENT,Barley beta-glucan(3.0g),Barley beta-glucan(3.0g/day) for 12 weeks
NCT01402128,2,DIETARY_SUPPLEMENT,Placebo,Placebo for 12 weeks
NCT00486941,1,BEHAVIORAL,Exercise and diet - based on DPS and DPP,
NCT01629394,1,DRUG,Sugammadex,Single dose of 2 mg/kg corrected body weight \[corrected body weight = ideal body weight + 40%(real body weight - ideal body weight)\]
NCT01629394,2,DRUG,Sugammadex,Single dose of sugammadex 2 mg/kg ( ideal body weight )
NCT01629394,3,DRUG,Neostigmine,Single dose of neostigmine 50 μg/kg corrected body weight \[corrected body weight = ideal body weight + 40%(real body weight - ideal body weight)\]
NCT01629394,4,DRUG,Neostigmine,Single dose of neostigmine 50 μg/kg ( ideal body weight )
NCT01629394,5,DRUG,Sugammadex,Single dose of 2 mg/kg corrected body weight \[corrected body weight = ideal body weight + 40%( real body weight - ideal body weight)\]
NCT01629394,6,DRUG,Sugammadex,Single dose of sugammadex 2 mg/kg ( ideal body weight )
NCT01629394,7,DRUG,Neostigmine,Single dose of neostigmine 50 μg/kg corrected body weight \[corrected body weight = ideal body weight + 40%(real body weight - ideal body weight)\]
NCT01629394,8,DRUG,Neostigmine,Single dose of neostigmine 50μg/kg ( ideal body weight )
NCT02412631,1,DRUG,lorcaserin,lorcaserin is an FDA-approved weight loss medication for overweight and obese patients
NCT02412631,2,DRUG,Varenicline,Chantix is an FDA approved medication for smoking cessation
NCT02412631,3,DRUG,Placebo,Placebo for lorcaserin
NCT01353066,1,DRUG,Intensive Medical Treatment,
NCT01353066,2,OTHER,IMM+Roux-en-Y Gastric Bypass (RYGBP),
NCT02183935,1,DEVICE,Duodena-jejunal liner,
NCT00029835,1,DRUG,Rimonabant (SR141716),
NCT00868543,1,PROCEDURE,laparoscopic gastric Roux-en-Y gastric bypass,"The fundus is separated by linear cutter. The intestine is opened approximately 75 cm from the ligament of Treitz and approached to the stomach. The gastrojejunostomy is performed in antecolic position The jejunum has to be in an antimesenteric position. After removing the endocutter, the anastomotic incision is closed with a continuous suture. The distance between the gastrojejunostomy and jejunojejunostomy was measured on the antimesenteric border with the bowel on a stretch. The jejunojejunostomy is performed in 150cm distance from gastrojejunostomy. The anastomosis is made by a posterior staple line and an anterior suture line. Preparation of a small window for the endocutter branches into the jejunal mesenterium 2-3 cm proximal to the gastrojejunostomy and above the entero-intestinal anastomosis."
NCT00868543,2,PROCEDURE,laparoscopic gastric Roux-en-Y gastric bypass,"The fundus is separated by linear cutter. The intestine is opened approximately 75 cm from the ligament of Treitz and approached to the stomach. The gastrojejunostomy is performed in antecolic position The jejunum has to be in an antimesenteric position. After removing the endocutter, the anastomotic incision is closed with a continuous suture. The distance between the gastrojejunostomy and jejunojejunostomy was measured on the antimesenteric border with the bowel on a stretch. The jejunojejunostomy is performed in 250cm distance from gastrojejunostomy. The anastomosis is made by a posterior staple line and an anterior suture line. Preparation of a small window for the endocutter branches into the jejunal mesenterium 2-3 cm proximal to the gastrojejunostomy and above the entero-intestinal anastomosis."
NCT04651218,1,BEHAVIORAL,exericse,participants perform aerobic exercise until they expend 500 kcal
NCT00545805,1,PROCEDURE,Roux-en-Y Gastric Bypass plus total omentectomy,Roux-en-Y Gastric Bypass plus total omentectomy
NCT00545805,2,PROCEDURE,Roux-en-Y Gastric Bypass,Roux-en-Y Gastric Bypass without omentectomy
NCT06597474,1,BEHAVIORAL,Food-Body-Mind,"The Food-Body-Mind intervention includes 3 main components: 1) a school-based mindfulness component delivered by daycare teachers to equip preschoolers with knowledge and skills in mindful eating and movement (e.g., yoga, deep breathing exercises) to reduce emotional eating and increase F/V intake and physical activity; 2) a home-based mindfulness component to increase caregivers' skills in practicing mindful eating, movement, and parenting behaviors at home to foster a more positive, mindful, and healthy home environment; and 3) a preschooler school learning and caregiver home practice connection component to improve caregiver-preschooler relationships."
NCT07571109,1,DRUG,NNC0487-0111,"NNC0487-0111 will be administered subcutaneously using PDS290 pre-filled pen-injectors to one of the body parts: thigh, abdomen or upper arm."
NCT07571109,2,DRUG,Placebo (matched to NNC0487-0111),"Placebo matched to NNC0487-0111 will be administered subcutaneously using PDS290 pre-filled pen-injectors to one of the body parts: thigh, abdomen or upper arm."
NCT01833507,1,BEHAVIORAL,Self-Exercise,Behavioral Goal Setting
NCT01833507,2,BEHAVIORAL,Usual Care,Participants will have full access to all of the educational materials which are available to all Mayo Clinic patients in literature racks in the individual clinics. Participants will subsequently be given entry into the active intervention at the 2-month check.
NCT07720271,1,DRUG,zenagamtide,zenagamtide will be taken orally.
NCT07720271,2,DRUG,Placebo,Placebo matched to zenagamtide will be taken orally.
NCT03454711,1,DEVICE,fMRI,Brain MRI
NCT03454711,2,DEVICE,Indirect calorimetry,Resting energy expenditure
NCT03454711,3,DEVICE,Bioimpedance,Measurement of body composition
NCT03454711,4,BIOLOGICAL,"Lipid profile, glucose, HBA1c, metabolomic analysis",Blood sample
NCT03454711,5,BEHAVIORAL,"YFAS questionnaire, Binge Eating Scale, Hospital Anxiety and Depression (HAD) scale, hedonic evaluation test (liking)",Questionnaires to characterize eating habits and depression
NCT02921217,1,DIETARY_SUPPLEMENT,Active Probiotic,"Product 1: 200 mg maltodextrin and 100 mg of active Bifidobacterium animalis subsp. lactis BPL1 (CECT 8145) (1011 CFU/g),"
NCT02921217,2,DIETARY_SUPPLEMENT,Inactivated probiotic,"Product 1: 200 mg maltodextrin and 100 mg of Bifidobacterium animalis subsp. lactis BPL1 (CECT 8145) inactivated by heat (1011 CFU/g),"
NCT02921217,3,DIETARY_SUPPLEMENT,Control,Placebo: 300 mg maltodextrin.
NCT07501832,1,DRUG,GZR18 injection,subcutaneous administration
NCT07501832,2,DRUG,Placebo,subcutaneous administration
NCT03480022,1,DRUG,Liraglutide Pen Injector [Saxenda],daily sc injection of liraglutide with final dose of 3mg daily
NCT03480022,2,DRUG,Placebo Liraglutide Pen Injector,daily sc injection of placebo liraglutide with final dose of 3mg daily of placebo
NCT07220642,1,DRUG,Cagrilintide,Cagrilintide will be administered subcutaneously with a pen-injector as an adjunt to lifestyle intervention counselling.
NCT07220642,2,DRUG,Placebo,Placebo matched to cagrilintide will be administered subcutaneously with a pen-injector as an adjunt to lifestyle intervention counselling.
NCT00459056,1,DRUG,Carvedilol CR + Lisinopril,"Participants were given Carvedilol CR + Lisinopril for three months. Oral medication. Carvedilol CR and Lisinopril combination therapy was initiated at 20 mg and 10 mg, respectively. Patients returned one week later and doses of carvedilol CR and lisinopril were increased to 40 mg and 20 mg, respectively, depending on blood pressure."
NCT00459056,2,DRUG,Lisinopril + HCTZ,"Participants were given Lisinopril + HCTZ for three months. Oral medication. Lisinopril + HCTZ combination therapy was initiated at 12.5 mg and 10 mg, respectively. Patients returned 1 week later and doses of hydrochlorothiazide and lisinopril were increased to 25 mg and 20 mg, respectively, depending on blood pressure levels."
NCT01120873,1,DRUG,Metamin 3D,"Metamin 3D is composed by red yeast rice, bitter gourd, chlorella, soy peptide and licorice extract is a commercial product designed by Uni-President enterprises corp in Taiwan"
NCT05813795,1,DRUG,Ecnoglutide Low Dosage,Subcutaneous Injection
NCT05813795,2,DRUG,Ecnoglutide Medium Dosage,Subcutaneous Injection
NCT05813795,3,DRUG,Ecnoglutide High Dosage,Subcutaneous Injection
NCT05813795,4,DRUG,Placebo,Subcutaneous Injection with matched volume
NCT00398359,1,BEHAVIORAL,Motivational Interviewing (physicians),Identifying and referring children with BMI \>93%.
NCT00398359,2,BEHAVIORAL,Behavior Modification (families),Group meetings and individual family meetings based on behavior modification for healthy lifestyle changes.
NCT03919929,1,DRUG,Semaglutide 3mg and 7mg [Rybelsus],Once daily oral tablet of semaglutide for 4 months
NCT03919929,2,OTHER,Weight loss diet,Prescribed weight loss diet to match weight loss in Drug arm
NCT05929079,1,DRUG,Retatrutide,Administered SC
NCT05929079,2,DRUG,Placebo,Administered SC
NCT05087342,1,DRUG,Semaglutide 2.4mg,"The intervention drug, semaglutide 2.4mg will be given to the Intervention Group per the schedule outlined in the armed description."
NCT05087342,2,DRUG,Placebo,A placebo will be given to the control group per the schedule outlined in the armed description.
NCT00474630,1,DRUG,Naltrexone SR 32 mg/bupropion SR 360 mg/ day,
NCT00474630,2,DRUG,Placebo,
NCT00474630,3,BEHAVIORAL,Ancillary therapy,"Ancillary therapy consisting of diet instruction, advice on behavior modification, and exercise counseling"
NCT00603902,1,DRUG,Lorcaserin 10 mg once daily (QD),Lorcaserin 10 mg tablet each morning and placebo tablet each evening for a duration of 52 weeks.
NCT00603902,2,DRUG,Lorcaserin 10 mg twice a day (BID),Lorcaserin 10 mg tablet each morning and evening for a duration of 52 weeks.
NCT00603902,3,DRUG,Matching Placebo,Matching placebo tablet each morning and evening for a duration of 52 weeks.
NCT01559194,1,BEHAVIORAL,Low Fat Diet plus exercise,Low fat diet plus exercise - Subjects were educated about a low fat diet plus exercise and then followed for weight loss. They were also asked to monitor their physical activity by wearing a pedometer and recording the total steps walked every day.
NCT01559194,2,BEHAVIORAL,Low Carbohydrate diet + Exercise,Low carbohydrate diet plus exercise: Subjects were educated about a low carbohydrate diet and then followed for weight loss. They were also asked to monitor their physical activity by wearing a pedometer and recording the total steps walked every day.
NCT00389246,1,BEHAVIORAL,Consultation without genetic information,
NCT00389246,2,BEHAVIORAL,Consultation with genetic information,
NCT05567796,1,DRUG,Cagrilintide,Cagrilintide will be administered subcutaneously.
NCT05567796,2,DRUG,Semaglutide,Participants will recieve semaglutide subcutaneously.
NCT05567796,3,DRUG,Placebo cagrilintide,Participants will receive placebo matched to cagrilintide.
NCT05567796,4,DRUG,Placebo semaglutide,Participants will receive placebo matched to semaglutide.
NCT01546727,1,BEHAVIORAL,Behavioral Family Intervention,Three months of weekly treatment delivered via alternating group based clinic visits and individual home visits followed by three months of every other week treatment alternating between clinic and home.
NCT01546727,2,BEHAVIORAL,Motivational Interviewing,"Motivational interviewing will be delivered at the same frequency at the behavioral intervention with 4 in-person visits spaced at the first visit, month 3 and month 5. Phone calls will be conducted weekly during the first 3 months and every other week during months 4 through 6."
NCT07104383,1,DRUG,VK2735,VK2735 is a peptide GLP-1 and GIP dual agonist administered Once Weekly
NCT03116009,1,DRUG,Screening for diabetes with 1-hour GCT and HbA1,"They will receive 50gm oral glucose tolerance test before 20 weeks and if abnormal, they will do the diagnostic test with 100gm OGTT with HbA1C."
NCT03946111,1,DRUG,Naltrexone and Bupropion,Participants randomly assigned to this arm will receive 12 weeks of Naltrexone and Bupropion medication.
NCT03946111,2,OTHER,Placebo,Participants randomly assigned to this arm will receive 12 weeks of an inactive placebo.
NCT04657003,1,DRUG,Tirzepatide,Administered SC
NCT04657003,2,OTHER,Placebo,Administered SC
NCT00325546,1,DRUG,Rimonabant (SR141716),
NCT00325546,2,DRUG,Placebo,
NCT01499485,1,DRUG,Acetazolamide,"Daily morning ABGA:

* If actual bicarbonate \> 26 mmol/L and pH \> 7.35: administration of enteral capsule of acetazolamide 500 mg .
* If actual bicarbonate \> 26 mmol/L and pH \<= 7.35, increase minute ventilation to reach pH \> 7.35 and then administer enteral capsule of acetazolamide 500 mg.
* If actual bicarbonate \<= 26 mmol/L: omit treatment that day."
NCT01499485,2,DRUG,Placebo,"Daily morning ABGA:

* If actual bicarbonate \> 26 mmol/L and pH \> 7.35: administration of enteral capsule of placebo.
* If actual bicarbonate \> 26 mmol/L and pH \<= 7.35, increase minute ventilation to reach pH \> 7.35 and then administer enteral capsule of placebo.
* If actual bicarbonate \<= 26 mmol/L: omit treatment that day."
NCT03153813,1,DRUG,capsaicin 8% patches (Qutenza),
NCT03153813,2,OTHER,Placebo patches,
NCT06937060,1,BIOLOGICAL,semaglutide,"Semaglutide is act as an adjunct to a reduced calorie diet and increase physical activity for chronic weight management in adult with an initial body mass index (BMI) of 30 kg/m2 or greater (obesity) or 27 kg/m2 or greater (overweight) in the presence of at least one weight-related comorbid condition (e.g., hypertension, type 2 diabetes mellitus, or dyslipidemia)"
NCT02373007,1,PROCEDURE,Scopinaro Surgery,Classic Scopinaro Technique is a bariactric surgery that proposes the stomach will be divide in two parts: a proximal part and a distal part for performing horizontal gastrectomy. Differently what will happen in the Modified Scopinaro Surgery that will divide the stomach in two parts: a proximal part and a distal part for performing gastroplasty.
NCT01707732,1,DRUG,Enoxaparin,Administration of Enoxaparin
NCT06972472,1,DRUG,Orforglipron,Administered orally
NCT06972472,2,DRUG,Placebo,Administered orally
NCT03109834,1,DIETARY_SUPPLEMENT,Meal replacement (MR),"MR-WL group followed an energy-restricted diet with a balanced variety of nutrient-dense food of approximately 1200 kcal/d and was advised to replace two meals, i.e. breakfast and dinner, every day with two MR shakes, soups or bars and to prepare their own lunch during 3-month weight loss phase (phase 1).

During 3-month weight stabilization phase (phase 2) MR-S group (MR group during weight stabilization phase) were encouraged to consume a self-directed well-balanced variety of nutrient-dense foods without meal intervention. MR counted to food choice option. The MR-S group was instructed to continue the implemented nutrition advice of weight loss phase.

Duration: 6 months (phase 1 and phase 2: baseline I - 6.month)"
NCT03109834,2,OTHER,Control (C),"During 3-month weight loss phase (phase 1) C-WL group followed an energy-restricted diet with a balanced variety of nutrient-dense food of approximately 1200 kcal/d without MR for weight control.

During 3-month weight stabilization (phase 2) phase C-S group (C group during weight stabilization phase) were encouraged to consume a self-directed well-balanced variety of nutrient-dense foods without meal intervention. MR counted to food choice option. The C-S group was instructed to continue the implemented nutrition advice of weight loss phase.

Duration: 6 months (phase 1 and phase 2: baseline I - 6.month)"
NCT03109834,3,DIETARY_SUPPLEMENT,Verum,"Verum: Specific micronutrient composition with omega-3 fatty acids (capsules)

Verum group followed an energy-restricted diet with a balanced variety of nutrient-dense food of approximately 1500 kcal/d and was advised to consume 3 verum-capsules twice a day (with breakfast and dinner) with 200 ml water during 6-month weight loss maintenance phase (phase 3).

Duration: 6 months (6.month / baseline II - 12.month)"
NCT03109834,4,OTHER,Placebo,"Placebo group followed an energy-restricted diet with a balanced variety of nutrient-dense food of approximately 1500 kcal/d and was advised to consume 3 placebo-capsules twice a day (with breakfast and dinner) with 200 ml water during 6-month weight loss maintenance phase.

Placebo contains no micronutrients and omega-3 fatty acids.

Duration: 6 months (6.month / baseline II - 12.month)"
NCT07595549,1,DRUG,PF-08653944,By Subcutaneous Injection
NCT07595549,2,OTHER,Placebo,By Subcutaneous Injection
NCT04487743,1,DRUG,Liraglutide,"Randomization was performed with the use of a computer-generated system provided by the sponsor. Eligible patients were randomly assigned, in a 2:1 ratio, to receive once-daily subcutaneous injections of liraglutide, starting at a dose of 0.6 mg with weekly 0.6-mg increments to 3.0 mg, or placebo; both groups received counseling on lifestyle modification"
NCT04487743,2,DRUG,placebo,"Randomization was performed with the use of a computer-generated system provided by the sponsor. Eligible patients were randomly assigned, in a 2:1 ratio, to receive once-daily subcutaneous injections of liraglutide, starting at a dose of 0.6 mg with weekly 0.6-mg increments to 3.0 mg, or placebo; both groups received counseling on lifestyle modification"
NCT07311850,1,DRUG,MET097,Once-weekly MET097 administered via subcutaneous injection
NCT07311850,2,DRUG,Placebo,Once-weekly placebo administered via subcutaneous injection
NCT05997576,1,DRUG,TG103 22.5 mg,Subcutaneous injections with calorie restrict diet and increased physical activity for 52 weeks. Doses gradually increased from 7.5 mg to 22.5 mg.
NCT05997576,2,DRUG,Placebo,Subcutaneous injections with calorie restrict diet and increased physical activity for 52 weeks.
NCT01211574,1,BEHAVIORAL,peer coach,Participants will receive behavioral weight loss treatment and be coached by a peer between treatment visits.
NCT01211574,2,BEHAVIORAL,mentor,Participants will receive behavioral weight loss treatment and be coached by a mentor between treatment visits.
NCT01211574,3,BEHAVIORAL,Professional,Participants will receive behavioral weight loss treatment and be coached by a behavioral weight loss interventionist between treatment visits.
NCT01003639,1,DRUG,Acetazolamide,"Subjects will begin with four 250 mg tablets daily. Tablets will be divided among two doses, taken with meals. Beginning on day 7, subjects will increase the dose by 1 pill every week until 16 tablets daily is reached (4 grams acetazolamide or placebo) or side effects prohibit increasing the dosage further. Thus, subjects who are able to tolerate the study medication will reach the maximum dose by day 84."
NCT01003639,2,DRUG,Placebo,"Subjects will begin with four tablets daily. Tablets will be divided among two doses, taken with meals. Beginning on day 7, subjects will increase the dose by 1 pill every week until 16 tablets daily is reached (4 grams acetazolamide or placebo) or side effects prohibit increasing the dosage further. Thus, subjects who are able to tolerate the study medication will reach the maximum dose by day 84."
NCT01003639,3,BEHAVIORAL,Formal weight loss counselling program,"Teleconference, web-based from central location, using site visits and subject self-assessment tools"
NCT04325581,1,DRUG,Liraglutide 6 MG/ML,Liraglutide in incremental dose upto maximum of 1.8 mg per day SC daily
NCT04325581,2,DRUG,Placebos,Normal Saline SC daily
NCT00969267,1,OTHER,ear-acupuncture A,with needle stimulation
NCT00969267,2,OTHER,stimulation B,with bread stimulation on ear acupuncture point
NCT00969267,3,OTHER,stimulation C,without needle stimulation
NCT06229795,1,DRUG,Green Tea Leaf Extract Decaffeinated,300 mg film coated tablet
NCT06229795,2,DRUG,Metformin Hydrochloride 500 MG,500 mg tablet
NCT03790865,1,DRUG,Livoletide,Daily subcutaneous injection
NCT03790865,2,DRUG,Placebo,Daily subcutaneous injection
NCT00384605,1,DRUG,taranabant,"taranabant 0.5 mg capsule, 1 mg capsule, 2 mg capsule once daily. Treatment for 52 weeks."
NCT00384605,2,DRUG,placebo,Placebo capsule once daily. Treatment for 52 weeks.
NCT07670416,1,COMBINATION_PRODUCT,Enicepatide,Participants will receive enicepatide via subcutaneous (SC) injection as per the schedule in the protocol.
NCT07670416,2,COMBINATION_PRODUCT,Placebo,Participants will receive matching placebo via SC injection as per the schedule in the protocol.
NCT00483171,1,DRUG,"CP-945,598","CP-945,598"
NCT00483171,2,BEHAVIORAL,Non-pharmacological weight loss program (NPP),"Nutrition counseling, exercise monitoring and behavioral management will occur for all arms during the NPP."
NCT00483171,3,BEHAVIORAL,Low Calorie Diet,Low calorie diet
NCT07564414,1,DRUG,Cagrisema,Cagrisema (Cagrilintide and Semaglutide) will be administered subcutaneously.
NCT07564414,2,DRUG,Semaglutide,Semaglutide will be administered subcutaneously.
NCT00092872,1,DRUG,MK0557,
NCT07509307,1,DRUG,NNC0487-0111,"NNC0487-0111 will be administered subcutaneously using PDS290 pre-filled pen-injectors to one of the body parts: thigh, abdomen or upper arm."
NCT07509307,2,DRUG,Placebo (matched to NNC0487-0111),"Placebo matched to NNC0487-0111 will be administered subcutaneously using PDS290 pre-filled pen-injectors to one of the body parts: thigh, abdomen or upper arm."
NCT01444651,1,DRUG,Tadalafil,20 mg Tadalafil taken once a day for 3 months
NCT01444651,2,DRUG,Placebo,Placebo tablet taken by mouth once a day for 3 months
NCT00131430,1,DRUG,taranabant,
NCT00546325,1,DRUG,Rimonabant,"White opaque film-coated, for oral administration containing 20 mg of active rimonabant. Once daily before breakfast"
NCT00546325,2,DRUG,Placebo,Matching placebo tablets. Once daily before breakfast
NCT03720574,1,DRUG,Lorcaserin 10 mg BID,Lorcaserin 10 mg tablet each morning and evening for a duration of 48 weeks
NCT03720574,2,DRUG,Matching Placebo BID,Matching Placebo tablet each morning and evening for a duration of 48 weeks
NCT02918279,1,DRUG,Liraglutide,"Administered once daily subcutaneously (s.c., under the skin)"
NCT02918279,2,DRUG,Placebo,"Administered once daily subcutaneously (s.c., under the skin)"
NCT01068197,1,BEHAVIORAL,Low Glycemic Load Diet versus Low Fat Diet,"We propose a randomized controlled clinical trial to evaluate the effectiveness of a low-glycemic load diet versus low-fat diet on insulin sensitivity, body composition, and other hormonal and biochemical measures. The culturally competent and family-based Intervention program has a dietary experimental component (low-glycemic load versus low-fat diet), as well as elements of physical activity, reduction in sedentary behavior and behavior modification. The nutrition training sessions are divided into 12 modules taught over a 12-week course. Care has been taken to make the content and intensity of the low-fat and low-glycemic load programs comparable. Both treatments include 12 weekly sessions, followed by nine monthly, and four 3-monthly sessions.

Participants are obese (BMI ≥95th percentile for age and sex) Hispanic American children ages 7-14 years."
NCT00481923,1,DRUG,rimonabant (SR141716),
NCT02122029,1,BEHAVIORAL,Lifestyle counselling,Behavioral techniques for weight management
NCT02122029,2,PROCEDURE,Bariatric Surgery,Vertical Banding Gastroplasty
NCT04283578,1,DRUG,OT,"One group will receive OT for 4 weeks, then placebo or OT for 8 weeks"
NCT04283578,2,DRUG,Placebo comparator,"One group will receive Placebo for 4 weeks, then Placebo or OT for 8 weeks."
NCT00479609,1,DRUG,Transdermal testosterone therapy,testosterone 1% hydroalcohol gel
NCT00479609,2,DRUG,Placebo,Placebo gel
NCT06363747,1,OTHER,Very Low Calorie Diet,Optifast is a medically supervised very low-calorie diet (VLCD) diet that safely induces caloric restriction
NCT03585413,1,DIETARY_SUPPLEMENT,Micronutrient-probiotic-combination,"Specific combined micronutrient-probiotic-supplement with different vitamins, minerals, phytochemicals and bioactive substances, and a mixture of 10 different probiotic bacteria."
NCT03585413,2,DIETARY_SUPPLEMENT,Micronutrient-placebo-combination,micronutrient (capsule)-placebo (powder)-supplement
NCT00138710,1,DRUG,Letrozole (Femara),
NCT00231621,1,DRUG,topiramate,
NCT04889183,1,DRUG,Semaglutide,"Patients will be treated for 24 weeks with semaglutide 3.0 mlg/ml s.c. once weekly. The starting dose of semaglutide will be 0.24 mg per week subcutaneous injection with increasing doses at 4, 8, 12, and 16 weeks to 0.5, 1,0, 1.7 and 2.4 mg."
NCT04889183,2,DRUG,Placebo,Patients will receive a matching placebo sc. once weekly during the treatment period of 24 weeks.
NCT02978105,1,OTHER,self-conditioning techniques,Self-hypnosis to increase self-control before meals and every food compulsion episode
NCT02978105,2,OTHER,"standard care (diet, exercise and behavioral therapy)","dietary recommendations, exercise recommendations, and behavioral recommendations"
NCT05024032,1,DRUG,Tirzepatide,Administered SC
NCT05024032,2,DRUG,Placebo,Administered SC
NCT00195858,1,BEHAVIORAL,aerobic and resistance exercise,aerobic and resistance exercise
NCT05996848,1,DRUG,Cagrilintide,Participants will receive 2.4 mg cagrilintide subcutaneously.
NCT05996848,2,DRUG,Semaglutide,Participants will receive 2.4 mg semaglutide subcutaneously.
NCT05996848,3,DRUG,Placebo Semaglutide,Participants will receive placebo matched to semaglutide subcutaneously.
NCT05996848,4,DRUG,Placebo Cagrilintide,Participants will receive placebo matched to cagrilintide subcutaneously.
NCT06858878,1,DRUG,Maridebart cafraglutide,Maridebart cafraglutide will be adminstered SC.
NCT06858878,2,DRUG,Placebo,Placebo will be adminstered SC.
NCT01659450,1,OTHER,low energy dense,This group received a diet appropriate with their weight in the form of low energy density diet
NCT01659450,2,OTHER,control,This group received a diet appropriate with their weight in the form of an usual diet regarding the energy density.
NCT01659450,3,OTHER,diet,Calorie requirements of each subject were estimated based on resting energy expenditure (by the use of Harris-Benedict equation) and physical activity levels.
NCT06588296,1,DRUG,Ixekizumab,Administered SC
NCT06588296,2,DRUG,Tirzepatide,Administered SC
NCT07339423,1,DRUG,NNC0487-0111,"NNC0487-0111 will be administered subcutaneously using PDS290 pre-filled pen-injectors to one of the body parts: thigh, abdomen or upper arm."
NCT07339423,2,DRUG,Placebo (matched to NNC0487-0111),"Placebo matched to NNC0487-0111 will be administered subcutaneously using PDS290 pre-filled pen-injectors to one of the body parts: thigh, abdomen or upper arm."
NCT00392717,1,DRUG,Atorvastatin,
NCT00392717,2,DRUG,Fish oils,
NCT00563368,1,DRUG,VI-0521,"phentermine 15 mg and topiramate 92 mg, po once daily"
NCT00563368,2,DRUG,VI-0521,"phentermine 7.5 mg and topiramate 46 mg, po once daily"
NCT00563368,3,DRUG,topiramate,"topiramate 46 mg, po once daily"
NCT00563368,4,DRUG,topiramate,"topiramate 92 mg, po once daily"
NCT00563368,5,DRUG,phentermine,"phentermine 7.5 mg, po once daily"
NCT00563368,6,DRUG,phentermine,"phentermine 15 mg, po once daily"
NCT00563368,7,DRUG,VI-0521,"placebo, po once daily"
NCT03063606,1,BEHAVIORAL,Cognitive-Behavioral Therapy (CBT),CBT specialist treatment
NCT03063606,2,DRUG,NB Medication (on-going from acute treatment),Naltrexone/bupropion combination (on-going blinded pharmacotherapy from acute treatment consisting of either naltrexone/bupropion or placebo)
NCT06619015,1,DRUG,Pramlintide Acetate 1 MG/ML,"Symlin (R) (Pramlintide acetate) 1000mcg/ml, will be administered as a continuous infusion at a rate of 15mcg/hour, equivalent to the daily recommended maximum dosage of 360mcg/day."
NCT06619015,2,DRUG,Semaglutide Pen Injector,"Semaglutide from 0,25mg/week to 2,4mg/week"
NCT06619015,3,DRUG,Sodium Chloride 0.9% Inj,Placebo
NCT01040468,1,PROCEDURE,Roux-en-Y Gastric Bypass surgery,Surgical intervention for weight loss. This is a one-year study and participants will attend five study visits.
NCT01040468,2,PROCEDURE,Laparoscopic Adjustable Gastric Banding surgery,Surgical intervention for weight loss. This is a one-year study and participants will attend five study visits.
NCT01040468,3,BEHAVIORAL,Intensive Lifestyle Modification,"Intensive lifestyle modification program for weight loss. Participants randomized to this condition will receive an weekly individual treatment of 30 minutes for the first 6 months and every-other-week sessions from months 7 to 12. Treatment will be provided by a behavioral psychologist or registered dietitian following a structured curriculum used in our prior studies. During the first 4 months, participants will be prescribed a 1000-1200 kcal/d diet that provides four daily servings of meal replacement products (liquid shakes, cereals, meal bars, etc), combined with an evening dinner entree. Each serving of the meal replacement (HMR 170; Boston, MA) will provide 170 calories, with 16 g of protein, 22 g of carbohydrate, and 2 g of fat. Dinner entrees (containing at least 20 g of protein and approximately 220-260 kcal) will be consumed with a garden salad and a serving of fruit (and other vegetables allowed ad libitum throughout the day)."
NCT02108691,1,DIETARY_SUPPLEMENT,Glycin max(L.) Merr. peel extract,Glycin max(L.) Merr. peel extract (2.5g/day)
NCT02108691,2,DIETARY_SUPPLEMENT,Placebo,Placebo (2.5g/day)
NCT00108589,1,DRUG,S-adenosylmethionine,
NCT01764386,1,DRUG,NB,Naltrexone SR 32 mg/Bupropion SR 360 mg (NB) in combination tablets (daily dosage)
NCT01764386,2,BEHAVIORAL,CLI,"The Comprehensive Lifestyle Intervention (CLI) program includes telephone counseling, internet education, goal setting, and online tracking tools."
NCT01764386,3,BEHAVIORAL,Usual Care,Usual Care is a self-directed lifestyle intervention program
NCT05931380,1,DRUG,Orforglipron,Administered orally
NCT05931380,2,DRUG,Placebo,Administered orally
NCT01792362,1,OTHER,Weight loss diet,Control the patients diet to make them loosing weight
NCT04605861,1,DRUG,Liraglutide,"Liraglutide Injection, once a day, injected subcutaneously on the sites of abdomen, thigh or upper arm. The initial dose of Liraglutide Injection will be 0.6 mg per day. The dose is escalated every one to two weeks to reduce the gastrointestinal symptoms. At Week 7, the dose is increased to 3.0 mg per day. For the subjects who are not able to tolerate the target dose of 3.0 mg,the dose is reduced to 2.4 mg a day and escalated to the dose to 3.0 mg within two weeks. If the subjects are still unable to tolerate this dose (3.0 mg), the treatment is terminated."
NCT04605861,2,DRUG,Placebo,"Placebo Injection, once a day, injected subcutaneously on the sites of abdomen, thigh or upper arm. The initial dose of Placebo Injection will be 0.6 mg per day. The dose is escalated every one to two weeks to reduce the gastrointestinal symptoms. At Week 7, the dose is increased to 3.0 mg per day. For the subjects who are not able to tolerate the target dose of 3.0 mg,the dose is reduced to 2.4 mg a day and escalated to the dose to 3.0 mg within two weeks. If the subjects are still unable to tolerate this dose (3.0 mg), the treatment is terminated."
NCT07622290,1,DRUG,Metfomin,"Metformin tablets (Metformin XR, extended release 500 mg, oral tablet, active ingredient: metformin hydrochloride). The prolonged release metformin tablets 500 mg (Brand Name: GLUCOLIFE XR ® 500) will be provided by QLife Pharma manufacturer, Doha, Qatar.

Metformin tablet description: White to off white, capsule shaped, biconvex, beveled edge tablet, with occasionally mottled appearance, debossed with ""TL 001"" on one side and plain on other side."
NCT07622290,2,DRUG,Placebo,"Placebo description: 500 mg, white to off white capsule shaped biconvex, beveled edge tablet, with occasionally mottled appearance, debossed with ""TL 001"" on one side and plain on other side. Placebo will be provided by QLife Pharma manufacturer, Doha, Qatar."
NCT04741074,1,DRUG,"Semaglutide 2 mg/1.5 ml (1.34 mg/ml), prefilled pen-injector for subcutaneous injection solution",Dose will be started at 0.25 mg per week. Dose escalation will occur every 4 weeks to mitigate risk of gastrointestinal side effects to a maximum dose of 1.0 mg per week.
NCT04741074,2,DRUG,"Placebo 1.5 ml, prefilled pen-injector for subcutaneous injection solution",Matched placebo solution for injection will be provided by Novo Nordisk in a 1.5 ml pre-filled pen-injector for subcutaneous injection with the same instructions on dose escalation.
NCT06962280,1,DRUG,Tirzepatide,Administered SC
NCT06962280,2,DRUG,Placebo,Administered SC
NCT00783445,1,BEHAVIORAL,Community-Based Exercise Program (C-FIT),"Participants will do 1 hour of exercise two to three times each week in a community setting for 1 year, while being supervised by a personal coach."
NCT00783445,2,BEHAVIORAL,Self-Help Exercise Program (HOME),"After a fitness evaluation, participants will be given an exercise prescription and recommendations for home-based, self-mediated progressive exercise. Participants will be expected to do 1 hour of exercise two to three times each week for 1 year."
NCT07036172,1,DRUG,HDM1702,"Initiate at a once weekly dose of 0.25 mg and followed a fixed-dose escalation regimen, with dose increases every 4 weeks (to doses of 0.5, 1.0, 1.7 and 2.4 mg per week) aiming at reaching the maintenance dose of 2.4 mg at week 16."
NCT07036172,2,DRUG,Wegovy ®,"Initiate at a once weekly dose of 0.25 mg and followed a fixed-dose escalation regimen, with dose increases every 4 weeks (to doses of 0.5, 1.0, 1.7 and 2.4 mg per week) aiming at reaching the maintenance dose of 2.4 mg at week 16."
NCT05405244,1,DRUG,Placebo,"2 capsules, orally administered once"
NCT05405244,2,DRUG,Bromocriptine-QR,"1.6mg (2 0.8mg capsules), orally administered once"
NCT02654665,1,BEHAVIORAL,Lifestyle modification,Diet and exercise designed for 5-7% weight loss over 6 months
NCT02654665,2,DRUG,Liraglutide,GLP-1 agonist
NCT06423599,1,DRUG,Semaglutide Injectable Product,Weight loss using Semaglutide
NCT06423599,2,DIETARY_SUPPLEMENT,Calorie-restricted diet,Weight loss by calorie-restricted diet program followed by a weight loss maintenance follow-up program
NCT06383390,1,DRUG,Retatrutide,Administered SC
NCT06383390,2,DRUG,Placebo,Administered SC
NCT04086810,1,DRUG,DCCR,Once daily oral administration
NCT04788511,1,DRUG,Semaglutide,"Semaglutide will be injected into a skin fold, in the stomach, thigh or upper arm once a week at the same day of the week (to the extent possible) throughout the trial.

Dose gradually escalated from 0.25 mg until target dose. The study will last for approximately 59 weeks."
NCT04788511,2,DRUG,Placebo (semaglutide),"Placebo will be injected into a skin fold, in the stomach, thigh or upper arm once a week at the same day of the week (to the extent possible) throughout the trial.

The study will last for approximately 59 weeks."
NCT02204163,1,DRUG,Eutropin,
NCT02204163,2,DRUG,Genotropin,
NCT06884293,1,DRUG,IBI362,"Once-weekly injections of gradually increased doses of IBI362, subcutaneously (SC): starting dose is 2.0 mg, after 4 weeks of administration, increase to 4.0 mg; After another 4 weeks, increase to 6mg; After another 4 weeks, increase to the maximum dose 9mg for 36 weeks"
NCT06884293,2,DRUG,semaglutide,"Once-weekly injections of gradually increased doses, subcutaneously (SC): starting dose is 0.25 mg, after 4 weeks of administration, increase to 0.5 mg; After another 4 weeks, increase to 1mg; After another 4 weeks, increase to 1.7mg; After another 4 weeks, increase to the maximum 2.5mg for 32 weeks"
NCT00029848,1,DRUG,Rimonabant (SR141716),
NCT00645255,1,DRUG,placebo,placebo one capsule daily
NCT00645255,2,DRUG,sibutramine or placebo,one capsule daily
NCT01868347,1,OTHER,treatment,preemptive PEEP before pneumoperitoneum and trendelenburg
NCT01868347,2,OTHER,control,PEEP after pneumoperitoneum and trendelenburg
NCT07253285,1,DRUG,Cagrilintide,Participants will receive cagrilintide subcutaneously.
NCT07253285,2,DRUG,Semaglutide,Participants will receive semaglutide subcutaneously.
NCT07253285,3,DRUG,Placebo cagrilintide,Participants will receive placebo matched to cagrilintide subcutaneously.
NCT07253285,4,DRUG,Placebo semaglutide,Participants will receive placebo matched to semaglutide subcutaneously.
NCT00603109,1,DRUG,rimonabant,rimonabant capsule 20 mg per day PO for 6 months
NCT00603109,2,DRUG,placebo,Subjects take 20 mg placebo capsule one a day PO for 6 months
NCT00871416,1,DEVICE,NovoFine® needle 6 mm,
NCT00871416,2,DEVICE,NovoFine® needle 12 mm,
NCT01724099,1,DRUG,Euiiyin-tang,Korean medicinal herbal drug
NCT01724099,2,DRUG,Placebo,"Placebo drug, same odor and formula as Euiiyin-tang"
NCT02338193,1,DRUG,DAPA/MET XR,final dose- 5 mg dapagliflozin/1000 mg glucophage XR BID for 20-24 weeks
NCT02338193,2,DRUG,DAPA,10 mg dapagliflozin QD for 20-24 weeks
NCT02338193,3,DRUG,MET XR,1000 mg Metformin XR BID for 20-24 weeks
NCT05412004,1,DRUG,Tirzepatide,Administered SC
NCT05412004,2,DRUG,Placebo,Administered SC
NCT06149793,1,DRUG,Empagliflozin,Sodium glucose co-transporter 2 inhibitor
NCT06149793,2,OTHER,Placebo Control,Placebo Control
NCT02880540,1,DRUG,Fentanyl,
NCT02880540,2,DRUG,Morphine,
NCT02880540,3,DRUG,Dexmedetomidine,
NCT00677391,1,DRUG,Sibutramine,"Capsules, Wk 0: 10mg, once daily; Wks 4-24: 10mg or 15mg, once daily, dosage escalation based upon investigator's assessment."
NCT00677391,2,DRUG,Placebo,"Capsules, once daily"
NCT00221442,1,DRUG,Zonegran,zonegran (zonisamide)
NCT00221442,2,DRUG,sugar pill,fake pill
NCT06379113,1,DRUG,GnRH antagonist,"Gonadotropin-releasing hormone analogue, intramuscular injection of 3.75mg will be given every 4 weeks, and the maximum treatment courses will be 6. If the patient get CR within 6 courses, another 2 courses will be used as consolidation therapy."
NCT06379113,2,DRUG,Letrozole 2.5mg,2.5mg po qd.
NCT00391196,1,DRUG,Placebo,Subjects receive placebo plus non-pharmacological weight loss program.
NCT00391196,2,DRUG,"CP-945,598","Subjects receive CP-945,598 plus non-pharmacological weight loss program."
NCT00391196,3,DRUG,"CP-945,598 Treatment B","Subjects receive CP-945,598 plus non-pharmacological weight loss program."
NCT00554216,1,DRUG,VI-0521,3.75 mg phentermine/23 mg topiramate
NCT00554216,2,DRUG,VI-0521,15 mg phentermine/92 mg topiramate
NCT00554216,3,DRUG,Placebo matched phentermine/topiramate,Placebo matched phentermine/topiramate
NCT05040971,1,DRUG,Semaglutide 2.4 mg,"Administered subcutaneously (s.c., under the skin) once weekly as well as reduced-calorie diet and increased physical activity for 52 weeks. Doses gradually increased to 2.4 mg"
NCT05040971,2,DRUG,Placebo,"Administered subcutaneously once weekly (s.c., under the skin) as well as reduced-calorie diet and increased physical activity for 52 week"
NCT07369011,1,DRUG,Eloralintide,Administered SC
NCT07369011,2,DRUG,Placebo,Administered SC
NCT03850314,1,DIETARY_SUPPLEMENT,Glycine,Glycine powder to be dissolved in water.
NCT06893016,1,DRUG,RAY1225,RAY1225 will be administered SC
NCT06893016,2,DRUG,Placebo,Placebo will be administered SC.
NCT04885634,1,DRUG,Semaglutide Injectable Product,Subcutaneous injection of Semaglutide 2.4 mg once weekly
NCT04885634,2,DRUG,Placebo,Subcutaneous injection of volume-matched placebo once weekly
NCT00067145,1,BEHAVIORAL,Face-to-face maintenance program,
NCT00067145,2,BEHAVIORAL,Internet maintenance program,
NCT03435458,1,COMBINATION_PRODUCT,Balloon catheter + oral misoprostol,The pharmacological cervical ripening will be administered just after the balloon catheter insertion (after coming back in her room) and will consist of misoprostol 25 micrograms given orally (oral prostaglandin E1). The same dose will be given every 2 hours until beginning of labor with a maximum of 8 administrations.
NCT03435458,2,DRUG,Oral misoprostol alone,Patients will receive a pharmacological cervical ripening alone that consist of Misoprostol 25 micrograms given orally (oral prostaglandin E1). The same dose will be given every 2 hours until beginning of labor with a maximum of 8 administrations.
NCT02768818,1,DIETARY_SUPPLEMENT,Probiotic VIVOMIXX™,The patients will be randomly assigned to the VIVOMIXX™ (intervention) or the control (placebo) group through a randomization list elaborated by a specific software.
NCT02768818,2,DIETARY_SUPPLEMENT,Placebo,The patients will be randomly assigned to the VIVOMIXX™ (intervention) or the control (placebo) group through a randomization list elaborated by a specific software.
NCT00944138,1,BEHAVIORAL,Relaxation methods,Relaxation methods will include mindful meditation techniques for the intervention and listening to music for the control arm
NCT03290846,1,DRUG,Secretin Human,"Randomized, single-blinded secretin hydrochloride infusion."
NCT03290846,2,DRUG,Saline Solution,"Randomized, single-blinded saline infusion."
NCT03290846,3,OTHER,Cold exposure,All subjects will undergo a cold exposure PET scan.
NCT01758146,1,DRUG,Tamoxifen,20 mg once daily for 5 years
NCT01758146,2,DRUG,Letrozole,"Letroz, Femara, Letronat"
NCT05132088,1,DRUG,semaglutide 50 mg,"Participants will have semaglutide for 68 weeks and will have 1 tablet every morning.

Dose gradually increased to 50 mg."
NCT05132088,2,DRUG,placebo (semaglutide),Participants will have placebo tablets for 68 weeks and will have 1 tablet every morning.
NCT04683237,1,DRUG,Liraglutide Injection,"Initiate liraglutide with a dose of 0.6 mg daily for one week. After one week at 0.6 mg per day, increase the dose to 1.2 mg daily in a week, and increase the dose to 1.8 mg daily after at least one week of treatment with the 1.2 mg daily dose. If the patients can not tolerate 1.8mg per day, decrease the dose to the max tolerable dose."
NCT04683237,2,DRUG,Megestrol Acetate 160 MG,160mg po qd
NCT02397499,1,DRUG,LIPO-202,
NCT02397499,2,DRUG,Placebo,
NCT01060592,1,DEVICE,EndoFLIP device (FDA Device Listing Number : D091203),The EndoFLIP balloon catheter will be introduced to the band and used to permit the band stoma size to be adjusted to 7mm.
NCT00231530,1,DRUG,topiramate,
NCT00444392,1,BEHAVIORAL,Calorie controlled diabetic diet for the control patients,Calorie controlled diabetic diet for the control patients
NCT05309395,1,COMBINATION_PRODUCT,FoodRx,Participants will receive weekly meal plans and recipes and the groceries required to prepare the recommended meals
NCT04645719,1,OTHER,Lactate ringer group,General anesthesia only
NCT04645719,2,DRUG,Magnesium sulfate dose through real weight group,General anesthesia + magnesium sulfate 15 mg.kg-1.h-1 based on the patient's real weight
NCT04645719,3,DRUG,Magnesium sulfate dose through corrected ideal weight group,General anesthesia + magnesium sulfate 15 mg.kg-1.h-1 based on the patient's corrected ideal weight
NCT01108328,1,DIETARY_SUPPLEMENT,PolyGlycopleX (PGX),"powder, 5 grams, 3 times per day at each main meal (breakfast, lunch and dinner) for a total of 3 days"
NCT03045341,1,DRUG,NB medication (Naltrexone Bupropion combination),NB medication
NCT03045341,2,BEHAVIORAL,Behavioral Weight Loss (BWL) counseling,BWL counseling
NCT03045341,3,OTHER,Placebo,Placebo
NCT00552942,1,PROCEDURE,laparoscopic gastric bypass plus omentectomy,
NCT00808431,1,BEHAVIORAL,Lifestyle counseling,"3 month skills building program emphasizing parent training, behavior modification training, nutrition education, and physical activity promotion"
NCT02626741,1,DIETARY_SUPPLEMENT,meal replacement group,"The participants will receive SlimWell 60 grams per meal for 2 meals per day plus life style modification including educational sessions of exercise, dietary intake, food record. The duration is 3 months."
NCT02626741,2,BEHAVIORAL,control group,"The participants will receive only life style modification including educational sessions of exercise, dietary intake, food record. The duration is 3 months."
NCT01557166,1,DRUG,liraglutide,"3.0 mg liraglutide administered subcutaneously (s.c., under the skin) once daily for 32 weeks + diet and exercise"
NCT01557166,2,DRUG,placebo,"Placebo administered subcutaneously (s.c., under the skin) once daily for 32 weeks + diet and exercise"
NCT05646706,1,DRUG,Semaglutide,"Participants will receive once-weekly s.c. injections of semaglutide in escalating doses (0.25 mg, 0.5 mg, 1.0 mg, 1.7 mg, 2.4 mg and 7.2 mg) every fourth week. Treatment was continued on the maintenance dose of 7.2 mg once-weekly for an additional 52 weeks. Injections may be administered in the thigh, abdomen, or upper arm, at any time of day irrespective of meals."
NCT05646706,2,DRUG,Semaglutide,"Participants will receive once-weekly s.c. injections of semaglutide in escalating doses (0.25 mg, 0.5 mg, 1.0 mg, 1.7 mg, and 2.4 mg) every fourth week. Treatment was continued on the maintenance dose of 2.4 mg once-weekly for an additional 52 weeks. Injections may be administered in the thigh, abdomen, or upper arm, at any time of day irrespective of meals."
NCT05646706,3,DRUG,Placebo,"Participants will receive once-weekly s.c. injection of placebo matched to semaglutide for 72 weeks. Injections may be administered in the thigh, abdomen, or upper arm, at any time of day irrespective of meals."
NCT01598233,1,DEVICE,Silimed Intragastric balloon,Intragastric balloon inflated with 650 ml of NaCl 0.9% mixed with 20 ml of methylene blue solution
NCT07387094,1,DRUG,XW003 injection,subcutaneous injection
NCT07387094,2,DRUG,placebo with matching volume,subcutaneous injection
NCT00580502,1,DEVICE,LAP-BAND® Adjustable Gastric Band (LAGB®),Bariatric surgery for patient whose BMI is between 30 and 40 kg/m\^2
NCT01681069,1,DIETARY_SUPPLEMENT,IQP-VV-102,
NCT01681069,2,OTHER,Placebo,
NCT01886495,1,OTHER,nutrition intervention,
NCT02041754,1,DEVICE,IQP-AK-102,
NCT02041754,2,DEVICE,Placebo,
NCT00263042,1,DRUG,Rimonabant,"Tablet, oral administration"
NCT00263042,2,DRUG,Placebo (for Rimonabant),"Tablet, oral administration"
NCT03926052,1,DRUG,Lisdexamfetamine Dimesylate,Participants randomly assigned to this arm will receive 12 weeks of LDX medication.
NCT03926052,2,DRUG,Placebo,Participants randomly assigned to this arm will receive 12 weeks of an inactive placebo.
NCT04844918,1,DRUG,Tirzepatide,Administered SC
NCT04844918,2,OTHER,Placebo,Administered SC
NCT04102189,1,DRUG,Semaglutide,Participants will receive semaglutide s.c. once weekly for a dose escalation period of 16 weeks and a maintenance period of 52 weeks
NCT04102189,2,OTHER,Placebo,Participants will receive semaglutide placebo s.c. once weekly for a total of 68 weeks
NCT00165685,1,DRUG,Sibutramine Hydrochloride Monohydrate,
NCT04599478,1,DRUG,Naltrexone and Bupropion medication,NB medication will be taken daily in pill form.
NCT04599478,2,BEHAVIORAL,Behavioral Weight Loss,Behavioral Weight Loss (BWL) counseling includes weekly sessions.
NCT04599478,3,OTHER,Placebo,Placebo will be inactive and taken daily in pill form.
NCT01814072,1,BEHAVIORAL,12 Telephone Coaching Sessions,Participants will receive 12 telephone coaching sessions
NCT01814072,2,BEHAVIORAL,24 Telephone Coaching Sessions,Participants will receive 24 telephone coaching sessions
NCT01814072,3,BEHAVIORAL,Report to Primary Care Physician,Participants will have a report detailing their weight loss progress sent to their primary care physician
NCT01814072,4,BEHAVIORAL,Text Messages,Participants will receive regular text messages
NCT01814072,5,BEHAVIORAL,Recommendations to use meal replacements,Participants will receive recommendations from their coach to use meal replacements
NCT01814072,6,BEHAVIORAL,Buddy Training,Participants will have a buddy that will be trained via webinars to be a supportive buddy
NCT07226765,1,DRUG,Maridebart cafraglutide,Participants will receive maridebart cafraglutide SC.
NCT07226765,2,DRUG,Placebo,Participants will receive placebo SC.
NCT02754258,1,DRUG,MPH,60 days on oral methylphenidate administered 2 times daily before lunch and supper.
NCT02754258,2,DRUG,Placebo,60 days on oral placebo administered 2 times daily before lunch and supper
NCT07684235,1,DRUG,Maridebart cafraglutide,Administered subcutaneously
NCT07684235,2,DRUG,Placebo,Administered subcutaneously.
NCT00202748,1,BEHAVIORAL,Increase in activity to control weight,
NCT00202748,2,BEHAVIORAL,Increase in activity to control weight.,
NCT00166699,1,PROCEDURE,ultrasound,The use of ultrasound to guide the insertion of combined spinal epidural needle
NCT06904105,1,DRUG,HRS-7535 Tablets,HRS-7535 tablets.
NCT06904105,2,DRUG,HRS-7535 Placebo Tablets,HRS-7535 placebo tablets.
NCT00781937,1,DRUG,liraglutide,"Liraglutide 3.0 mg per day administered in a 6.0 mg/mL, 3 mL FlexPen® for subcutaneous (under the skin) injection, once daily"
NCT00781937,2,DRUG,placebo,"Liraglutide placebo 3 mL FlexPen® for subcutaneous (under the skin) injection, once daily"
NCT00896545,1,BEHAVIORAL,5-keys counseling,5-session small group intervention
NCT00896545,2,BEHAVIORAL,Lifestyle counseling,5-session small group behavioral intervention
NCT01106053,1,DRUG,Pramipexole,Pramipexole tablet titrated up to a maximum dosage of 0.5 mg three times daily (1.5 mg/day).
NCT00567255,1,DRUG,Naltrexone SR 32 mg/bupropion SR 360 mg/day,
NCT00567255,2,DRUG,Placebo,
NCT00567255,3,BEHAVIORAL,Ancillary therapy,"Ancillary therapy consisting of diet instruction, advice on behavior modification, and exercise counseling"
NCT01546792,1,BEHAVIORAL,Combined lifestyle intervention,"Exercise training, dietary advice, behaviour change counselling"
NCT00566189,1,PROCEDURE,Roux-en-Y Bypass Gastroplasty,"Under open laparotomy, a stomach section separates a 80-ml proximal gastric pouch. A jejunum section below Treitz's Angle creates an excluded gastrobiliopancreatic limb of 150cm. A Roux-in-Y retrocolic anastomosis of the alimentary limb promotes the continuity between the gastric pouch and the jejunum and a silastic ring reduces the pouch outlet.The anastomosis of the excluded limb is done 100cm below the silastic ring."
NCT02963935,1,DRUG,liraglutide,"Administered subcutaneously (s.c., under the skin) once daily for 56 weeks. Dose gradually increased to 3.0 mg"
NCT02963935,2,DRUG,placebo,"Administered subcutaneously (s.c., under the skin) once daily for 56 weeks. Dose gradually increased to 3.0 mg"
NCT02963935,3,BEHAVIORAL,CMS Intensive Behavior Therapy,Intensive Behaviour Therapy for obesity
NCT06184568,1,DRUG,IBI362,"Once-weekly injections of gradually increased doses of IBI362, subcutaneously (SC)，starting dose is IBI362 2.0 mg, continuous After 4 weeks of administration, increase to IBI362 4.0 mg. After 4 weeks of continuous administration, continue to increase to IBI362."
NCT06184568,2,DRUG,Semaglutide,"Once-weekly injections of gradually increased doses of Semaglutide, subcutaneously (SC)，starting dose is semaglutide 0.25mg, after 4 weeks of continuous administration, increase to semaglutide 0.5mg, after 4 weeks of continuous administration, continue Upgrade to semaglutide 1.0 mg for 24 weeks."
NCT03192566,1,DRUG,Tylenol,Dosing of Tylenol for post operative pain control
NCT02355041,1,BEHAVIORAL,Meal Replacement-based Weight Loss Diet,
NCT02355041,2,BEHAVIORAL,Educational Video,"Via information presented by medical professionals and lifestyle experts, this film delves into issues related to preventing and combating obesity through healthy lifestyle changes. Major topics include the importance of healthy eating and exercise behaviors and the changes that can be made by communities to reshape our lifestyles. Potential community changes are further addressed with respect to schools by presenting particularly successful programs that have been implemented in some schools. Participants will stream it free on the web."
NCT00600483,1,DRUG,gentamicin-collagen sponge dipped in saline,100-cm2 sponge
NCT01114451,1,PROCEDURE,Removal of surgical skin staples,Skin staples will be removed using standard technique with subsequent placement of steri-trips
NCT02832219,1,DIETARY_SUPPLEMENT,Molecular hydrogen,
NCT02832219,2,DIETARY_SUPPLEMENT,Placebo,
NCT02564445,1,BEHAVIORAL,Gamification,All participants will be entered with their teammate into a game that includes points and levels
NCT02564445,2,BEHAVIORAL,Share Data with PCP,Weight and step count data will be shared with the participant's primary care physician
NCT02564445,3,BEHAVIORAL,Feedback on weight,Participants will use a wireless weight scale to weigh-in at home and receive feedback on weight.
NCT02564445,4,BEHAVIORAL,Feedback on step counts,Participants will use a smartphone application that uses accelerometers within the phone to track step counts and receive feedback on step counts
NCT06972459,1,DRUG,Orforglipron,Administered orally
NCT06972459,2,DRUG,Placebo,Administered orally
NCT00807768,1,RADIATION,3-Dimensional Conformal Radiation Therapy,Undergo pelvic radiation therapy
NCT00807768,2,DRUG,Carboplatin,Given IV
NCT00807768,3,RADIATION,Intensity-Modulated Radiation Therapy,Undergo pelvic radiation therapy
NCT00807768,4,RADIATION,Internal Radiation Therapy,Undergo vaginal cuff brachytherapy
NCT00807768,5,OTHER,Laboratory Biomarker Analysis,Correlative studies
NCT00807768,6,DRUG,Paclitaxel,Given IV
NCT00807768,7,OTHER,Quality-of-Life Assessment,Ancillary studies
NCT00807768,8,OTHER,Questionnaire Administration,Ancillary studies
NCT01724970,1,DEVICE,ProSeal,Patients will be ventilated with PLMA
NCT01724970,2,DEVICE,Supreme LMA,Patients will be ventilated with SLMA
NCT01242241,1,DRUG,Propofol,Each Obese child/subject in this group will receive a predetermined dose of propofol ranging from 1.0mg/kg to 4.25mg/kg to induce loss of consciousness depending on the response (presence or absence of lash reflex) of the preceding patient to his/her assigned dose (biased coin design)
NCT01242241,2,DRUG,Propofol,This arm of patients(non-obese)will act as the control group for the obese children. Each non-obese child/subject will receive a predetermined dose of propofol from a range of 1.0mg/kg to 4.25mg/kg depending on the response of the previous patient to their assigned dose( biased coin design)
NCT00737347,1,BEHAVIORAL,Lifestyle modification,"lifestyle intervention includes meal planning, food preparation, food label reading, dining out, and physical activity counseling"
NCT05064735,1,DRUG,semaglutide 2.4 mg,semaglutide subcutaneous (s.c.) 2.4 mg once-weekly or semaglutide placebo once-weekly as adjunct to a reduced-calorie diet and increased physical activity
NCT05064735,2,DRUG,semaglutide 2.4 mg (placebo),semaglutide subcutanous (s.c.) 2.4 mg once-weekly or semaglutide placebo once-weekly as adjunct to a reduced-calorie diet and increased physical activity
NCT04697381,1,BIOLOGICAL,somatropin - GH naïve pediatric cohort,somatropin 0.245 mg/kg/week
NCT04697381,2,BIOLOGICAL,somatropin - GH treated cohort,somatropin 0.084 mg/kg/week
NCT04697381,3,BIOLOGICAL,somatropin - adult cohort,somatropin 0.084 mg/kg/week
NCT00541567,1,DRUG,ibipinabant,"oral, tablet, once daily"
NCT05457530,1,DRUG,DOR/3TC/TDF,"100 mg of doravirine (DOR), 300 mg of lamivudine (3TC), and 300 mg of TDF"
NCT05457530,2,COMBINATION_PRODUCT,DOR + FTC/TAF,100 mg of doravirine + 200 mg emtricitabine (FTC) and 25 mg of tenofovir alefenamide fumerate (TAF)
NCT05457530,3,DRUG,BIC/FTC/TAF,"Bictegravir sodium 50 mg, emtricitabine 200mg, tenofovir alefenamide fumerate 25mg"
NCT02527200,1,DRUG,liraglutide,Injected s.c./ subcutaneously (under the skin) This trial consists of a part A and a part B. Part A of the trial is conducted in obese adolescents with PWS. Part B of the trial is conducted in obese children with PWS. Entry into part A and part B of the trial will be sequential.
NCT02527200,2,DRUG,placebo,Injected s.c./ subcutaneously (under the skin) This trial consists of a part A and a part B. Part A of the trial is conducted in obese adolescents with PWS. Part B of the trial is conducted in obese children with PWS. Entry into part A and part B of the trial will be sequential.
NCT05649137,1,DRUG,Semaglutide,"Participants will receive once-weekly s.c. injections of semaglutide in escalating doses (0.25 mg, 0.5 mg, 1.0 mg, 1.7 mg, 2.4 mg and 7.2 mg) every fourth week. Treatment will be continued on the maintenance dose of 7.2 mg once-weekly for an additional 52 weeks. Injections may be administered in the thigh, abdomen, or upper arm, at any time of day irrespective of meals."
NCT05649137,2,DRUG,Semaglutide,"Participants will receive once-weekly s.c. injections of semaglutide in escalating doses (0.25 mg, 0.5 mg, 1.0 mg, 1.7 mg, and 2.4 mg) every fourth week. Treatment will be continued on the maintenance dose of 2.4 mg once-weekly for an additional 52 weeks. Injections may be administered in the thigh, abdomen, or upper arm, at any time of day irrespective of meals."
NCT05649137,3,DRUG,Placebo,"Participants will receive once-weekly s.c. injection of placebo matched to semaglutide for 72 weeks. Injections may be administered in the thigh, abdomen, or upper arm, at any time of day irrespective of meals."
NCT07282600,1,DRUG,Eloralintide,Administered SC
NCT07282600,2,DRUG,Placebo,Administered SC
NCT00823992,1,DRUG,placebo,sc once weekly
NCT00823992,2,DRUG,taspoglutide,"10mg sc once weekly for 4 weeks, then 20mg sc once weekly"
NCT01607177,1,BEHAVIORAL,Daily text message reminders,Daily text message reminders to motivate patients to exercise in conjunction with an exercise information sheet.
NCT07629544,1,DRUG,DA-302168S,"A small molecule GLP-1R agonist tablet, orally administration, once daily"
NCT07629544,2,DRUG,DA-302168S,"A small molecule GLP-1R agonist tablet, orally administration, once daily"
NCT07629544,3,DRUG,Placebo,Matching placebo tablet will be provided
NCT01552642,1,BEHAVIORAL,face-to-face meetings and access to a website,The intervention group will have 6 weekly face-to-face meetings and will have access to a website.
NCT00038727,1,BEHAVIORAL,DPPOS Group Lifestyle,Quarterly group lifestyle sessions
NCT00038727,2,DRUG,Metformin,"Administered as 850mg twice per day, masked in DPP and open label in DPPOS"
NCT00038727,3,BEHAVIORAL,DPPOS Boost Lifestyle,"In addition to quarterly group, 2 additional classes per year and an annual 15 minute check-up."
NCT00038727,4,BEHAVIORAL,Intensive Lifestyle Group Session,16 session curriculum in group format. In DPP delivered to ILS as individual sessions
NCT06937086,1,DRUG,Mirikizumab,Administered IV
NCT06937086,2,DRUG,Mirikizumab,Administered SC
NCT06937086,3,DRUG,Tirzepatide,Administered SC
NCT06937086,4,DRUG,Placebo,Administered SC
NCT02147041,1,DRUG,EGCG(Epigallocatechin Gallate),"500mg, three times a day, duration:12 weeks"
NCT02147041,2,DRUG,Placebo,
NCT02227420,1,DRUG,Anakinra,Anakinra 100mg s.c. x 5
NCT07648225,1,DRUG,UBT251 Injection 4.0 mg,UBT251 Injection subcutaneously once weekly
NCT07648225,2,DRUG,UBT251 Injection 6.0 mg,UBT251 Injection and UBT251 Injection Placebo subcutaneously once weekly
NCT07648225,3,DRUG,UBT251 Injection Placebo 4.0 mg,UBT251 Injection placebo subcutaneously once weekly
NCT07648225,4,DRUG,UBT251 Injection Placebo 6.0 mg,UBT251 Injection placebo subcutaneously once weekly
NCT04660643,1,DRUG,Tirzepatide,Administered SC
NCT04660643,2,OTHER,Placebo,Administered SC
NCT00395135,1,DRUG,Lorcaserin 10 mg BID,Lorcaserin 10 mg tablet each morning and evening for a duration of 52 or 104 weeks.
NCT00395135,2,DRUG,Matching Placebo BID,Matching placebo tablet each morning and evening for a duration of 52 or 104 weeks.
NCT06174779,1,DRUG,HM11260C,Test drug
NCT06174779,2,DRUG,Placebo,Placebo drug
NCT04131582,1,COMBINATION_PRODUCT,Linagliptin + metformin and Empagliflozin + metformin,"Linagliptin-Metformin 2.5/850mg once daily, Empagliflozin-Metformin 12.5/850mg one daily plus a lifestyle modification program based on nutritional assesment, physical activity prescription and general counseling"
NCT04131582,2,DRUG,Metformin,"Metformin 850mg twice daily plus a lifestyle modification program based on nutritional assesment, physical activity prescription and general counseling"
NCT07321886,1,DRUG,Eloralintide,Administered SC
NCT07321886,2,DRUG,Placebo,Administered SC
NCT03287960,1,DRUG,Setmelanotide,Once daily subcutaneous injection
NCT03287960,2,DRUG,Placebo,Once daily subcutaneous injection
NCT06948435,1,DRUG,Orforglipron,Administered orally
NCT06948435,2,DRUG,Placebo,placebo administered.
NCT00123526,1,BEHAVIORAL,Diet,"Participants will also follow a healthy diet, characterized by higher intakes of fruits, vegetables, fish, poultry, legumes, and whole grains. Participants will consume less high fat foods and refined grains, and reduce their total caloric intake through smaller portion sizes."
NCT00123526,2,BEHAVIORAL,Physical Activity,"The intervention will promote active living, in which physical activity is incorporated into each participants' daily routine."
NCT01601704,1,DRUG,NB32,Naltrexone SR 32 mg/Bupropion SR 360 mg/day. Administered in addition to the weight management program.
NCT01601704,2,DRUG,PBO,Placebo. Administered in addition to the weight management program.
NCT01601704,3,BEHAVIORAL,Weight Management Program,A comprehensive weight management program will be administered in addition to the subject's study medication assignment. The program includes internet counseling by an accredited health and fitness professional and a nutrition and exercise program with goal setting and educational and tracking tools.
NCT00234832,1,DRUG,Sibutramine hydrochloride,"One 10 mg tablet QD plus country-specific standard care for weight management. (During the Treatment Period, the dose could have been titrated up to 15 mg at the investigator's discretion.)"
NCT00234832,2,DRUG,Placebo,"1 tablet QD plus country-specific standard care for weight management (During the Treatment Period, the dose could have been titrated up to 15 mg at the investigator's discretion.)"
NCT00234832,3,DRUG,Sibutramine hydrochloride,10 mg tablet QD during the 6-week Lead-in Period plus country-specific standard care for weight management
NCT00414505,1,DEVICE,Intradermal Acupuncture Treatment,
NCT06214741,1,DRUG,survodutide,once weekly subcutaneous injection
NCT06214741,2,DRUG,Placebo matching BI 456906,Once weekly subcutaneous injection
NCT06987383,1,DRUG,Vibegron,A drug in a class of medications called beta-3 adrenergic agonists; approved for use with Overactive Bladder; 75mg tablets will be used in this study
NCT06987383,2,DRUG,Placebo,Tablets made of inert substance that looks like the vibegron tablets but has no therapeutic value
NCT04847557,1,DRUG,Tirzepatide,Administered SC
NCT04847557,2,OTHER,Placebo,Administered SC
NCT04251156,1,DRUG,Semaglutide,"Semaglutide administered subcutaneously (s.c., under the skin) as well as diet and physical activity counselling for 44 weeks. Doses gradually increased to 2.4 mg"
NCT04251156,2,DRUG,Placebo (semaglutide),Semaglutide placebo administered s.c. as an adjunct to a reduced-calorie diet and increased physical activity regimen for 44 weeks
NCT00481975,1,DRUG,rimonabant (SR141716),
NCT07197034,1,DRUG,ARD-101,"200 mg BID (twice per day) for 1 week, 400 mg BID for 1 week, 800 mg BID for 50 weeks"
NCT00976937,1,DRUG,Lixisenatide (AVE0010),Self-administered by subcutaneous injections once daily within the hour preceding breakfast.
NCT00976937,2,DRUG,Lixisenatide Placebo,Self-administered by subcutaneous injections once daily within the hour preceding breakfast.
NCT00976937,3,DEVICE,Pen auto-injector,
NCT00976937,4,DRUG,Sitagliptin,Administered orally once a day in the morning with or without food at approximately the same time each day.
NCT00976937,5,DRUG,Sitagliptin Placebo,Administered orally once a day in the morning with or without food at approximately the same time each day.
NCT00976937,6,DRUG,Metformin,Metformin to be continued at stable dose (at least 1.5 gram per day) up to Week 24.
NCT00746902,1,DEVICE,nCPAP,Active nCPAP
NCT07285902,1,DRUG,HRS9531 injection,HRS9531 injection
NCT07285902,2,DRUG,Semaglutide Injection,Semaglutide Injection
NCT05803421,1,DRUG,Orforglipron,Administered orally once daily
NCT05803421,2,DRUG,Insulin Glargine,Administered SC once daily
NCT06950138,1,DRUG,Triticum aestivum,"During the intervention period, the aim is to evaluate changes in the patient's vascular function."
NCT06950138,2,DRUG,calcined magnesia,"During the intervention period, the aim is to evaluate changes in the patient's vascular function."
NCT00993278,1,DIETARY_SUPPLEMENT,Low-Carbohydrate (Modified Atkins) Diet,Low-Carbohydrate (Modified Atkins) Diet
NCT00993278,2,DIETARY_SUPPLEMENT,Low-Fat (Heart Healthy) Diet,Low-Fat (Heart Healthy) Diet
NCT07434050,1,DRUG,XW003 injection,subcutaneous injection
NCT07434050,2,DRUG,placebo with matching volume,subcutaneous injection
NCT04134650,1,COMBINATION_PRODUCT,Linagliptin + metformin,"Linagliptin-Metformin 2.5/1700mg daily plus a lifestyle modification program based on nutritional assesment, physical activity prescription and general counseling"
NCT04134650,2,DRUG,Metformin,"Metformin 1700mg daily plus a lifestyle modification program based on nutritional assesment, physical activity prescription and general counseling"
NCT00553852,1,DRUG,Recombinant GH Saizen (Merck-Serono),Treatment will start at the initial dose 0.15-0.30 mg/day; dose adjustment will be performed according to IGF-I levels. The duration of medical treatment is 6 months.
NCT01258114,1,OTHER,SPA treatment (ST),"Drug: spa treatment soon after randomization :

Spa treatment of 18 days. Spa treatment : the most adapted to the concerned pathology and common to all of spa resorts (mineral water drinking, bath with automatic air (bubble bathing), mud body wrapping, manual massages, water exercises ;

* nutritional counseling (french nutritional recommendations booklet) ;
* caloric restriction and physical training on demand (non mandatory)."
NCT01258114,2,OTHER,Non SPA treatment (NST),"Drug: General practitioner (GP) counselling After randomisation Verbal and/or written advice based on the ""French national guidelines for a healthy life style"" brochure (given to the patient by the GP at baseline)"
NCT00299325,1,DRUG,Rimonabant,"Tablet, oral administration"
NCT00299325,2,DRUG,Placebo (for Rimonabant),"Tablet, oral administration"
NCT00299325,3,OTHER,Mild hypocaloric diet,Calculated by the dietitian based on the estimated basal metabolism rate and the physical activity
NCT01855217,1,DRUG,Sugammadex,1 mg/kg total BW based sugammadex reversal of deep block
NCT01855217,2,DRUG,Sugammadex,1 mg/kg ideal BW based sugammadex reversal of deep block
NCT01855217,3,DRUG,Placebo,"0,9% NaCl"
NCT02786108,1,PROCEDURE,left gastric artery embolization,
NCT02786108,2,BEHAVIORAL,healthy diet and exercise,
NCT02398188,1,DRUG,LIPO-202,
NCT02398188,2,DRUG,Placebo,
NCT06939296,1,DRUG,VCT220,"A small molecule GLP-1R drug, film coated tablet"
NCT06939296,2,DRUG,Placebo,Placebo tablets
NCT06885021,1,DRUG,"HDM1002 200mg, oral, once daily, 52 weeks","HDM1002 200mg, oral, once daily, 52 weeks"
NCT06885021,2,DRUG,"HDM1002 400mg, oral, once daily, 52 weeks","HDM1002 400mg, oral, once daily, 52 weeks"
NCT06885021,3,DRUG,"HDM1002 placebo, oral, once daily, 52 weeks","HDM1002 placebo, oral, once daily, 52 weeks"
NCT02008474,1,BEHAVIORAL,Online weight loss + incentives for behavior 3 months,Participants will receive monetary incentives for submitting their behavior change information into a study website
NCT02008474,2,BEHAVIORAL,Online weight loss + incentives for weight loss at month 3,Participants will receive an incentive for meeting their weight loss goal at month 3.
NCT02008474,3,BEHAVIORAL,Online weight loss + Incentives for behavior 12 months,Participants will receive incentives for submitting behavior change information over the course of 12 months.
NCT02008474,4,BEHAVIORAL,Online weight loss + Incentives for weight loss 12 months,Participants will be receive monetary incentives for reaching their weight loss goal at months 3 and 12.
NCT07357766,1,DRUG,Cagrisema,Cagrisema (Cagrilintide and Semaglutide) will be administered subcutaneously using device 1 or device 2.
NCT07357766,2,DRUG,Placebo CagriSema,Placebo matched to Cagrilintide and Placebo matched to Semaglutide will be administered subcutaneously using device 1 or device 2.
NCT01315366,1,DIETARY_SUPPLEMENT,Euro D and Ci-CalD,"Ci-Cal D (1000mg/day) and vitamin D (500IU/day) daily, plus a supplement of vitamin D3 (20,000 IU/wk) for one year."
NCT01315366,2,DIETARY_SUPPLEMENT,"Euro D, Ci-CalD","Ci-Cal D(1000mg/day) and vitamin D (500IU/day) Ci-CalD daily, plus a weekly placebo Euro D supplement for one year."
NCT05667038,1,DRUG,Probiotic,"The probiotics sachet contains a granular powder with 6 microorganism strains (30 × 109 CFU/gram): Lactobacillus acidophilus BCMC®12130, Lactobacillus casei subsp BCMC®12313, Lactobacillus lactis BCMC®12451, Bifidobacterium bifidum BCMC®02290, Bifidobacterium infantis BCMC®02129, and Bifidobacterium longum BCMC®02120.

The drug is consumed orally, two sachets per day, by dissolving the sachet content in a glass of room-temperature water, one before breakfast and one before the last meal, for three months length."
NCT05667038,2,DIETARY_SUPPLEMENT,Placebo,"Placebo:

Subjects in the placebo group will receive the placebo consisting of only the carrier of the probiotic product, that is maize starch and maltodextrins.

The sachet is consumed orally, two sachets per day, by dissolving the sachet content in a glass of room-temperature water, one before breakfast and one before the last meal, for three months length."
NCT00236600,1,DRUG,topiramate,
NCT00594399,1,BEHAVIORAL,Physical Activity Counseling,Physical activity (PA) counseling program with the following components: a baseline in-person counseling session; telephone calls biweekly for 6 weeks then monthly; one physician endorsement of PA in a primary care clinic visit; monthly automated telephone calls from the primary care provider encouraging PA; and (5) quarterly mailed materials providing personalized feedback.
NCT07400107,1,DRUG,NNC0487-0111,"NNC0487-0111 will be administered subcutaneously using PDS290 pre-filled pen-injectors to one of the body parts: thigh, abdomen or upper arm."
NCT07400107,2,DRUG,Semaglutide,"Semaglutide will be administered subcutaneously using PDS290 pre-filled pen-injectors to one of the body parts: thigh, abdomen or upper arm."
NCT07400107,3,DRUG,Placebo (matched to NNC0487-0111),"Placebo matched to NNC0487-0111 will be administered subcutaneously using pre- filled pen-injectors to one of the body parts: thigh, abdomen or upper arm."
NCT07400107,4,DRUG,Placebo (matched to semaglutide),"Placebo matched to semaglutide will be administered subcutaneously using pre-filled pen-injectors to one of the body parts: thigh, abdomen or upper arm."
NCT05209984,1,DRUG,ADF1 Group Eurofarma drug association of Sibutramine IR 15mg / Topiramate XR 75mg,"Participant will receive for two (2) weeks one (01) ADF sibutramine IR/topiramate XR 5mg/25mg placebo capsule once daily + one (01) sibutramine placebo capsule 10mg; after that 2 weeks, participants will receive one (01) placebo capsule of ADF sibutramine IR/ topiramate XR 5mg/25mg once daily + one (01) capsule of ADF sibutramine IR/ topiramate XR 5mg/25mg once daily + one (01) 10mg sibutramine placebo capsule; after this period, they will receive two (02) capsules of ADF sibutramine IR/topiramate XR 5mg/25mg (totaling 10mg of sibutramine and 50mg of topiramate) + a placebo capsule of ADF sibutramine IR/topiramate XR 5mg/25mg once a day + one (one) 10mg sibutramine placebo capsule, taken once daily, for two (02) additional weeks, on the titration scheme. On the treatment period, will receive one (01) ADF Sibutramine IR/Topiramate XR 15mg/75mg capsule + one (01) Sibutramine IR 15mg placebo capsule (Sibus®) + one (01) Topiramate XR 100mg placebo capsule, once daily, for 52 weeks."
NCT05209984,2,DRUG,ADF2 Group Eurofarma drug association of Sibutramine IR 15mg / Topiramate XR 100mg,"Participant will receive for two (02) weeks one (01) capsule of ADF sibutramine IR/topiramate XR 5mg/25mg once daily + one (01) capsule of placebo sibutramine 10mg; after this initial period of 2 weeks, participants will receive (02) ADF sibutramine IR/topiramate XR 5mg/25mg capsules (totaling 10mg of sibutramine and 50mg of topiramate) + one (01) 10mg sibutramine placebo capsule, taken once daily, for two (02) weeks; after this period, they will receive three (03) capsules of ADF sibutramine IR/topiramate XR 5mg/25mg (totaling 15mg of sibutramine and 75mg of topiramate) + one (01) capsule of 10mg sibutramine placebo, taken once daily, for two ( 02) additional weeks, on titration scheme. On the treatment period, will receive one (01) Sibutramine IR 15mg capsule (Sibus®) + one (01) Topiramate XR 100mg capsule + one (01) ADF placebo capsule sibutramine IR/topiramate XR 15mg/75mg, taken once daily, taken once daily, for 52 weeks."
NCT05209984,3,DRUG,SIB Group Sibus (Sibutramine) 15mg,"Participant will receive for two (02) weeks one (01) 10mg sibutramine placebo capsule + one (01) 5mg/25mg sibutramine ADF placebo capsule IR/topiramate XR; after this initial period, they will receive for two (02) weeks one (01) 10mg sibutramine capsule + two (02) placebo capsules of ADF sibutramine IR/topiramate XR 5mg/25mg; after this 4-week period, participants will receive one (01) 10mg sibutramine capsule and three (03) ADF sibutramine IR/topiramate XR 5mg/25mg placebo capsules, taken once daily, for two (02) additional weeks. This corresponds to the titration scheme.On the treatment period, patient will receive one (01) Sibutramine 15mg capsule + one (01) Sibutramine IR/topiramate XR 15mg/75mg placebo capsule + one (01) placebo capsule of Topiramate XR 100mg, taken once daily, for 52 weeks."
NCT05209984,4,DRUG,Placebo Group,"participants randomized to the Placebo Group will receive for two (02) weeks one (01) 10mg sibutramine placebo capsule + one (01) sibutramine IR/ topiramate XR 5mg/25mg placebo capsule; after this initial period, they will receive one (01) sibutramine 10mg placebo capsule + two (02) sibutramine IR/ topiramate XR 5mg/25mg placebo capsules, taken once daily, for two (02) weeks; after this 4-week period, participants will receive one (01) 10mg sibutramine placebo capsule + three (03) ADF placebo capsules, taken once daily, for two (02) weeks.On the treatment period, patient will receive one (01) Sibutramine 15mg placebo capsule + one (01) ADF sibutramine IR/Topiramate XR 15mg/75mg placebo capsule + one (01) Topiramate XR 100mg placebo capsule, in once daily intake for 52 weeks."
NCT02417103,1,DRUG,GLP-1 (Liraglutide),GLP-1 Analogon
NCT02417103,2,DRUG,Placebo,Placebo
NCT00526565,1,BEHAVIORAL,Tapas Acupressure Technique,"Practice of the TAT technique involves application of pressure to select acupoints combined with specific mental focus. The TAT pose involves lightly touching the tips of the left thumb and 4th finger to the area 1/8 inch above the inner corner of each eye and the 3rd finger to the point midway between the eyes, about ½ inch above eyebrow level. The right hand is on the back of the head, with the palm cradling the occiput and the thumb just above the hairline. Once in this position, the process is to 1) focus attention on the identified problem or behavior to be changed (e.g., over-eating); 2) focus on a positive thought related to the problem; 3) focus on the thought of healing or clearing the origins of the problem; and 4) focus on an awareness of healing or clearing any storage of the problem, at a cellular, mental, emotional, or energetic level."
NCT00526565,2,BEHAVIORAL,Social support,"The LIFE SS maintenance intervention will consist of a series of professionally facilitated social support groups where the session content is directed by the participants. The contact hours for SS will match those of the TAT intervention. The initial SS group session will orient participants to the basics of weight maintenance, and subsequent sessions will provide opportunities for participants to share experiences and ask questions. Participants may choose to use behavioral tools as desired. In addition to the basic materials about weight loss maintenance used in both maintenance interventions, will we use the materials already used in the weight loss program for the SS group as needed. We will measure adherence by taking attendance at the SS group sessions."
NCT07284511,1,DRUG,Tirzepatide,"Tirzepatide, administered as a once-weekly subcutaneous injection, initiated at 2.5 mg and escalated in 2.5-mg increments every 4 weeks to a target of 10 mg or the maximally tolerated dose, used as an adjunct therapy in adults with type 1 diabetes using the Tandem Control-IQ automated insulin delivery system."
NCT07284511,2,DEVICE,Tandem Control-IQ Automated Insulin Delivery System (with Dexcom G7 CGM),"This intervention uses the Tandem t:slim X2 insulin pump with the Control-IQ automated insulin delivery algorithm, integrated with the Dexcom G7 continuous glucose monitor. The system adjusts basal insulin and delivers automated correction boluses based on real-time glucose values. All participants receive standardized training and use this system for the full 32-week study. Rapid-acting insulin compatible with Control-IQ is required. This intervention is distinguished by its use under two different operational strategies: standard carbohydrate counting in the control arm and complete omission of meal announcements during the final 6 weeks in the tirzepatide arm."
NCT07284511,3,BEHAVIORAL,Carbohydrate Counting,Participants enter the estimated carbohydrate amount for every meal and snack into the Tandem Control-IQ insulin pump to calculate and deliver prandial insulin boluses. This reflects standard use of hybrid closed-loop systems. The procedure is maintained for the entire 32-week study in the control arm and during Weeks 1-26 in the tirzepatide arm.
NCT07284511,4,BEHAVIORAL,No Meal Announcement,"Participants do not enter carbohydrate amounts or announce meals to the Tandem Control-IQ system. The pump operates without user-initiated prandial boluses, relying solely on automated basal adjustments and automated correction boluses. This intervention is implemented only in the tirzepatide arm during Weeks 27-32."
NCT01697566,1,DRUG,Metformin,"Participants gradually increase the dose of metformin by mouth as listed below:

Week 1: One capsule each day Week 2: One capsule 2 times each day Week 3: One capsule 3 times each day Week 4: Two capsules 2 times each day

After week 4, participant continues to take 2 capsules of metformin 2 times each day.

Each capsule is 425 mg."
NCT01697566,2,OTHER,Placebo,"Placebo taken by mouth twice daily for 4, 30 day cycles."
NCT01697566,3,PROCEDURE,Endometrial Biopsy,Endometrial biopsies obtained at baseline and after 4 months.
NCT01697566,4,BEHAVIORAL,Lifestyle Intervention,Lifestyle intervention consists of 16 in-person sessions offered over a 4 month period.
NCT01697566,5,BEHAVIORAL,Questionnaires,"Completion of questionnaires about diet and exercise at baseline, during treatment and at end of study. Questionnaires take about 30-40 minutes to complete."
NCT07446439,1,DRUG,Tradipitant,Oral Capsule
NCT07446439,2,DRUG,Placebo,Oral Capsule
NCT00000519,1,BEHAVIORAL,"diet, reducing",
NCT00000519,2,BEHAVIORAL,exercise,
NCT00000519,3,BEHAVIORAL,"diet, fat-restricted",
NCT00656422,1,DRUG,insulin Levemir,The participant will receive an insulin dose of insulin Levemir at dinner subcutaneously according to a dosing algorithm.
NCT00656422,2,DRUG,insulin Lantus,The participant will receive an insulin dose of the insulin Lantus at dinner subcutaneously according to a dosing algorithm.
NCT05035095,1,DRUG,Oral semaglutide,Participants will receive a daily dose of oral semaglutide.
NCT05035095,2,DRUG,Placebo (semaglutide),Oral placebo (semaglutide) once daily. Planned treatment duration will be 68 weeks.
NCT02860923,1,DRUG,Exenatide,
NCT02860923,2,DRUG,Placebo,
NCT02635386,1,DRUG,Exenatide once weekly (EQW ),2 mg SC injection every 7 days
NCT02635386,2,DRUG,Dapagliflozin (DAPA),One pill (10 mg) by mouth daily (QD) in am
NCT02635386,3,DRUG,EQW plus DAPA,2 mg SC injection every 7 days One pill (10 mg) by mouth QD in am
NCT02635386,4,DRUG,Dapagliflozin plus Glucophage (MET ER),DAPA/MET ER-5 mg /1000 mg - 1 pill by mouth in am with food for 4 weeks DAPA/MET ER-10 mg /2000 mg - 2 pills in am by mouth with food -final dose
NCT02635386,5,DRUG,Phentermine /Topiramate (PHEN/ TPM) ER,"PHEN 3.75/TPM ER 23mg - 1 pill by mouth once daily in am for 2 weeks. After 2 weeks, PHEN 7.5mg/TPM ER 46mg- 1 pill by mouth once daily in am"
NCT01652040,1,DEVICE,Resistance Training and Testosterone Patches,We are going to activate the knee extensor muscle group to lift ankle weights over 16 weeks and we are going to provide Tp to improve anabolic profile.
NCT01652040,2,DRUG,Testosterone Patches,The investigators will provide Tp patches for 16 weeks for patients with Spinal Cord Injury.
NCT07738276,1,DRUG,Tirzepatide,dual GLP-1/GIP receptor agonist administered subcutaneously; brief dosing summary
NCT07738276,2,DRUG,Placebo,Matching placebo pen containing all inactive ingredients except tirzepatide
NCT01560676,1,BEHAVIORAL,HEALTH[e]TEEN,8 lessons over 6-8 weeks
NCT01560676,2,BEHAVIORAL,HEALTH[e]TEEN + CST,12 lessons over 6-8 weeks
NCT04520256,1,BEHAVIORAL,Online Behavioral Weight Loss Program,"A self-guided, online program that helps participants reduce energy intake and gradually increase physical activity."
NCT04520256,2,BEHAVIORAL,Virtual Reality for Behavioral Weight Loss Skills Training,This program allows participants to practice behavioral weight loss skills using an online virtual reality system accessed via a Web browser.
NCT04520256,3,BEHAVIORAL,Tailored Interactive Video Feedback,"Video-recorded messages are used to provide periodic feedback on progress with weight loss, dietary change, and physical activity. Additional videos provide dietary skills training."
NCT04520256,4,BEHAVIORAL,Tailored Intervention for Structured Physical Activity,Periodic self-assessment is used to guide selection of a physical activity goal. Home-based instructional videos are provided to help meet the selected goal.
NCT04520256,5,BEHAVIORAL,Skills Training for Dysregulated Eating,"Periodic self-assessment is used to guide selection of skills training modules designed to counter common causes of dysregulated eating (e.g., boredom, stress)."
NCT04520256,6,BEHAVIORAL,Platform for Social Support & Friendly Competition,"An online platform is provided for participants to connect with each other, support each other, and compete on achievement of behavioral and weight loss milestones."
NCT05194124,1,DRUG,Setmelanotide 2 mg,Administered as SC injection
NCT05194124,2,DRUG,Setmelanotide 2.5 mg,Administered as SC injection
NCT05194124,3,DRUG,Setmelanotide 3 mg,Administered as SC injection
NCT05194124,4,DRUG,Setmelanotide 20 mg,Administered as SC injection
NCT05194124,5,DRUG,Setmelanotide 25 mg,Administered as SC injection
NCT05194124,6,DRUG,Setmelanotide 30 mg,Administered as SC injection
NCT05882045,1,DRUG,Retatrutide,Administered SC
NCT05882045,2,DRUG,Placebo,Administered SC
NCT00990457,1,BEHAVIORAL,Weight Loss Diets Plus Exercise,"The weight loss diet will be either a low-carbohydrate diet or a low-fat, low-calorie diet. All participants will also be enrolled in a supervised exercise program.

The supervised exercise training sessions will take place three times a week for 6 months. Each session will last 1 to 1 ½ hours and will include aerobic exercise and weight training."
NCT00324545,1,BEHAVIORAL,Medium-intensity Minimally-directive Counseling,
NCT06896981,1,DRUG,Metformin with Semaglutide,"One arm: Metformin 500 mg bd, Other arm: Metformin 500 mg bd + Semaglutide 0.5 mg once weekly"
NCT00261911,1,DRUG,sibutramine,
NCT03611582,1,DRUG,Semaglutide,"Subcutaneous (s.c., under the skin) injections of semaglutide once weekly at escalating doses (0.25 mg/week, 0.5 mg/week, 1.0 mg/week, 1.7 mg/week, 2.4 mg/week). The dose will be escalated to next level every 4 weeks."
NCT03611582,2,DRUG,Placebo (semaglutide),"S.c. injections of placebo once weekly at a similar dose escalation manner as semaglutide (placebo matched to semaglutide 0.25 mg/week, 0.5 mg/week, 1.0 mg/week, 1.7 mg/week, 2.4 mg/week). The dose will be escalated to next level every 4 weeks."
NCT02956590,1,DRUG,Pitavastatin,Statin
NCT02956590,2,DRUG,Placebo,Placebo
NCT01043718,1,BEHAVIORAL,More-Intensive,"The online lifestyle intervention will include elements of a behavioral lifestyle program developed by the Diabetes Prevention Program. The program will assist individual participants with establishing appropriate weight loss goals, implementing dietary recommendations (including analysis of current diet), and defining exercise programs. The program curriculum provides standard information about healthy lifestyle, and behavioral techniques for integrating them into daily living. In each lesson, patients provide feedback about how they interpret the information, and ideas for integrating it into their lives."
NCT01043718,2,BEHAVIORAL,Less-Intensive,"The participants will be provided with the information to access the online Diabetes Prevention Program (DPP) intervention materials. Following the original DPP trial, all DPP materials were placed online for the public to access. This group will receive a lifestyle counseling session and tools to facilitate their intervention."
NCT03196791,1,DRUG,Sugammadex Sodium,"1. INDICATIONS AND USAGE BRIDION® is indicated for the reversal of neuromuscular blockade induced by rocuronium bromide and vecuronium bromide in adults undergoing surgery. BRIDION (sugammadex) injection is a sterile, clear, colorless to slightly yellow-brown, non-pyrogenic aqueous solution intended for intravenous infusion.
2. DOSAGE AND ADMINISTRATION BRIDION (sugammadex) injection, for intravenous use, should be administered by trained healthcare providers familiar with the use, actions, characteristics, and complications of neuromuscular blocking agents (NMBA) and neuromuscular block reversal agents."
NCT01047657,1,BEHAVIORAL,Low caloric diet plus orlistat and sibutramine,All subjetcs
NCT06499857,1,DRUG,Semaglutide,3ml pen-injector containing semaglutide 3.0mg/ml solution for subcutaneous use.
NCT06499857,2,DRUG,Placebo,3ml pen-injector containing placebo solution for subcutaneous use.
NCT00948402,1,DRUG,Metformin,metformin 1250 mg three times daily
NCT00948402,2,DRUG,oral contraceptive,30 µg ethinylestradiol plus 30 mg drospirenone 21 day/month.
NCT00284557,1,BEHAVIORAL,Group-based behavioral intervention,"The group-based behavioral intervention targets eating behaviors, physical activity, and ""screen time"", and is delivered to participating children and their parent/caregiver over the course of 4 weeks. Maintenance sessions occur every 3 months thereafter."
NCT02823912,1,DRUG,Capsaicin,
NCT02823912,2,DRUG,Magnesia calcinada,
NCT06952530,1,DRUG,Orforglipron,Administered orally
NCT06952530,2,DRUG,Placebo,placebo administered
NCT00131391,1,DRUG,Comparator: taranabant,"taranabant 2 mg capsule, 4 mg capsule, 6 mg capsule. 52 week treatment period."
NCT00131391,2,DRUG,Comparator: placebo,Placebo capsule once daily . 52 week treatment period.
NCT01934036,1,DIETARY_SUPPLEMENT,Obex,"After concluded the two months of treatment, patients will be follow-up during three months without consumption of Obex."
NCT01934036,2,DRUG,Placebo,"After concluded the two months of treatment, patients will be follow-up during three months without consumption of the placebo."
NCT05564117,1,DRUG,Semaglutide,Semaglutide tablets orally once daily for 64 weeks.
NCT05564117,2,DRUG,Placebo semaglutide,Semaglutide placebo-matching tablets orally once daily for 64 weeks.
NCT00859989,1,BEHAVIORAL,behavioral dietary intervention,
NCT00859989,2,BEHAVIORAL,exercise intervention,
NCT00859989,3,BEHAVIORAL,telephone-based intervention,
NCT00859989,4,OTHER,counseling intervention,
NCT00859989,5,OTHER,educational intervention,
NCT00859989,6,OTHER,immunoenzyme technique,
NCT00859989,7,OTHER,laboratory biomarker analysis,
NCT00859989,8,OTHER,questionnaire administration,
NCT00859989,9,OTHER,study of socioeconomic and demographic variables,
NCT00859989,10,PROCEDURE,evaluation of cancer risk factors,
NCT00859989,11,PROCEDURE,support group therapy,
NCT07298915,1,DRUG,Tirzepatide,Participants will take tirzepatide under the care of their primary care provider for 16 weeks
NCT07298915,2,BEHAVIORAL,Exercise,Participants will perform a combination of aerobic and resistance training for 16 weeks
NCT00355979,1,DEVICE,intragastric balloon,
NCT05965908,1,DRUG,liraglutide,glucagon-like peptide 1 receptor agonist
NCT05965908,2,DRUG,Metformin,biguanide antihyperglycemic
NCT07294950,1,DRUG,Gradual dose reduction of semaglutide,Pparticipants will reduce semaglutide dosage by 25% every 4-weeks until complete treatment cessation at week 16
NCT07294950,2,DRUG,Abrupt cessation of semaglutide,Cessation of semaglutide at 16-weeks
NCT00522964,1,BEHAVIORAL,behavioral intervention,The intervention is based on Social Cognitive Theory and principles of Chinese culture and practices. The intervention program includes a one-hour small-group session for eight weeks for children and two 2-hour small-group sessions for parents.
NCT02145442,1,DIETARY_SUPPLEMENT,Obex,"Obex® will be administered two sachets daily dissolved in a glass of water, 30 minutes before lunch and dinner during three months. Participants will be not trained about changes of lifestyle on their diets, or physical activity."
NCT07528027,1,DRUG,HRS-7535,HRS-7535
NCT07528027,2,DRUG,Placebo,Placebo
NCT00402584,1,DRUG,sibutramine,
NCT01249872,1,DRUG,GROUP A : 0 mg MORPHINE-0.1% LEVOBUPIVACAINE,"Patients receive intra-operatively (45 min before the estimated end of the surgery) a bolus dose 2 ml of normal saline, epidurally. Postoperatively, immediately after extubation, patients receive patient controlled epidural analgesia (PCEA) of 0.1% levobupivacaine (5ml, lockout interval 10min) combined with a continuous epidural infusion of morphine 0.2 mg/h."
NCT01249872,2,DRUG,GROUP B : 1 mg MORPHINE- 0.1% LEVOBUPIVACAINE,"Patients receive intraoperatively(45 min before the estimated end of the surgery)an epidural bolus dose of 1mg of morphine.Postoperatively, immediately after extubation, patients receive patient controlled epidural analgesia (PCEA) of 0.1% levobupivacaine (5ml, lockout interval 10min) combined with a continuous epidural infusion of morphine 0.2 mg/h."
NCT01249872,3,DRUG,GROUP C : 2 mg MORPHINE-0.1% LEVOBUPIVACAINE,"Patients receive intraoperatively (45 min before the estimated end of the surgery) a bolus dose 2 mg of morphine, epidurally. Postoperatively, immediately after extubation, patients receive patient controlled epidural analgesia (PCEA) of 0.1% levobupivacaine (5ml, lockout interval 10min) combined with a continuous epidural infusion of morphine 0.2 mg/h."
NCT01249872,4,DRUG,GROUP D : 0 mg MORPHINE- 0.2% LEVOBUPIVACAINE,"Patients receive intra-operatively (45 min before the estimated end of the surgery) a bolus dose of 2 ml of normal saline epidurally. Postoperatively, immediately after extubation, patients receive patient controlled epidural analgesia (PCEA) of 0.2% levobupivacaine (5ml, lockout interval 10min) combined with a continuous epidural infusion of morphine 0.2 mg/h."
NCT01249872,5,DRUG,GROUP E : 1 mg MORPHINE-0.2 % LEVOBUPIVACAINE,"Patients receive intra-operatively (45 min before the estimated end of the surgery) a bolus dose of 1mg of morphine, epidurally.Postoperatively, immediately after extubation, patients receive patient controlled epidural analgesia (PCEA) of 0.2% levobupivacaine (5ml, lockout interval 10min) combined with a continuous epidural infusion of morphine 0.2 mg/h."
NCT01249872,6,DRUG,GROUP F : 2 mg MORPHINE- 0.2% LEVOBUPIVACAINE,"Patients receive an epidural bolus dose of 2 mg of morphine intra-operatively (45 min before the estimated end of the surgery).Postoperatively, immediately after extubation, patients receive patient controlled epidural analgesia (PCEA) of 0.2% levobupivacaine (5ml, lockout interval 10min) combined with a continuous epidural infusion of morphine 0.2 mg/h."
NCT07357415,1,DRUG,Retatrutide,Administered SC
NCT00907660,1,BEHAVIORAL,Weight loss counseling,Monitoring of weight; review of food and physical activity records; counseling to reduce calorie intake by 500-1000 calories per day
NCT00907660,2,DIETARY_SUPPLEMENT,Portion-Controlled Foods,"Consumption of shakes, meal bars, and prepared entrees for 2 out of 3 meals per day during the 14 weeks of the study. ""Full dose"" patients are provided with both meals by the study; ""half dose"" patients are provided with one out of two meals by the study."
NCT07219485,1,DRUG,Pitolisant,"* Pitolisant 4.45 mg tablets
* Pitolisant 17.8 mg tablets"
NCT04971720,1,DRUG,Sacubitril-Valsartan 49 Mg-51 Mg Oral Tablet,"The subject will be randomized, in a double-blind manner to sacubitril/valsartan 49/51 mg once in the morning or once in the evening for a period of 28 days."
NCT04971720,2,DRUG,Valsartan 80 mg Oral Tablet,"The subject will be randomized, in a double-blind manner to valsartan 80 mg once in the morning or once in the evening for a period of 28 days."
NCT00782262,1,DIETARY_SUPPLEMENT,KicStart™,"KicStart™ is a nutritionally complete, but lower energy formulated liquid meal. Two sachets of KicStart™ (one for breakfast and one for lunch) provides 450 cal of energy per day, 0.8 grams per kilogram ideal body weight of high quality protein, and the recommended daily allowances (RDI) of minerals, vitamins, trace elements, omega 3 and 6 essential fatty acids. The Kicstart is supplemented with some salads, carbohydrate free vegetables and a small piece of meat fish or chicken each day in order to achieve a total energy intake of approximately 850 kcals/day."
NCT00603291,1,DRUG,Lorcaserin 10 mg once daily (QD),Lorcaserin 10 mg tablet each morning and placebo tablet each evening for a duration of 52 weeks.
NCT00603291,2,DRUG,Lorcaserin 10 mg twice a day (BID),Lorcaserin 10 mg tablet each morning and evening for a duration of 52 weeks.
NCT00603291,3,DRUG,Matching Placebo,Matching placebo tablet each morning and evening for a duration of 52 weeks.
NCT00219115,1,DRUG,aliskiren,
NCT01208558,1,BEHAVIORAL,Diet A,"Prudent diet without grains. Written advice and 17-20 group sessions. Subjects are advised to avoid cereal grains as much as possible. Apart from that, the recommendation is to follow Nordic Nutrition Recommendations (NNR) for overweight people (www.slv.se), i.e. to eat much fruit, vegetables, fish, and to choose low-fat meat, and low-fat dairy products, and to avoid candy, ice cream, snacks, cakes, pastries, chocolate, potato chips, beer, soft drinks and juice. In order to match carbohydrate intake between the intervention arms, a high intake of potatoes, root vegetables, fruit and other carbohydrate-rich foods is recommended.

Guideline: 200-400 g of potatoes, 300-500 g of root crops, 400-600 g of vegetables, 200-300 g of beans, peas and corn, and 600 g of fruit and berries per day."
NCT01208558,2,BEHAVIORAL,Diet B,"Prudent diet with whole grains. Written advice and 17-20 group sessions. An exchange of regular cereal grains for whole grains is recommended. A daily intake of 7-8 portions of whole grain products is recommended, and a list of recommended cereal products (brands, names) is provided. Apart from that, the recommendation is identical to Diet A: to follow Nordic Nutrition Recommendations (NNR) for overweight people (www.slv.se; in Swedish), i.e. to eat much fruit, vegetables, fish, and to choose low-fat meat, and low-fat dairy products, and to avoid candy, ice cream, snacks, cakes, pastries, chocolate, potato chips, beer, soft drinks and juice. The goal is that carbohydrate intake, as a proportion of total energy intake, should not differ between the groups."
NCT01208558,3,BEHAVIORAL,Physiotherapy,"Twelve physiotherapy-led, charged, 2-hour sessions of structured group training for increased cardiorespiratory fitness. A pedometer sold at the start. Physical activity on prescription (FaR) at the end."
NCT05726227,1,DRUG,Semaglutide,Semaglutide will be administered subcutaneously once weekly.
NCT05726227,2,DRUG,Placebo,Placebo will be administered subcutaneously once-weekly.
NCT01015976,1,PROCEDURE,bariatric surgery,Roux en Y bariatric surgery
NCT01015976,2,OTHER,control,No surgery
NCT01677923,1,DRUG,Metformin,Metformin 500 mg BID for 12 months
NCT00826774,1,BEHAVIORAL,Usual Care,"Participants in this group will receive usual medical care, provided by their own primary care providers (PCPs). PCPs also will provide participants recommendations for weight management at quarterly-scheduled visits."
NCT00826774,2,BEHAVIORAL,Brief Lifestyle Counseling,"These participants, like those in the Usual Care group, will receive the same PCP visits, plus monthly brief counseling sessions with an auxiliary health care provider (e.g., a medical assistant), on-site or by phone."
NCT00826774,3,BEHAVIORAL,Enhanced Brief Lifestyle Counseling,"These participants will receive the same intervention as those in the Brief Lifestyle Counseling condition, including quarterly PCP visits and monthly sessions with a medical assistant who will instruct them in lifestyle modification. These individuals also will select, in consultation with their PCP, the use of either meal replacements or weight loss medication, to facilitate the induction and maintenance of weight loss"
NCT05952882,1,DRUG,Liraglutide + Metformin,"Metformin XR (extended-release) was initiated at 750 mg once daily and increased to 1500 mg once daily after 2 week. Concomitantly, Liraglutide was initiated at a subcutaneous dose of 0.6 mg once daily for 1 week, then titrated in increments of 0.6 mg once daily every 1 to 3 weeks to a maintenance dose of 3.0 mg once daily for up to 12 weeks"
NCT05952882,2,DRUG,Metformin,Metformin XR (extended-release) was initiated at 750 mg once daily and increased to 1500 mg once daily after 2 week
NCT00504673,1,DRUG,insulin detemir,
NCT00504673,2,DRUG,insulin NPH,
NCT00504673,3,DRUG,insulin aspart,
NCT01530724,1,OTHER,Weight-loss diet strategy (+) exercise (PA),Weight-loss diet strategy with a free gym membership; monthly 60-minute educational workshops; 3 sessions of workout per week of mostly aerobic training
NCT01530724,2,OTHER,weight loss (-) exercise (PA),Weight-loss diet strategy without exercise
NCT00440180,1,DRUG,Anastrozole,1 mg qd for 4 months
NCT00440180,2,DRUG,Placebo,Placebo Comparator
NCT04916470,1,DRUG,Semaglutide,"Participants will receive semaglutide subcutaneous (s.c.; under the skin) injection(s) once-weekly for 52 weeks. Dose will be gradually increased to 2.4 mg: 0.25 mg from week 1 to 4, 0.5 mg from week 5 to 8, 1.0 mg from week 9 to 12, 1.7 mg from week 13 to 16 and 2.4 mg from week 17 to week 52."
NCT04916470,2,DRUG,Placebo (Semaglutide),Participants will receive semaglutide matching placebo s.c. injection(s) once-weekly for 52 weeks.
NCT04274608,1,DRUG,Botulinum toxin type A,Intragastric injection of Botulinum toxin type A
NCT04274608,2,BEHAVIORAL,Weight Management Program,12 week weight management program
NCT03516968,1,DRUG,Monthly bolus of cholecalciferol per os,Bolus therapy: first 50 000 IU and a second 50 IU after 6 weeks
NCT03516968,2,DRUG,Daily dose of cholecalciferol per os,"Daily substitution, 1200 IU per day (4 drops), for 3 months"
NCT00231660,1,DRUG,topiramate,
NCT06738979,1,DRUG,TQF3510 (Semaglutide Injection),Semaglutide injection is a long-acting Glucagon-like peptide-1 (GLP-1) receptor agonist.
NCT06738979,2,DRUG,Wegovy®,Active Comparator
NCT01601574,1,BEHAVIORAL,Weight Watchers modified program,"Weight Watchers: For people with Type 2 diabetes including (1) weekly standard in-person Weight Watchers meetings, (2) use of the standard Weight Watchers online program and tools, and (3) two scheduled telephone consultations with a Certified Diabetes Educator (CDE) who will assist the participant in tailoring the standard Weight Watchers program to accommodate the participant's diabetes-related status, with additional unlimited phone and email access to CDEs at the participant's request"
NCT01601574,2,OTHER,Standard Care group,"One session of in-person diabetic nutritional counseling with a registered dietitian, with follow-up written educational materials."
NCT01387126,1,DIETARY_SUPPLEMENT,Novel fibre supplement,The full dose of the study intervention is 15 grams per day.
NCT00040287,1,BEHAVIORAL,smoking cessation program,
NCT00040287,2,BEHAVIORAL,weight control program,
NCT04717726,1,DIETARY_SUPPLEMENT,Milk Thistle (MT),"Participants in the MT and EX + MT groups will be provided 900 mg of standardized milk thistle extract daily (300 mg three times per day before meals) over the 12-week regimen. We will use the standardized Jarrow Formulas Milk Thistle Veggie Caps containing 30:1 extract that is standardized to contain 80% total Milk Thistle seed flavonoids (polyphenols), including the critical Silymarin fractions isosilybinins A and B, silybinins A and B, silychristin and silydianin that is active against suppressing the UGT1A1 enzyme increasing plasma bilirubin. The capsules are free of wheat, gluten, soybeans, dairy, egg, fish/shellfish, peanuts/tree nuts, and GMOs. Rationale for using this brand: There have been inconsistencies with previous studies that did not use a standardized silymarin extract, which may have contained low levels of the active polyphenolic flavonoids in the milk thistle plant, which varies in the plant's stems, leaves, roots, and flowers."
NCT04717726,2,DIETARY_SUPPLEMENT,Lactobacillus Gasseri (LAC),"Participants in the LAC and LAC + EX groups will receive two doses of 3 billion CFU of lactobacillus gasseri per day for a total of 6 billion CFU, the recommended upper level for supplementation of probiotic cultures. We will use Swanson brand Lactobacillus gasseri, whose capsules are also free of wheat, gluten, soybeans, dairy, egg, fish/shellfish, peanuts/tree nuts, and GMOs. Importantly, this brand uses acid-resistant designed release capsules to improve the viability of the lactobacillus in the human stomach."
NCT04717726,3,BEHAVIORAL,Exercise (EX),"Participants in the EX, EX + MT, and EX + LAC groups will complete five weekly exercise sessions on their own, expending roughly 600 kcal per session. Participants will be provided a Polar A-300 heart rate monitor programmed for their individual attributes (height, weight, age, training status, gender), which gives a real-time estimate of energy expenditure during exercise. Participants will report to the lab once per week to download the exercise sessions and verify compliance. If participants are not compliant (defined as completing 85% of their assigned exercise sessions per month), they will be disqualified. This intervention has been successfully used by Dr. Flack in multiple studies to produce significant weight loss without dietary intervention in this population with a retention rate of over 90%"
NCT04717726,4,DIETARY_SUPPLEMENT,Control (CON),Participants in the CON and EX group will receive a placebo (maltodextrin) made to look identical to the MT and LAC capsules.
NCT06780449,1,DRUG,Cagrilintide,Participants will receive cagrilintide subcutaneously.
NCT06780449,2,DRUG,Semaglutide,Participants will receive semaglutide subcutaneously.
NCT06780449,3,DRUG,Placebo cagrilintide,Participants will receive placebo matched to cagrilintide subcutaneously.
NCT06780449,4,DRUG,Placebo semaglutide,Participants will receive placebo matched to semaglutide subcutaneously.
NCT01755676,1,DRUG,Orlistat 60 mg,1 tablet 3 times a day
NCT01755676,2,OTHER,Placebo,1 tablet 3 times a day
NCT03440814,1,DRUG,DCCR,Once daily oral administration
NCT03440814,2,DRUG,Placebo for DCCR,Once daily oral administration
NCT03574597,1,DRUG,Semaglutide,"Semaglutide will be injected into a skin fold, in the stomach, thigh or upper arm once a week at the same day of the week (to the extent possible) throughout the trial. Subjects will start semaglutide treatment at 0.24 mg; dose will gradually be increased every 4 weeks up to 2.4 mg."
NCT03574597,2,DRUG,Placebo (semaglutide),"Placebo will be injected into a skin fold, in the stomach, thigh or upper arm once a week at the same day of the week (to the extent possible) throughout the trial. Participants will receive placebo at an equivalent dose to semaglutide."
NCT03516188,1,DRUG,Alginate-antacid group,"Participants will be given 10 mL of alginate-antacid preparation (Gaviscon-Advance®, Reckitt-Benckiser, United Kingdom)"
NCT03516188,2,DRUG,Non antacid alginate group,Participants will be given 4 mL of magnesium tri-silicate which has equivalent strength and component with Gaviscon-Advance® except it is alginate-free.
NCT00032760,1,BEHAVIORAL,Meditation,
NCT02564627,1,PROCEDURE,Self-applied patch,An ambulatory self-applied patch will be placed weekly by the patients for PENS of dermatome T6.
NCT02564627,2,PROCEDURE,Conventional procedure,PENS of dermatome T6 will be applied by the MD in the Outpatient Clinic.
NCT02564627,3,DIETARY_SUPPLEMENT,1200 Kcal/day diet,A 1200 Kcal/day diet will be prescribed.
NCT04662801,1,BEHAVIORAL,Behavioral Weight Loss (BWL),All participants will receive twelve weeks of BWL treatment.
NCT04662801,2,BEHAVIORAL,Early Responder: BWL continued,Participants categorized as experiencing early weight loss at the end of the first month of treatment will continue with BWL for the remainder of treatment.
NCT04662801,3,COMBINATION_PRODUCT,Early Non-responder: BWL continued with medication added,Participants categorized as not experiencing early weight loss at the end of the first month of treatment will continue BWL plus a weight loss medication (Naltrexone Bupropion) for the remainder of treatment.
NCT06075667,1,DRUG,Tirzepatide,Administered SC
NCT06075667,2,DRUG,Placebo,Administered SC
NCT00073242,1,DRUG,Leptin,leptin administration
NCT00073242,2,BEHAVIORAL,Dietary modification,Subjects lose 10% of body weight via dietary restriction
NCT00073242,3,DRUG,T3 repletion,administer T3
NCT00185770,1,BEHAVIORAL,Reducing television and other screen time (SMART curriculum),
NCT01667783,1,PROCEDURE,Gastric Banding,Laparoscopic Adjustable Gastric Banding using the LapBand
NCT01667783,2,BEHAVIORAL,Medical Weight Loss,"Weight loss intervention using diet (meal replacments), physical activity and behavioral techniques administered with weekly one-on-one counselling by dieticians"
NCT01667783,3,PROCEDURE,Gastric Bypass,Laparoscopic Roux-en-Y Gastric Bypass
NCT00284167,1,BEHAVIORAL,tailored web-based weight management intervention,
NCT00456521,1,DRUG,Naltrexone SR 32 mg/ bupropion SR 360 mg/ day,
NCT00456521,2,DRUG,Placebo,
NCT00456521,3,BEHAVIORAL,Intensive group lifestyle modification counseling,
NCT06366464,1,DRUG,Pitolisant tablet,Pitolisant tablet
NCT06366464,2,OTHER,Placebo tablet,Placebo tablet
NCT07668401,1,DRUG,Zenagamtide,"Zenagamtide will be administered subcutaneously using PDS290 pre-filled pen-injectors to one of the body parts: thigh, abdomen or upper arm."
NCT07668401,2,DRUG,Placebo ( matched to Zenagamtide),"Placebo matched to Zenagamtide will be administered subcutaneously using PDS290 pre-filled pen-injectors to one of the body parts: thigh, abdomen or upper arm."
NCT00528164,1,BEHAVIORAL,Team PLAY,"Parents will receive intense counseling regarding developmentally appropriate physical activity, strategies for reducing sedentary behaviors, nutritional counseling, and behavioral counseling, including a self-management program to use with their children at home. The group will meet once a week for the initial 8 weeks, bi-weekly for 8 weeks, and monthly for 2 months."
NCT03085394,1,DRUG,tranexamic acid,Preoperative intravenous administration of 2 grams tranexamic acid in 10 ml saline
NCT03085394,2,DRUG,Placebo,Preoperative intravenous administration of 10 ml saline
NCT05819853,1,DRUG,Semaglutide Injectable Product (Wegovy and/or Ozempic),"10 months of semaglutide, with dose escalation as recommended by manufacturer. Maximum dose used will be 1.7mg"
NCT03693430,1,DRUG,Semaglutide,"Subcutaneous (s.c., under the skin) injections of semaglutide once weekly at escalating doses (0.25 mg/week, 0.5 mg/week, 1.0 mg/week, 1.7 mg/week, 2.4 mg/week). The dose will be escalated to next level every 4 weeks"
NCT03693430,2,DRUG,Placebo (Semaglutide),"S.c. injections of placebo once weekly at a similar dose escalation manner as semaglutide (placebo matched to semaglutide 0.25 mg/week, 0.5 mg/week, 1.0 mg/week, 1.7 mg/week, 2.4 mg/week). The dose will be escalated to next level every 4 weeks"
NCT07469800,1,DRUG,IBI362,"IBI362 will be administered subcutaneously once weekly (QW) in a step-up dose titration regimen over 48 weeks:

* Weeks 1-4: 2 mg QW
* Weeks 5-8: 4 mg QW
* Weeks 9-24: 6 mg QW
* Weeks 25-48: 6/9 mg QW."
NCT07469800,2,DRUG,Placebo,"Matching placebo will be administered subcutaneously once weekly (QW) for 48 weeks, with the same number of injections as the IBI362 group to maintain study blinding."
NCT01272219,1,DRUG,liraglutide,"Subject with no pre-diabetes at screening, receiving liraglutide 3.0 mg subcutaneous (under the skin) injection once daily for 56 weeks. Subjects completing 56 weeks are re-randomised to receive liraglutide 3.0 mg for 12 weeks (until week 68)."
NCT01272219,2,DRUG,placebo,"Subject with no pre-diabetes at screening, receiving liraglutide 3.0 mg subcutaneous (under the skin) injection once daily for 56 weeks. Subjects completing 56 weeks are re-randomised to receive liraglutide placebo for 12 weeks (until week 68)."
NCT01272219,3,DRUG,liraglutide,"Liraglutide 3.0 mg, subcutaneous (under the skin) injection once daily for 160 weeks."
NCT01272219,4,DRUG,placebo,"Liraglutide placebo, subcutaneous (under the skin) injection once daily for 160 weeks."
NCT03961360,1,DRUG,Aspirin 81 mg,Low dose aspirin was initially reported as having a beneficial effect at preeclampsia
NCT03961360,2,DRUG,Aspirin 162 mg,Low dose aspirin was initially reported as having a beneficial effect at preeclampsia
NCT07351058,1,COMBINATION_PRODUCT,Placebo,Placebo will be volume-matched and administered once weekly using an integrated drug-device combination product.
NCT07351058,2,COMBINATION_PRODUCT,Enicepatide,Enicepatide will be administered once weekly at the randomized dosing regimen using an integrated drug-device combination product.
NCT05935826,1,DRUG,Essential Amino Acid Supplement by Amino Co,"2 months of twice daily consumption of Purity (EAA), followed by 10 months open label extension of EAA"
NCT05935826,2,OTHER,Placebo,"2 months of twice daily consumption of Placebo, followed by 10 months open label extension of EAA"
NCT00696228,1,DIETARY_SUPPLEMENT,Placebo,Placebo
NCT00696228,2,DIETARY_SUPPLEMENT,MUFA,MUFA
NCT00696228,3,DIETARY_SUPPLEMENT,PUFA,PUFA
NCT00696228,4,DIETARY_SUPPLEMENT,SFA,SFA
NCT07493057,1,DRUG,Placebo,subcutaneous administration
NCT07493057,2,DRUG,GZR18 injection,subcutaneous administration
NCT00687739,1,DRUG,leuprolide acetate,3.75 mg for depot suspension delivered by monthly intramuscular injection for 5 months
NCT00687739,2,DRUG,Estradiol Transdermal,0.075 mg patch per day for 5 months
NCT00687739,3,BEHAVIORAL,progressive resistance exercise training,45 minute exercise sessions 4 times per week for 5 months
NCT06948422,1,DRUG,Orforglipron,Administered orally.
NCT06948422,2,DRUG,Placebo,Administered orally.
NCT07667803,1,DRUG,Elecoglipron,Elecoglipron film-coated tablet once daily
NCT07667803,2,DRUG,Placebo,Placebo matching elecoglipron film-coated tablet once daily
NCT07709910,1,DRUG,Ribupatide Injection,Ribupatide Injection
NCT07709910,2,DRUG,Placebo,Placebo
NCT07622810,1,DRUG,Bofanglutida,Bofanglutide (GZR18) is a long-acting GLP-1 receptor agonist administered by subcutaneous injection every 2 weeks. Participants will receive progressive dose titration starting at 3 mg up to a target dose of 48 mg according to the study protocol during the 36-week treatment period.
NCT07622810,2,DRUG,Semaglutide,Semaglutide is a GLP-1 receptor agonist administered by weekly subcutaneous injection with progressive dose titration from 0.25 mg to 1 mg according to the study protocol during the 36-week treatment period.
NCT00454610,1,BEHAVIORAL,FLOW,
NCT00454610,2,BEHAVIORAL,SelfHelp,
NCT05488288,1,PROCEDURE,Mesh repair,"Abdominal ventral hernia (VH) repair with mesh during bariatric surgery. the repair technique and the type of mesh are left to the choice of the center, as there are no strong data to demonstrate which technique is the best for VH repair in this population."
NCT05488288,2,PROCEDURE,Suture repair,"The hernia sack is resected through an open approach, and the fascial defect is systematically closed with a slowly absorbable monofilament suture."
NCT03414762,1,DEVICE,PICO Negative Pressure Wound Therapy,"The PICO unit is a single patient use, battery-powered, disposable unit that can provide continuous 80 - 125 mmHg negative pressure over a 5 to 7-day therapy period.The dressing is applied to the wound and extra strips are placed over the outside edge to help hold the dressing in place. When the pump is turned on, air is pulled out of the dressing and excess fluid from the wound will start to enter the dressing."
NCT03414762,2,DEVICE,Standard Dressing,"The standard-of-care is consistent with the national standard for dressing Cesarean section incisions and includes, but not limited to, coverage of the sutured incision with sterile gauze and non-penetrable barrier (e.g., Tegaderm™). The non-penetrable barrier may be left in place for a minimum of 1 day and no longer than 2 days (± 4 hours) to promote epithelialization of the surgical incision edges. After the dressing is removed, the surgical site is left exposed to air to promote further healing"
NCT00941382,1,DRUG,Sibutramine-Metformin,"sibutramine and metformin, 15 mg per day and 850 mg per day, respectively, in a single tablet, for 180 days"
NCT00941382,2,DRUG,Sibutramine,15 mg per day for 180 days
NCT00941382,3,DRUG,Metformin,Metformin 850 mg per day for 180 days
NCT01872182,1,DRUG,ALS-L1023,daily twice for 12 weeks
NCT01872182,2,DRUG,placebo,daily twice for 12 weeks
NCT01766791,1,OTHER,"HIT-exercise, low repetition range","High Intensity Resistance Exercise Training, low repetition range, \> 75% 1RM"
NCT01766791,2,OTHER,"HIT-exercise, high repetition range","High Intensity Resistance Exercise Training, high repetition range, 60 - \< 75 1RM"
NCT01766791,3,OTHER,HIT-exercise with protein,"High Intensity Resistance Exercise Training, low repetition range, \> 75% 1RM and Protein Supplementation"
NCT01766791,4,OTHER,Control,"control group, no intervention, maintenance of physical activity"
NCT07021937,1,DRUG,Semaglutide 1.7mg subcutaneous,Semaglutide subcutaneous max dose of 1.7mg over 24 or 32 weeks of active treatment
NCT07021937,2,DRUG,Placebo,Placebo saline solution subcutaneous
NCT00236639,1,DRUG,topiramate,
NCT06496100,1,DRUG,Triticum Aestivum,"The intervention period will be 120 days, looking for effects on appetite regulation and the hormonal axis Leptin, Ghrelin and Adiponectin."
NCT06496100,2,DRUG,Placebo (calcined magnesia),"The intervention period will be 120 days, looking for effects on appetite regulation and the hormonal axis Leptin, Ghrelin and Adiponectin."
NCT01279499,1,DRUG,Sevoflurane,Intraoperatively Sevoflurane will be guided by a target end tidal concentration 1 - 2 MAC .Every rise of BP or HR \> 15% of baseline will be followed by a bolus SEVO inhalation 8% MAC for 2 minutes
NCT01279499,2,DRUG,Sevoflurane,Intraoperatively sevoflurane will be guided by a target BIS of 40 - 50. If a positive sympathetic response occured (an elevation of the HR and/or MAP greater than 15% above baseline) a bolus SEVO 8 MAC will be administered for 2 minutes.
NCT01279499,3,DRUG,Propofol- Remifentanyl,"Anaesthesia will be induced with a continuous IV Propofol infusion (21mg/kg TBW for 5 min, 12 mg/kg TBW for 10 min and then 6 mg/kg TBW), followed by an IV bolus of Remifentanyl (1 μg/kg IBW) and succinylcholine (1mg/kg IBW).General anesthesia will be maintained with continuous intravenous administration of Propofol at 150-300mcg/kg/min (doses based on ideal body weight).

Every rise of BP or HR \> 15% of baseline will be followed by a Remifentanyl bolus IV (1 μg/kg IBW) and increase in the continuous infusion rate of Remifentanyl from 0.1 to 1.0 μg/kg/min"
NCT01279499,4,DRUG,"Propofol, Remifentanyl","Anaesthesia will be induced with a continuous IV Propofol infusion (21mg/kg TBW for 5 min, 12 mg/kg TBW for 10 min and then 6 mg/kg TBW), followed by an IV bolus of Remifentanyl (1 μg/kg IBW) and succinylcholine (1mg/kg IBW). General anesthesia will be maintained with continuous intravenous administration of Propofol at 150-300mcg/kg/min (ideal body weight).

The depth of anesthesia will be adjusted so as to accomplish a BIS score between 40 and 50 Every rise of BP or HR \> 15% of baseline will be followed by a Remi bolus IV (1 μg/kg IBW) and increase in the continuous infusion rate of Remi from 0.1 to 1.0 μg/kg/min"
NCT00289705,1,PROCEDURE,Surgery,Laparoscopic Roux-en-Y gastric bypass
NCT05316467,1,BEHAVIORAL,Intensive Lifestyle Intervention (ILI),"* dietary guidance
* exercise guidance
* lifestyle intervention"
NCT05316467,2,DRUG,Megestrol Acetate 160 MG Oral Tablet,enrolled participants will take Megestrol Acetate 160mg daily
NCT06987695,1,DRUG,Maridebart cafraglutide,Maridebart cafraglutide will be administered SC.
NCT06987695,2,DRUG,Placebo,Placebo will be administered SC.
NCT03968224,1,DRUG,Dapagliflozin/Metformin,Two tablets of Metformin 850 mg every 12 hours were provided in combination with Dapagliflozin 10 mg per day. Each participant received diet and exercise intervention according to their BMI and current physical condition.
NCT03968224,2,DRUG,Metformin,Two tablets of Metformin 850 mg every 12 hours were provided. Each participant received diet and exercise intervention according to their BMI and current physical condition.
NCT00532779,1,DRUG,Naltrexone SR 16 mg/Bupropion SR 360 mg /day,
NCT00532779,2,DRUG,Naltrexone SR 32 mg/Bupropion SR 360 mg /day,
NCT00532779,3,DRUG,Placebo,
NCT00532779,4,BEHAVIORAL,Ancillary therapy,"Ancillary therapy consisting of diet instruction, advice on behavior modification, and exercise counseling"
NCT07220759,1,DRUG,Cagrilintide,Cagrilintide will be administered subcutaneously with a pen-injector as an adjunt to lifestyle intervention counselling.
NCT07220759,2,DRUG,Placebo (matched to Cagrilintide),Placebo matched to cagrilintide will be administered subcutaneously with a pen-injector as an adjunt to lifestyle intervention counselling.
NCT00092859,1,DRUG,MK0557,
NCT03650582,1,DRUG,Glucagon,Intranasal glucagon
NCT03650582,2,DRUG,Placebo,Intranasal placebo
NCT00994513,1,DIETARY_SUPPLEMENT,Alpha Lipoic Acid,1200 mg/day
NCT00994513,2,DIETARY_SUPPLEMENT,Placebo,1200 mg/day
NCT02857660,1,OTHER,Whole body Electromyostimulation (exercise),"1.5 x 20 min/week (e.g. each Tuesday and every second Friday) with bipolar current, 85 Hz, 360 µs, rectangular mode, intermittent with 4 sec of current and 4 s of rest."
NCT02857660,2,DIETARY_SUPPLEMENT,Protein,up to 1.5-1.7 g/kg bodymass/d of protein (whey protein)
NCT06728124,1,DRUG,GZR18,Used as specified in the protocol
NCT06728124,2,OTHER,Placebo,Administered the same volume as GZR18
NCT01812694,1,BEHAVIORAL,Enhanced standard care,Standard prenatal care plus education
NCT01812694,2,BEHAVIORAL,Intensive lifestyle intervention,Intervention to limit excess gestational weight gain
NCT00458081,1,DRUG,Rimonabant,20 mg once per day + slightly reduced calorie diet
NCT00458081,2,DRUG,Placebo,placebo once per day + slightly reduced calorie diet
NCT07571005,1,DRUG,NNC0487-0111,"NNC0487-0111 will be administered subcutaneously using PDS290 pre-filled pen-injectors to one of the body parts: thigh, abdomen or upper arm."
NCT07571005,2,DRUG,Placebo (matched to NNC0487-0111),"Placebo matched to NNC0487-0111 will be administered subcutaneously using PDS290 pre-filled pen-injectors to one of the body parts: thigh, abdomen or upper arm."
NCT06439277,1,DRUG,Tirzepatide,Administered SC
NCT06439277,2,DRUG,Placebo,Administered SC
NCT07284875,1,DRUG,Ribupatide,SC Injection
NCT07284875,2,DRUG,Placebo,SC Injection
NCT02492698,1,DIETARY_SUPPLEMENT,Probiotic group,"The 2 g of probiotic powder contained 0.1 g of Lactobacillus curvatus HY7601, 0.1 g of Lactobacillus plantarum KY1032, 1.24 g of crystalline cellulose, 0.5 g of lactose, and 0.06 g of blueberry-flavoring agent."
NCT02492698,2,DIETARY_SUPPLEMENT,Placebo group,"The 2 g of placebo powder contained 1.34 g of crystalline cellulose, 0.6 g of lactose, and 0.06 g of blueberry-flavoring agent."
NCT07035093,1,DRUG,Retatrutide,Administered SC
NCT07035093,2,DRUG,Placebo,Administered SC
NCT05872620,1,DRUG,Orforglipron,Administered orally
NCT05872620,2,DRUG,Placebo,Administered orally
NCT01180101,1,BEHAVIORAL,Diet and exercise,This group will follow a hypocaloric diet and supervised exercise training for 12 weeks.
NCT01180101,2,PROCEDURE,Bariatric Surgery,Patients will undergo bariatric surgery
NCT00796367,1,DRUG,VI-0521,7.5 mg phentermine and 46 mg topiramate
NCT00796367,2,DRUG,Placebo,placebo
NCT00796367,3,DRUG,VI-0521,15 mg phentermine and 92 mg topiramate
NCT02896192,1,DRUG,Setmelanotide,Once daily SC injection
NCT02896192,2,DRUG,Placebo,Once daily SC injection
NCT03924193,1,DRUG,Lisdexamfetamine Dimesylate,Participants randomly assigned to this arm will receive 12 weeks of LDX medication.
NCT03924193,2,BEHAVIORAL,Cognitive-Behavioral Therapy,Participants randomly assigned to this arm will receive 12 weeks of Cognitive-Behavioral Therapy
NCT03924193,3,OTHER,Combination LDX and Cognitive-Behavioral Therapy,Participants randomly assigned to this arm will receive 12 weeks of LDX and Cognitive-Behavioral Therapy
NCT00444964,1,DRUG,Nutropin AQ,0.0125 mg/kg/day
NCT00612599,1,DRUG,biphasic insulin aspart,
NCT07575399,1,DRUG,Maridebart Cafraglutide,Maridebart cafraglutide will be administered via subcutaneous (SC) injection.
NCT03986008,1,DRUG,Benaglutide,"The treatment of Benaglutide lasted three months.During the first week: 0.1mg per day;During the second week: 0.14mg per day; From third week onwards, 0.2mg per day."
NCT03986008,2,DRUG,Liraglutide,"The treatment of Liraglutide lasted three months.During the first week: 0.6mg per day;During the second week: 1.2mg per day; From third week onwards, 1.8mg per day."
NCT07481630,1,DRUG,NNC0487-0111,"NNC0487-0111 dose level 1 and dose level 2 will be administered subcutaneously using PDS290 pre-filled pen-injectors to one of the body parts: thigh, abdomen or upper arm."
NCT07481630,2,DRUG,Placebo (matched to NNC0487-0111 ),"Placebo matched to NNC0487-0111 will be administered subcutaneously using PDS290 pre-filled pen-injectors to one of the body parts: thigh, abdomen or upper arm."
NCT03918564,1,DEVICE,Laparoscopic Gastric Vest (LGV),"The Laparoscopic Gastric Vest (LGV), branded the ReShape Vest™, is a long-term, silastic, implantable system that is placed around the stomach to encompass the gastroesophageal junction to the Incisura Angularis.

The main materials used to make the LGV is Implant Grade Silicone (95%) and Barium Sulfate (5%).

The LGV is indicated for weight reduction for obese people with a Body Mass Index (BMI) between ≥35 kg/m2 and ≤55 kg/m2. It is indicated for use in adult patients (≥22 to ≤65 years) who have failed one or more conservative weight reduction alternative(s), such as supervised diet, exercise, and behavior modification program(s)."
NCT06934655,1,DRUG,Semaglutide 2.4 mg,"The dosing regimen will follow standard titration protocols, starting with a dose of 0.25 mg weekly for the first month, with gradual increases in dosage each month to a target dose of 2.4 mg weekly by the fifth month. To minimize the potential for side effects impacting daily activities, youth in the semaglutide group will be instructed to administer the medication weekly on Fridays."
NCT06937099,1,DRUG,Mirikizumab,Administered IV
NCT06937099,2,DRUG,Mirikizumab,Administered SC
NCT06937099,3,DRUG,Tirzepatide,Administered SC
NCT06937099,4,DRUG,Placebo,Administered SC
NCT01944098,1,DRUG,Lidocaine,
NCT01944098,2,DRUG,Placebo,
NCT07668414,1,DRUG,Zenagamtide,"Zenagamtide will be administered subcutaneously using pre-filled pen-injectors to one of the body parts: thigh, abdomen or upper arm."
NCT07668414,2,DRUG,Semaglutide,"Semaglutide will be administered subcutaneously using pre-filled pen-injectors to one of the body parts: thigh, abdomen or upper arm."
NCT07668414,3,DRUG,Placebo (matched to semaglutide),"Placebo matched to semaglutide will be administered subcutaneously using pre-filled pen-injectors to one of the body parts: thigh, abdomen or upper arm."
NCT07668414,4,DRUG,Placebo (matched to zenagamtide),"Placebo matched to zenagamtide will be administered subcutaneously using pre-filled pen-injectors to one of the body parts: thigh, abdomen or upper arm."
NCT04657016,1,DRUG,Tirzepatide,Administered SC
NCT04657016,2,OTHER,Placebo,Administered SC
NCT00856609,1,DRUG,Byetta (exenatide),Exenatide is an injectable medication
NCT00856609,2,BEHAVIORAL,Weight loss,Because response to weight loss
NCT00856609,3,OTHER,Metabolic Chamber,The subject stays in the small room
NCT00856609,4,DRUG,Placebo,
NCT00799643,1,DRUG,Salsalate,"Salsalate 3.5 g/d orally, divided dosing"
NCT00799643,2,DRUG,Salsalate Placebo,
NCT00283816,1,DRUG,Metformin,Metformin 500 mg. tabs 2 tabs BID for duration of study
NCT00283816,2,DRUG,Oral Contraceptive Pill,"Yasmin, drospirenone and ethinyl estradiol 28 tablets

1 tab daily for duration of study"
NCT00283816,3,BEHAVIORAL,Lifestyle Management Program,"Subjects and a parent/guardian will participate in a series of classes for training in diet, exercise \& behavior modification skills on a regular weekly basis over the 24 week study"
NCT00283816,4,BEHAVIORAL,Quality of Life Questionnaire,"Quality of Life questionnaire designed for women with Polycystic Ovary Syndrome. Questions concern health and health related issues Performed twice during study, at baseline and conclusion"
NCT00283816,5,PROCEDURE,Oral Glucose Tolerance Test,"Insulin response to a glucose challenge in an oral glucose tolerance test (OGTT), as measured by area under the curve (AUC). In this study we will administer an OGTT and calculate the AUC as a measure of insulin resistance.

Performed twice during study, at baseline and conclusion"
NCT00283816,6,PROCEDURE,Blood work,"Initial and conclusion blood draws include; comprehensive metabolic profile, CBC and platelet,hormonal assessment and lipids."
NCT00283816,7,PROCEDURE,Abdominal Ultra Sound,"transabdominal transducer, which contains integrated software for volume calculation will be used to assess ovarian volume.

Performed twice during study, at baseline and conclusion"
NCT00283816,8,PROCEDURE,Dual-energy x-ray absorptiometry (DEXA scan),"Dual-energy x-ray absorptiometry (DEXA) will be used to assess percent body fat Performed twice during study, at baseline and conclusion"
NCT00283816,9,DRUG,placebo,"placebo capsules, two capsules BID"
NCT06047548,1,DRUG,Tirzepatide,Administered SC
NCT06047548,2,DRUG,Placebo,Administered SC
NCT07292441,1,DRUG,GZR18 injection,Used as specified in the protocol
NCT07292441,2,OTHER,Placebo,Administered the same volume as GZR18
NCT03047005,1,DRUG,NB medication (Naltrexone Bupropion combination),NB medication
NCT03047005,2,OTHER,Placebo,Placebo
NCT07150975,1,DRUG,GZR18,Administered SC
NCT07150975,2,DRUG,Semaglutide(Wegovy® ),Administered SC
NCT03552757,1,DRUG,Semaglutide 1.0 mg,"Subcutaneous (s.c.) injections of semaglutide once weekly at an escalating doses (0.25 mg/week, 0.5 mg/week, 1.0 mg mg/week). The dose will be escalated to next level every 4 weeks."
NCT03552757,2,DRUG,Semaglutide 2.4 mg,"Subcutaneous injections of semaglutide once weekly at an escalating doses (0.25 mg/week, 0.5 mg/week, 1.0 mg mg/week, 1.7 mg/week and 2.4 mg/week). The dose will be escalated to next level every 4 weeks."
NCT03552757,3,DRUG,Placebo I (Semaglutide),"S.c. injections of placebo once weekly at a similar dose escalation manner as semaglutide 2.4 mg (placebo matched to semaglutide 0.25 mg/week, 0.5 mg/week, 1.0 mg mg/week, 1.7 mg/week and 2.4 mg/week). The dose will be escalated to next level every 4 weeks."
NCT03552757,4,DRUG,Placebo II (Semaglutide),"S.c. injections of placebo once weekly at a similar dose escalation manner as semaglutide 1.0 mg (placebo matched to semaglutide 0.25 mg/week, 0.5 mg/week, 1.0 mg mg/week). The dose will be escalated to next level every 4 weeks."
NCT00661245,1,DEVICE,TOGA,Transoral Gastroplasty (TOGA®) System for gastric stapling.
NCT00661245,2,DEVICE,Control,The control device (bougie dilator) is a FDA-cleared (Class II) device.
NCT06672939,1,DRUG,Orforglipron,Administered orally
NCT06672939,2,DRUG,Placebo,Administered orally
NCT02514629,1,DRUG,Placebo,
NCT02514629,2,DRUG,Metformin,
NCT02514629,3,DRUG,Testosterone Undecanoate,
NCT02514629,4,DRUG,Metformin + Testosterone Undecanoate,
NCT06423729,1,DRUG,Nicorandil 10 MG,"Patients will receive oral Nicorandil 10 MG twice daily in addition to 2nd generation sulfonylureas , for 3 months."
NCT00414167,1,DRUG,bupropion,300 mg per day for 8 weeks
NCT00414167,2,OTHER,Placebo,Placebo
NCT06839664,1,DRUG,HS-20094 injection,Administered SC
NCT06839664,2,DRUG,Placebo injection,Administered SC
NCT06077864,1,COMBINATION_PRODUCT,survodutide,"once weekly subcutaneous injection, pre-filled syringe"
NCT06077864,2,COMBINATION_PRODUCT,Placebo,"once weekly subcutaneous injection, pre-filled syringe"
NCT00942097,1,DRUG,"Sulph, Puls, Lyc, Lack t, Con, Sep, Nux v, Calc c, Phos","CH 12 preparation, 6 drops, twice a day, 4 days per week, until the end of pregnancy. One medication per appointment."
NCT00942097,2,DRUG,Homeopathy and Nutritional oriented diet,"Homeopathy 6 drops twice a day 4 days per week, active and placebo and Balanced nutritional oriented diet for both groups."
NCT07153471,1,DRUG,Orforglipron,Administered orally
NCT07153471,2,DRUG,Placebo,Administered orally
NCT01858948,1,DRUG,Omega,Omega-3 supplements
NCT01858948,2,DRUG,Placebo,Similar in shape and color to Omega supplements
NCT01858948,3,DRUG,Quetiapine fumarate,"Prior to randomization to Omega/placebo, patients were started on 100 mg BID of quetiapine, and the dose adjusted based on tolerability and response. The quetiapine target dose is 400-600 mg."
NCT03671733,1,DRUG,Liraglutide,"The treatment of Liraglutide lasted three months,During the first week: 0.6mg per day, subcutaneous injection;During the second week: 1.2mg per day, subcutaneous injection; From third week onwards, 1.8mg per day, subcutaneous injection."
NCT03671733,2,DRUG,Exenatide,10mcg once a day for 4 weeks increased to 10mcg twice a day for 8 weeks.
NCT03671733,3,DRUG,Exenatide Microspheres for Injection,Exenatide 2 mg injection once weekly for 12 weeks.
NCT07202884,1,DRUG,Orforglipron,Administered orally
NCT07202884,2,DRUG,Placebo,Administered orally
NCT01233349,1,DEVICE,Litramine,"2 tablets 3 times daily (oral consumption, 30 minutes after meal)"
NCT01233349,2,DEVICE,Placebo,"2 tablets 3 times daily (oral consumption, 30 minutes after meal)"
NCT01768481,1,DRUG,Atorvastatin,10 mg Atorvastatin vs placebo daily in a randomized controlled trial for one year
NCT01768481,2,DRUG,sugar pill,placebo controlled arm receives similarly looking placebo.
NCT04184622,1,DRUG,Tirzepatide,Administered SC
NCT04184622,2,DRUG,Placebo,Administered SC
NCT06828861,1,DRUG,Placebo,"200 mg BID (twice per day) for 1 week, 400 mg BID for 1 week, 800 mg BID for 10 weeks"
NCT06828861,2,DRUG,ARD-101,"200 mg BID (twice per day) for 1 week, 400 mg BID for 1 week, 800 mg BID for 10 weeks"
NCT01570829,1,DRUG,Dietressa,Oral administration.
NCT01570829,2,DRUG,Placebo,Oral administration.
NCT00933647,1,DIETARY_SUPPLEMENT,Yerba Mate Tea,"Before and after 8 weeks, serum lipids, C-reactive protein and fibrinogen will be measured. They will also be tested for glycemia, insulin, aminotransferases, bilirubin. Anthropometric measurements will be also performed at week 0 and 8. The subjects will receive instructions to maintain their usual dietary intake and normal physical activity."
NCT00933647,2,DIETARY_SUPPLEMENT,Green tea,"Before and after 8 weeks, serum lipids, C-reactive protein and fibrinogen will be measured. They will also be tested for glycemia, insulin, aminotransferases, bilirubin. Anthropometric measurements will be also performed at week 0 and 8. The subjects will receive instructions to maintain their usual dietary intake and normal physical activity."
NCT00933647,3,DIETARY_SUPPLEMENT,Apple tea,"Before and after 8 weeks, serum lipids, C-reactive protein and fibrinogen will be measured. They will also be tested for glycemia, insulin, aminotransferases, bilirubin. Anthropometric measurements will be also performed at week 0 and 8. The subjects will receive instructions to maintain their usual dietary intake and normal physical activity."
NCT05157698,1,DRUG,Naltrexone and Bupropion Combination,Participants in this intervention will take active naltrexone and bupropion pills.
NCT05157698,2,BEHAVIORAL,Behavioral Weight Loss,Participants in this intervention will receive behavioral weight loss treatment.
NCT05157698,3,OTHER,Placebo,Participants in this intervention will take inactive (placebo) pills.
NCT00000515,1,BEHAVIORAL,"diet, reducing",
NCT02235519,1,DRUG,Azilsartan 40 mg.,Patients will take 40 mg of azilsartan during 12 weeks
NCT02235519,2,DRUG,Azilsartan 80 mg,Patients will take 80 mg of azilsartan during 12 weeks
NCT06858839,1,DRUG,Maridebart Cafraglutide,Maridebart cafraglutide will be administered SC.
NCT06858839,2,DRUG,Placebo,Placebo will be administered SC.
NCT02129608,1,DEVICE,LLLT,"The LLLT uses 6 diode laser heads - each emitting 17 mW output. Subject will receive 30 minutes of therapy in the frontal central area and 30 minutes of therapy in the back central area, once a week for 12 weeks."
NCT02129608,2,DRUG,Lorcaserin,10 mg pills twice daily for 12 weeks.
NCT03548935,1,DRUG,Semaglutide,"Participants will receive semaglutide subcutaneous (s.c.; under the skin) injection(s) once-weekly as well as diet and physical activity counselling for 68 weeks. Dose escalation of semaglutide will take place as follows: 0.25 mg from week 1 to 4, 0.5 mg from week 5 to 8, 1.0 mg from week 9 to 12, 1.7 mg from week 13 to 16 and 2.4 mg from week 17 to week 68."
NCT03548935,2,DRUG,Placebo (semaglutide),Participants will receive semaglutide matching placebo s.c. injection(s) once-weekly as well as diet and physical activity counselling for 68 weeks.
NCT02742688,1,DIETARY_SUPPLEMENT,Pyrus pyrifolia var. culta(Makino) NaKai peel extract,Pyrus pyrifolia var. culta(Makino) NaKai peel extract(4g/day)
NCT02742688,2,DIETARY_SUPPLEMENT,Placebo,Placebo(4g/day)
NCT07400653,1,DRUG,PF-08653944,By Subcutaneous Injection
NCT07400653,2,OTHER,Placebo,By Subcutaneous Injection
NCT00175305,1,DRUG,Sandostatin LAR,
NCT06164873,1,DRUG,IBI362,Once-weekly injections of gradually increased doses of IBI362
NCT06164873,2,DRUG,Placebo,Once-weekly injections of volume-matched placebo
NCT05298085,1,DRUG,Oxytocin nasal spray,Study treatment will be administered intranasally daily for 12 weeks. The daily dose of OT will be adapted according to age at the beginning of the study
NCT05298085,2,DRUG,Placebo,Study treatment will be administered intranasally daily for 12 weeks.
NCT07392190,1,DRUG,Eloralintide,Administered SC
NCT07392190,2,DRUG,Placebo,Administered SC
NCT03905018,1,DRUG,Tadalafil 20 MG,"tadalafil 20 mg orally ,after a single administration"
NCT05701774,1,DRUG,DCCR,Once daily oral administration
NCT02122874,1,DEVICE,Percutaneous Neurostimulation (PENS) of dermatome T7,The patients undergo PENS of dermatome T7 and follow a 1200 Kcal diet
NCT02122874,2,OTHER,1200 Kcal diet,
NCT03229057,1,DRUG,OCP + Metformin,"This will be a three-arm, double-blind, double-dummy, multicenter, prospective, randomized clinical trial comparing OCP vs. Metformin vs. OCP + Metformin on the prevalence of MetS in women with PCOS. This 6-month study will consist of a screening visit, followed by 6 study visits (Subjects will undergo 6 in person study visits and life style modification counseling regarding diet and exercise. Phone contact will be made 2 weeks after randomization and at the end of each month when there is no in person visit to ensure study compliance with medications, keeping study logs and to review side effects). No longer term follow-up is planned."
NCT03229057,2,DRUG,OCP + Placebo,"This will be a three-arm, double-blind, double-dummy, multicenter, prospective, randomized clinical trial comparing OCP vs. Metformin vs. OCP + Metformin on the prevalence of MetS in women with PCOS. This 6-month study will consist of a screening visit, followed by 6 study visits (Subjects will undergo 6 in person study visits and life style modification counseling regarding diet and exercise. Phone contact will be made 2 weeks after randomization and at the end of each month when there is no in person visit to ensure study compliance with medications, keeping study logs and to review side effects). No longer term follow-up is planned."
NCT03229057,3,DRUG,Metformin + Placebo,"This will be a three-arm, double-blind, double-dummy, multicenter, prospective, randomized clinical trial comparing OCP vs. Metformin vs. OCP + Metformin on the prevalence of MetS in women with PCOS. This 6-month study will consist of a screening visit, followed by 6 study visits (Subjects will undergo 6 in person study visits and life style modification counseling regarding diet and exercise. Phone contact will be made 2 weeks after randomization and at the end of each month when there is no in person visit to ensure study compliance with medications, keeping study logs and to review side effects). No longer term follow-up is planned."
NCT06704581,1,DRUG,5 mg BGM0504 injection,5mg BGM0504 injection administered subcutaneously (SC) once a week.
NCT06704581,2,DRUG,10 mg BGM0504 injection administered subcutaneously (SC) once a week,10mg BGM0504 injection administered subcutaneously (SC) once a week.
NCT06704581,3,DRUG,15 mg BGM0504 injection,15mg BGM0504 injection administered subcutaneously (SC) once a week.
NCT06704581,4,DRUG,BGM0504 placebo,BGM0504 placebo administered SC once a week.
NCT07533175,1,DRUG,NNC0487-0111,"NNC0487-0111 will be administered subcutaneously using PDS290 pre-filled pen-injectors to one of the body parts: thigh, abdomen or upper arm."
NCT07533175,2,DRUG,Placebo (matched to NNC0487-0111),"Placebo matched to NNC0487-0111 will be administered subcutaneously using PDS290 pre-filled pen-injectors to one of the body parts: thigh, abdomen or upper arm."
NCT05774756,1,DRUG,Setmelanotide,Solution for daily subcutaneous injection
NCT05774756,2,DRUG,Placebo,Placebo matched to setmelanotide for daily subcutaneous injection
NCT00307619,1,DRUG,topiramate,
NCT07274137,1,DRUG,MDR-001,Participants will Receive Small Molecule MDR-001 Tablets Administered Orally
NCT07274137,2,DRUG,Placebo,Participants will Receive Placebo
NCT02043054,1,DRUG,Liraglutide,"Liraglutide (Victoza®, Novo Nordisk) is a stable analogue of the natural hormone glucagon-like peptide-1 (GLP-1). Liraglutide is licensed for use within the United Kingdom and recommended by NICE in combination with metformin, and/or sulphonylurea and/or thiazolidinedione if the following conditions are satisfied.

* BMI ≥ 35 kg/m2 in those of European descent (with appropriate adjustment for other ethnic groups) and specific psychological or medical problems associated with high body weight, or
* BMI \< 35 kg/m2, and therapy with insulin would have significant occupational implications or weight loss would benefit other significant obesity-related comorbidities."
NCT02043054,2,DRUG,Sitagliptin,"Sitagliptin (Januvia®, Merck \& Co) is an enzyme-inhibiting drug used to inhibit the natural enzyme dipeptidyl peptidase-4 (DPP-4). It is an oral antihyperglycaemic agent used in the treatment of T2DM. Sitagliptin is licensed to be used either alone or in combination with other oral antihyperglycemic agents (such as metformin or a sulphonylurea) and is recommended by NICE as a second line therapy."
NCT06649045,1,DRUG,Orforglipron,Administered orally.
NCT06649045,2,DRUG,Placebo,Administered orally.
NCT02081898,1,DIETARY_SUPPLEMENT,LCD,approximate 100 kcal/d caloric deficit
NCT03548987,1,DRUG,Semaglutide,Subcutaneous (under the skin) injection of semaglutide once-weekly.
NCT03548987,2,DRUG,Placebo,Subcutaneous (under the skin) injection of semaglutide placebo once-weekly.
NCT07230119,1,DRUG,Zovaglutide dose 1,"administered subcutaneously (SC), Q4W"
NCT07230119,2,DRUG,Zovaglutide dose 2,"administered subcutaneously (SC), Q4W"
NCT07230119,3,DRUG,Placebo,"administered subcutaneously (SC), Q4W"
NCT05556512,1,DRUG,Tirzepatide,Administered SC
NCT05556512,2,DRUG,Placebo,Administered SC
NCT02214108,1,OTHER,Nintendo Wii,"Tennis, box and bowling on Nintendo Wii, 3 hours per week."
NCT00434525,1,PROCEDURE,Laparoscopic restrictive procedure,Patients will receive laparoscopic sleeve gastrectomy with or without omentectomy
NCT00434525,2,PROCEDURE,Sleeve gastrectomy,Sleeve gastrectomy
NCT05316935,1,DRUG,GnRHa,"Gonadotropin-releasing hormone analogue, intramuscular injection of 3.75mg will be given every 4 weeks , and the maximum using courses will be 6."
NCT05316935,2,DRUG,Letrozole 2.5mg,2.5mg po qd and no more than 24 weeks
NCT05316935,3,DRUG,Diane-35,"Periodic use. Patients will receive one pill po qd for 21 days, and next period should be started after 7 days."
NCT05316935,4,DRUG,MET,500mg po tid
NCT02048215,1,DRUG,Caffeine,"Patients are randomised to 30-day treatment with either EC (200/20mg t.i.d.) or placebo. The EC administration starts with an initial dose of 100/10 mg t.i.d. for the first week and then proceeds with the full dose of 200/20 mg t.i.d. Patients are hospitalised during the whole treatment period, at the metabolic unit of San Giuseppe Hospital-Istituto Auxologico Italiano at Piancavallo (VB, Italy). During the treatment period all patients are fed a hypocaloric diet (total energy content of \~70% of energy expenditure, as measured by indirect calorimetry), and containing 20% proteins, 55% carbohydrates, 25% fat half of which was monounsaturated, and 35 g/day fibres."
NCT02048215,2,DRUG,Placebo,"Patients are randomised to 30-day treatment with either EC (200/20mg t.i.d.) or placebo. The EC administration starts with an initial dose of 100/10 mg t.i.d. for the first week and then proceeds with the full dose of 200/20 mg t.i.d. Patients are hospitalised during the whole treatment period, at the metabolic unit of San Giuseppe Hospital-Istituto Auxologico Italiano at Piancavallo (VB, Italy). During the treatment period all patients are fed a hypocaloric diet (total energy content of \~70% of energy expenditure, as measured by indirect calorimetry), and containing 20% proteins, 55% carbohydrates, 25% fat half of which was monounsaturated, and 35 g/day fibres."
NCT02048215,3,DRUG,Ephedrine,"Patients are randomised to 30-day treatment with either EC (200/20mg t.i.d.) or placebo. The EC administration starts with an initial dose of 100/10 mg t.i.d. for the first week and then proceeds with the full dose of 200/20 mg t.i.d. Patients are hospitalised during the whole treatment period, at the metabolic unit of San Giuseppe Hospital-Istituto Auxologico Italiano at Piancavallo (VB, Italy). During the treatment period all patients are fed a hypocaloric diet (total energy content of \~70% of energy expenditure, as measured by indirect calorimetry), and containing 20% proteins, 55% carbohydrates, 25% fat half of which was monounsaturated, and 35 g/day fibres."
NCT02048215,4,OTHER,Hypocaloric diet,"Patients are randomised to 30-day treatment with either EC (200/20mg t.i.d.) or placebo. The EC administration starts with an initial dose of 100/10 mg t.i.d. for the first week and then proceeds with the full dose of 200/20 mg t.i.d. Patients are hospitalised during the whole treatment period, at the metabolic unit of San Giuseppe Hospital-Istituto Auxologico Italiano at Piancavallo (VB, Italy). During the treatment period all patients are fed a hypocaloric diet (total energy content of \~70% of energy expenditure, as measured by indirect calorimetry), and containing 20% proteins, 55% carbohydrates, 25% fat half of which was monounsaturated, and 35 g/day fibres."
NCT04599504,1,DRUG,Lisdexamfetamine Dimesylate (Medication),Medication will be taken daily in pill form.
NCT04599504,2,OTHER,Placebo,Placebo will be inactive and taken daily in pill form.
NCT02804373,1,DRUG,Oxytocin (OXT) continuous,Administration of 24 IU of oxytocin daily during 28 days
NCT02804373,2,DRUG,Placebo,Placebo daily during 28 days
NCT02804373,3,DRUG,Placebo continuous,"Placebo administration the following 2 days after each OXT administration, during 28 days."
NCT02804373,4,DRUG,Oxytocin,Administration of 24 IU of oxytocin every 3 days during 28 days.
NCT00398060,1,BEHAVIORAL,Cognitive-behavioral life-style counseling,
NCT06859268,1,DRUG,Retatrutide,Administered SC
NCT06859268,2,DRUG,Placebo,Administered SC
NCT04651361,1,DRUG,Dinalbuphine sebacate,Naldebain dissolved in benzyl benzoate and sesame oil (a total volume of 2ml) will be prepared in a 5-ml syringe 30 min before administration. Intramuscular injection into the gluteal muscles will be performed by an anesthesiologist under sonography-guidance.
NCT04651361,2,DRUG,Placebo solution,Benzyl benzoate and sesame oil served as placebo solution (a total volume of 2ml) will be prepared in a 5-ml syringe 30 min before administration. Intramuscular injection into the gluteal muscles will be performed by an anesthesiologist under sonography-guidance.
NCT03115424,1,DRUG,Saxenda,"Saxenda is a glucagon-like peptide-1 (GLP-1) receptor agonist indicated as an adjunct to a reduced calorie diet and increased physical activity for chronic weight management in adult patients. Subjects will be recruited and screened prior to undergoing bariatric surgery. Subjects undergoing SG will be randomized 1:1 at month 3 post surgery to Saxenda, 0.6mg SQ daily, with weekly titration of 0.6mg until maintenance dose of 3mg/daily reached. Subjects will remain on study drug for duration of study (33 months). After undergoing surgery, study visits will be timed to coincide with the standard clinical follow-up visits at months 3, 6, 9, 12, 18, 24, 30 and 36."
NCT03115424,2,DRUG,Placebos,"Subjects will be recruited and screened prior to undergoing bariatric surgery.Subjects undergoing SG will be randomized 1:1 at months 3 post surgery to Placebo, 0.6mg SQ daily, with weekly titration of 0.6mg until maintenance dose of 3mg/daily reached. Subjects will remain on study drug for duration of study (33 months). After undergoing surgery, study visits will be timed to coincide with the standard clinical follow-up visits at months 3, 6, 9, 12, 18, 24, 30 and 36."
NCT03115424,3,PROCEDURE,RYGB,"Subjects will be recruited and screened prior to undergoing bariatric surgery. After undergoing surgery, study visits will be timed to coincide with the standard clinical follow-up visits at months 3, 6, 9, 12, 18, 24, 30 and 36."
NCT00420589,1,DRUG,taranabant,"taranabant 0.5 mg capsule, 1 mg capsule, 2 mg capsule once daily. Treatment for 52 weeks."
NCT00420589,2,DRUG,Comparator: placebo,Placebo capsules once daily. Treatment for 52 weeks
NCT01027143,1,DIETARY_SUPPLEMENT,omega-3 polyunsaturated fatty acids,ProEPA Xtra 1000mg softgels: 3 softgels twice daily
NCT01027143,2,DRUG,Omega-3 Fatty Acid,Soybean oil: 3(age 12-25) matched softgel caps twice daily
NCT05073835,1,DRUG,Semaglutide 3 mg,"Semaglutide 2.4 mg/week, subcutaneous injection. Treatment dose: 16 weeks of dose escalation + 52 weeks of study dose (i.e., 2.4 mg/week)."
NCT05073835,2,DRUG,Placebo,Placebo
NCT05930184,1,PROCEDURE,peri-wound Transversus Abdominis Plane Block,0.25% bupivacaine 20ml was injected using no24 needle into a plane between internal oblique muscle and transversus abdominis muscle around every wound 2 cm. from wound opening. The procedure was confirmed by laparoscopic vision and the injection was done before removal of laparoscopic port.
NCT05930184,2,PROCEDURE,Local wound infiltration,0.25% bupivacaine 20ml was injected using no24 needle into subcutaneous tissue after the abdominal sheet was sutured.
NCT00408148,1,DRUG,Placebo,Undistinguishable placebo tablets
NCT00408148,2,DRUG,Rimonabant,"White film-coated, for oral administration containing 20 mg of active rimonabant"
NCT06162715,1,DRUG,Tirzepatide,Tirzepatide will be initiated 12 or 18 months (12 months + 24 weeks) after patients undergo Roux-en-Y Gastric Bypass. Patients will be started on the lowest dose of 2.5 mg and the dose increased every 6 weeks following an adaptive maximum dose titration protocol. Patients will then complete a final 4 weeks of the study drug.
NCT06162715,2,OTHER,Standard of Care post-gastric bypass,"Patients randomized to the control arm will receive the standard of care for weight maintenance after gastric bypass including dietary guidance provided by the Vanderbilt Surgical Weight Loss handbook. This includes recommendations for 64 oz of fluids per day, ≥60 grams of protein/day, and daily bariatric multivitamins. Patients will continue to have access to dedicated bariatric dietitians, advanced practice providers, and surgeons on an ad hoc basis per patients' request."
NCT02036138,1,PROCEDURE,Laparoscopic Sleeve Gastrectomy,
NCT02036138,2,PROCEDURE,Laparoscopic Roux-en-Y Gastric Bypass,
NCT02036138,3,DRUG,Advanced Medical Therapy,
NCT00146133,1,BEHAVIORAL,"diet, exercise",
NCT00030238,1,DRUG,Calcium supplement,Calcium Carbonate capsules prepared by NIH PDS
NCT00030238,2,DRUG,Placebo,Placebo capsules prepared by the NIH PDS to be identical to Calcium Carbonate capsules
NCT00405808,1,DRUG,Rimonabant,Once daily in the morning
NCT00405808,2,DRUG,Placebo,Once daily in the morning
NCT06616961,1,DRUG,Semaglutide Pen,"In this study, the intervention involves administering semaglutide (Fitaro) to participants for weight management. The treatment protocol includes the following steps:

Initial Dose: Participants will start with a subcutaneous injection of semaglutide at a dose of 0.25 mg once weekly for the first four weeks to allow for tolerance and adjustment.

Dose Escalation: After the initial period, the dose will be increased at four-week intervals as follows:

Week 5: Increase to 0.5 mg Week 9: Increase to 1 mg Week 13: Increase to 1.7 mg Week 17: Increase to a maximum dose of 2.4 mg, if necessary, based on individual weight loss response and tolerability."
NCT02179151,1,DRUG,ZGN-440 for Injectable Suspension,Subjects will receive ZGN-440 twice weekly subcutaneous injections for up to 28 weeks.
NCT02179151,2,DRUG,ZGN-440 Placebo for Injectable Suspension,Subjects will receive placebo twice weekly subcutaneous injections for up to 28 weeks.
NCT06604624,1,DRUG,HD1916,HD1916，0.25mg/0.5mg/1.0mg/1.7mg/2.4mg，SC，once a week
NCT06604624,2,DRUG,semaglutide,semaglutide ，0.25mg/0.5mg/1.0mg/1.7mg/2.4mg，SC，once a week
NCT03714373,1,DRUG,DCCR,Once daily oral administration of open-label DCCR tablet(s) during the OLE Period
NCT03714373,2,DRUG,DCCR,Once daily oral administration of double-blind (DCCR) tablet(s) during the RW Period
NCT03714373,3,DRUG,Placebo for DCCR,Once daily oral administration of double-blind (placebo for DCCR) tablet(s) during the RW Period
NCT07654361,1,DRUG,Aleniglipron,Drug: aleniglipron administered orally Drug
NCT07654361,2,DRUG,Placebo,Drug: placebo administered orally
NCT07353931,1,DRUG,Eloralintide,Administered SC
NCT07353931,2,DRUG,Placebo,Placebo administered SC
NCT03336086,1,COMBINATION_PRODUCT,weight loss program,A low calorie diet+ Orlistat+ Soluble Fiber+ Physical activity
NCT06388187,1,DRUG,Cagrilintide,Participants will receive once-weekly cagrilintide subcutaneously.
NCT06388187,2,DRUG,Semaglutide,Participants will receive once-weekly semaglutide subcutaneously.
NCT06388187,3,DRUG,Placebo,Participants will receive once-weekly placebo matched to cagrilintide and semaglutide subcutaneously.
NCT07192263,1,DRUG,IN-B00009,Test drug
NCT07192263,2,DRUG,Placebo,Placebo drug
NCT02223949,1,DEVICE,Cook double balloon catheter,
NCT02223949,2,DRUG,PGE1 tablet,
NCT04576975,1,DRUG,Ketamine,compare the use of ketamine versus dexmedetomidine when used as perioperative infusion in obese patients undergoing laparoscopic bariatric surgery regarding their analgesic efficacy as well as any side effects or drawbacks (PONV and effects on consciousness) that might associate with their use.
NCT04576975,2,DRUG,Dexmedetomidine,compare the use of ketamine versus dexmedetomidine when used as perioperative infusion in obese patients undergoing laparoscopic bariatric surgery regarding their analgesic efficacy as well as any side effects or drawbacks (PONV and effects on consciousness) that might associate with their use.
NCT04576975,3,DRUG,Normal Saline 0.9%,compare the use of ketamine versus dexmedetomidine when used as perioperative infusion in obese patients undergoing laparoscopic bariatric surgery regarding their analgesic efficacy as well as any side effects or drawbacks (PONV and effects on consciousness) that might associate with their use.
NCT06131437,1,DRUG,Cagrilintide,Cagrilintide will be administered subcutaneously.
NCT06131437,2,DRUG,Semaglutide,Semaglutide will be administered subcutaneously.
NCT06131437,3,DRUG,Tirzepatide,Tirzepatide will be administered subcutaneously.
NCT03872245,1,BIOLOGICAL,Probiotics,The patients will receive Adomelle 1caps/12h during 10 weeks
NCT03872245,2,PROCEDURE,PENS T6,"The patients will undergo percutaneous electrical neurostimulation of dermatome T6 weekle, during 10 weeks"
NCT04104321,1,DRUG,Aramchol free acid,Aramchol 300 mg BID
NCT04104321,2,DRUG,Placebo,Placebo BID
NCT01306214,1,DRUG,Placebo,Placebo matching BI 10773 low dose
NCT01306214,2,DRUG,Placebo,Placebo matching BI 10773 low dose
NCT01306214,3,DRUG,Placebo,Placebo matching BI 10773 high dose
NCT01306214,4,DRUG,Placebo,Placebo matching BI 10773 high dose
NCT01306214,5,DRUG,BI 10773,BI 10773 low dose once daily
NCT01306214,6,DRUG,BI 10773,BI 10773 high dose once daily
NCT06993792,1,DRUG,Orforglipron,Administered orally
NCT06993792,2,DRUG,Placebo,Administered orally
NCT06596135,1,DRUG,Setmelanotide,Open-label daily injections of setmelanotide
NCT03433040,1,DRUG,17-Hydroxyprogesterone Capronate,17-Hydroxyprogesterone Capronate 250mg versus 500mg
NCT00392678,1,DRUG,Salsalate,"Placebo and Salsalate 3.0 g/d; 3.5 g/d; 4.0 g/d orally, divided"
NCT00392678,2,DRUG,Placebo,Placebo to Salsalate
NCT02675699,1,BEHAVIORAL,Optimisation + HENRY,"HENRY HENRY is an 8-week childhood obesity prevention programme delivered in Children's Centres in the UK by trained practitioners, aiming to provide parents with skills and knowledge to support healthy lifestyles in preschool children and their families. The programme aims to build parents' skills, knowledge and confidence to change old habits and provide healthier nutrition.

OPTIMISATION A tailored 'Optimisation' intervention has being developed to support local authorities and Children's Centres to promote HENRY implementation, based on an ethnography of Children Centres, including interviews with staff and other stakeholders and input from parents. Development was underpinned by strong theories of behaviour change and will be guided by the intervention planning framework; the Behaviour Change wheel using a systematic approach. Strategies have been developed to improve parent motivation to enrol on to HENRY and promote parent self-efficacy to continue to attend."
NCT02675699,2,BEHAVIORAL,HENRY as standard,Local Authorities / Children's Centres that are assigned to the control group will continue with standard HENRY practice. Current HENRY QA practice involves the review of process data by HENRY central office with provision of written and oral feedback. This will continue in both trial arms and will be monitored.
NCT02137330,1,DEVICE,Swallowable Obalon® Gastric Balloon,
NCT01277367,1,BEHAVIORAL,Discovery Vitality base program,"The existing Discovery Vitality health promotion base program, which offers points for various levels of physical activity."
NCT01277367,2,BEHAVIORAL,Communication,"Participants will be sent regular communications by Discovery Vitality -equivalent to the level of communications in the other incentive groups - which will provide information and tips about ways of accumulating Vitality points on the existing programme (concerning fitness-related activities, in particular)."
NCT01277367,3,BEHAVIORAL,Charitable Incentive,"Members will be asked to nominate a charity, from a selection of charities, which will benefit financially (Discovery Vitality will make a direct payment to a nominated charity) based on their (member's) level of participation in points-earning physical activity. Individuals will receive one of four possible payouts, corresponding to their level of engagement, for their selected charity (amounts given below). In addition, members will be sent regular updates of activities by their nominated charities (This will be operationalised and facilitated by Vitality- and as such, no direct mailing from nominated charity will take place, to maintain confidentiality.)"
NCT01277367,4,BEHAVIORAL,Prize Draw Incentive,"Members will be entered into a prize draw for a monthly cash-prize if they achieve physical activity targets. Four lottery payouts, corresponding to their levels of engagement, will be made on a monthly basis. All members will be sent information regarding the winnings of those that are drawn (unlinked to personal identifiers, but to motivate)."
NCT01277367,5,BEHAVIORAL,Direct Payment,Members will receive a direct payment (in the form of gift voucher) of one of four possible amounts depending on the level of participation in fitness-related activities equivalent in expected value to the payouts in arms 3 and 4.
NCT01277367,6,BEHAVIORAL,Free Choice,Members will be asked to choose one of the three aforementioned incentive options on enrollment to the study.
NCT00940628,1,BEHAVIORAL,Diet and Exercise,mildly hypocaloric diet and physical exercise
NCT00940628,2,DRUG,orlistat [Xenical],120mg po tid
NCT06921486,1,DRUG,Phase IIb：Efsubaglutide Alfa 5 mg QW,IIb：Efsubaglutide Alfa 5 mg QW
NCT06921486,2,DRUG,Phase IIb：Efsubaglutide Alfa 10 mg QW,Efsubaglutide Alfa 10 mg QW
NCT06921486,3,DRUG,Phase IIb：Efsubaglutide Alfa 20 mg QW,Efsubaglutide Alfa 20 mg QW
NCT06921486,4,DRUG,Phase IIb：Efsubaglutide Alfa 20 mg Q2W,Efsubaglutide Alfa 20 mg Q2W
NCT06921486,5,DRUG,Phase IIb：Placebo,Placebo
NCT06921486,6,DRUG,Phase III：Recommended Phase 3 Dose High Dose,The Recommended Phase 3 Dose High Dose confirmed by the IDMC (Independent Data Monitoring Committee) based on the safety and efficacy data results from the 18-week Phase IIb.
NCT06921486,7,DRUG,Phase III：Recommended Phase 3 Dose Low Dose,The Recommended Phase 3 Dose Low Dose confirmed by the IDMC (Independent Data Monitoring Committee) based on the safety and efficacy data results from the 18-week Phase IIb.
NCT06921486,8,DRUG,Phase III：Placebo,Placebo
NCT00647595,1,BEHAVIORAL,Experimental group,Intervention group will exercise 3 times per week at moderate-vigorous intensity for 45 minutes per session. Control group women will continue their usual physical activity throughout pregnancy.
NCT06584916,1,DRUG,Orforglipron,Administered orally
NCT06584916,2,DRUG,Placebo,Administered orally
NCT01487993,1,DRUG,Metformin,"Oral administration, 500 mg daily at week 1. Every week metformin dosage increases with 500 mg, to a maximum dose of 1000 mg bid. This maximum dose will be administered till the end of the study."
NCT01487993,2,BEHAVIORAL,Lifestyle intervention,Lifestyle intervention: 18 months physical therapy and dietary advice
NCT06662383,1,DRUG,Retatrutide,Administered SC
NCT06662383,2,DRUG,Tirzepatide,Administered SC
NCT00306683,1,DRUG,DIAZOXIDE,
NCT00380445,1,DRUG,Vildagliptin,
NCT00128336,1,BEHAVIORAL,Lifestyle: diet and exercise intervention,
NCT00317707,1,DRUG,N-3 Polyunsaturated Fatty Acids,Each subject assigned to active treatment group will receive 1g/day capsule of n-3 PUFA
NCT00317707,2,DRUG,Placebo: Olive oil,Each subject assigned to the control group will receive 1 g/day capsule of olive oil.
NCT04578652,1,DRUG,Metformin 850 mg oral tablet bid,"MET dose: 500 mg daily, increasing to 500 bid if tolerated after 2 weeks, then increasing again 2 weeks later to 850 mg bid (1700 mg daily)."
NCT04578652,2,DIETARY_SUPPLEMENT,Supplemental fiber mixture (35 g total) composed of 6g of Oligofructose + 12g of resistant maltodextrin + 12g of acacia gum + 5g of PGX.,"The first week of treatment will use 1/3 the daily treatment dose; then 2/3 dose for the second and third weeks; then the full dose thereafter, to allow time for adaptation."
NCT05316493,1,BEHAVIORAL,Intensive Lifestyle Intervention (ILI),"dietary guidance, exercise guidance, lifestyle intervention"
NCT05316493,2,DRUG,Megestrol Acetate 160 MG Oral Tablet,enrolled participants will take Megestrol Acetate 160mg daily
NCT05316493,3,DRUG,"Levonorgestrel-Releasing Intrauterine Contraceptive System (Mirena), 52 Mg",enrolled patients will be treated with LNG-IUS.
NCT06390904,1,DRUG,GnRH antagonist,"Gonadotropin-releasing hormone analogue, intramuscular injection of 3.75mg will be given every 4 weeks, and the maximum treatment courses will be 6. If the patient get CR within 6 courses, another 2 courses will be used as consolidation therapy."
NCT06390904,2,DRUG,Letrozole 2.5mg,2.5mg po qd.
NCT01044147,1,BEHAVIORAL,VLM-S,Online program for weight loss - standard
NCT01044147,2,BEHAVIORAL,VLM-M,Online program for weight loss - modulated
NCT01044147,3,BEHAVIORAL,OGR,Online program for weight loss - resources
NCT05931367,1,DRUG,Retatrutide,Administered SC
NCT05931367,2,DRUG,Placebo,Administered SC
NCT02273804,1,DRUG,Topiramate,"Topiramate for 9 months treatment, and then 27 months of follow-up Dose regimen will be determined according to theoretical weight (taken orally), escalated every 15 days. Patients who do not tolerate dose escalation will be reduced to the highest tolerated dose."
NCT02273804,2,DRUG,Placebo,Placebo will be taken orally following to the same dose regimen according to theoretical weight
NCT03211455,1,DRUG,Lidocaine,intravenous lidocaine versus placebo
NCT03211455,2,DRUG,isotonic saline,intravenous isotonic saline
NCT00430742,1,DRUG,Taranabant,"Taranabant 0.5 mg, 1 mg capsule, 2 mg capsule once daily Treatment for 52 weeks."
NCT00430742,2,DRUG,Comparator: Placebo,Placebo capsule once daily. Treatment for 52 weeks.
NCT01451554,1,BEHAVIORAL,portion control plate,Individuals are provided with a portion control plate to use while eating and dietary counseling by dietician
NCT01451554,2,BEHAVIORAL,Usual Care,self-help booklets
NCT00134199,1,DRUG,"CP-945,598",
NCT00134199,2,DRUG,sibutramine,
NCT00231634,1,DRUG,topiramate,
NCT07232719,1,DRUG,Retatrutide,Administered SC
NCT07232719,2,DRUG,Placebo,Administered SC
NCT05780008,1,BEHAVIORAL,Eat My ABCs,"The ""Eat My ABCs"" curriculum incorporates senses into learning (hear, see, smell, taste) and includes two sessions/week: 1) healthy eating learning; and 2) mindful food taste-testing activities to expose children to the one fruit, one vegetable, and relevant food items made from the one fruit and one vegetable to teach children the creative ways to make fruit/vegetable healthy and tasty.

Child Letter to Parents. Every week, each child will create one letter, using stickers, regarding the one fruit and one vegetable presented in the program that he/she tasted or wanted to try at home.

Program Cookbook. The investigators have developed a targeted program cookbook for low-income families. The program cookbook contains all budget-friendly recipes for healthy breakfasts, family meals, quick-fixes, kid-friendly snacks, and occasional sweets. In addition, the cookbook contains creative ways of making fruit/vegetable healthy, tasty, and kid-friendly at home."
NCT06066515,1,COMBINATION_PRODUCT,survodutide,once weekly subcutaneous injection
NCT06066515,2,COMBINATION_PRODUCT,Placebo,once weekly subcutaneous injection
NCT06909006,1,DRUG,Semaglutide 2.4mg,The active comparator of the intervention is s.c. Semaglutide injection once a week in increasing doses every month from 0.25 mg to 0.5 mg to 1.0 mg to 1.7 mg to 2.4 mg and the placebo comparator is s.c. injection with a visually identical and same label pen as described for the active comparator
NCT06909006,2,DRUG,Semaglutide placebo,Visually identical and same label as the active comparator intervention
NCT05514535,1,DRUG,Semaglutide,"Participants will receive once-weekly semaglutide s.c. for 40 weeks. Semaglutide 0.25 mg will be given at week 0 and then the dose will be escalated at weeks 4, 8 and 12 to 0.5 mg, 1 mg, 2 mg respectively."
NCT05514535,2,DRUG,Insuline glargine U100 (reduced),Participants will receive insulin glargine U100 s.c. once-daily. Insulin glargine dose will be reduced by 10 U at initiation of semaglutide and then again at each semaglutide dose escalation up to 40 weeks. The dose will be adjusted based on the mean of three pre-breakfast SMPG values (target SMPG: 4.4-7.2 mmol/L).
NCT05514535,3,DRUG,Insuline glargine U100 (titrated),Participants will receive titrated insulin glargine U100 s.c. once-daily up to 40 weeks. The dose will be adjusted based on the mean of three pre-breakfast SMPG values (target SMPG: 4.4-7.2 mmol/L).
NCT06905626,1,DRUG,Qsymia 7.5 miligrams (mg)-46 mg Extended Release Capsule,Qsymia
NCT06905626,2,DRUG,Placebo,Placebo
NCT01535014,1,DRUG,Dietressa,Comparison of different dosages (frequency) of drug
NCT01535014,2,DRUG,Placebo,"Placebo either (2 tablets 3 times daily) or

(1 tablet 6 times daily)"
NCT01234649,1,DRUG,Metformin XR plus placebo,"Metformin plus Placebo Metformin 500 mg qd 2 weeks 500 mg bid 2 weeks 500 mg am, 1000 mg pm- 2 weeks 1000 mg bid -98 weeks (end study) Placebo-start 1 injection SC QD step up to a max dose as tolerated"
NCT01234649,2,DRUG,Metformin XR plus liraglutide,"Metformin XR-500 qd for 2 weeks, 500 mg bid 2 weeks; 500 mg am, 1000 mg pm- 2 weeks - 1000 bid final dose Liraglutide- start 0.6 mg SC QD step up to 1.2 mg to a max dose of 1.8 mg SC QD as tolerated during the 4-wk non-forced dose-escalation period ( maximum allowed dose of 1.8 mg SC QD)"
NCT02750826,1,OTHER,Health Education Program,
NCT02750826,2,OTHER,Weight Loss Intervention,
NCT03811574,1,DRUG,Semaglutide,"Semaglutide injections will be administered once-weekly by a pre-filled pen-injector at the same day of the week (to the extent possible). Injections may be administered in the thigh, abdomen or upper arm, at any time of day irrespective of meals."
NCT03811574,2,DRUG,Placebo (semaglutide),"Placebo (semaglutide) injections will be administered once-weekly by a pre-filled pen-injector at the same day of the week (to the extent possible). Injections may be administered in the thigh, abdomen or upper arm, at any time of day irrespective of meals."
NCT00447291,1,DRUG,Supplement: Omega-3 Fish Oil,
NCT00447291,2,BEHAVIORAL,Multi-Disciplinary Nutrition & Exercise program,
NCT02098317,1,DRUG,DHA plus Vitamin D,DHA 500 mg plus Vitamin D 800 IU
NCT02098317,2,DRUG,Placebo,Placebo pearls mimicking pearls with DHA and Vitamin D
NCT00239967,1,DRUG,Rimonabant (SR141716),
NCT00239967,2,DRUG,Placebo,
NCT05646199,1,DRUG,Metformin,Participants will receive metformin
NCT05646199,2,DRUG,Semaglutide Injectable Product,Participants in this group will receive injectable Semaglutide
NCT05816798,1,DEVICE,Photobiomodulation,"PBM is a therapeutic technique that uses light at different wavelengths (red or infrared), in a non-invasive way in which non-ionizing irradiation is used to produce a series of photophysical and photochemical effects when applied to biological tissues (humans and animals). Regarding the clinical results, numerous articles have already demonstrated the effect of PBM in improving pain and disability in patients with knee joint pain."
NCT05816798,2,OTHER,Standard Physiotherapy Tretament,"standard treatment (physiotherapy-standard exercises: Cardiopulmonary physiotherapy and Physiotherapy with global muscle strengthening exercises). This program will be maintained for all study patients, for both groups, throughout the data collection period and includes activities 2X per week.)"
NCT05816798,3,DEVICE,Photobiomodulation Placebo,The same interventions described of Photobiomodulation Group bu device will be turned off
NCT05638893,1,DRUG,Placebo Tablet,Placebo (tablet/12hr) + celecoxib (200mg/day) for three months.
NCT05638893,2,DRUG,Metformin Hcl 500Mg Tab,Metformin (500mg/12hr) + celecoxib (200mg/day) for three months.
NCT00236665,1,DRUG,topiramate,
NCT00147264,1,DRUG,Telmisartan (Micardis®) vs. Placebo,
NCT00147264,2,BEHAVIORAL,Low-Glycemic Index Diet vs. Control Diet,
NCT01264393,1,BEHAVIORAL,Shape Up Rhode Island + Online Resources,"Participants will receive Shape Up Rhode Island, which is a 12-week statewide physical activity and weight loss campaign in addition to online weight loss resources"
NCT01264393,2,BEHAVIORAL,Shape Up Rhode Island + Online Weight Loss Program,"Participants will receive Shape Up Rhode Island, a 12-week statewide physical activity and weight loss campaign in addition to an online weight loss program"
NCT01264393,3,BEHAVIORAL,Shape Up Rhode Island + Online Weight Loss Program + Group sessions,"Participants will receive Shape Up Rhode Island, a 12-week statewide physical activity and weight loss campaign in addition to an online weight loss program and the option of attending group sessions"
NCT07481747,1,DRUG,Tirzepatide,(once-weekly SC injection; doses 5/10/15 mg)
NCT07481747,2,DRUG,Placebo,(once-weekly SC injection)
NCT07481747,3,BEHAVIORAL,Reduced-calorie diet,increased physical activity counseling
NCT01763528,1,OTHER,nutrition intervention,high protein diet
NCT01320722,1,DRUG,Vitamin D ergocalciferol,"50,000 unit soft gel capsule once per week for 8 weeks"
NCT01320722,2,DRUG,Probenecid,"500 mg tablet once per day for 4 weeks, then either 500 mg tablet once per day for 4 weeks or 1000 mg once per day for 4 weeks (8 weeks total)"
NCT01320722,3,DRUG,Allopurinol,300 mg tablet once per day for 4 weeks then either 300 mg once per day or 600 mg once per day for 4 weeks (8 weeks total)
NCT01320722,4,DRUG,Placebo,Placebo soft gel once per week for 8 weeks
NCT01320722,5,DRUG,Placebo,Placebo tablet once per day for 4 weeks then twice per day for 4 weeks (eight weeks total)
NCT01030354,1,DIETARY_SUPPLEMENT,Herbalife Meal Replacements,Higher protein meal replacement diet based on 1 gram of protein per pound of lean body mass will improve weight loss in comparison to a standard protein meal replacement diet based on ½ gram of protein per pound of lean body mass
NCT01030354,2,DIETARY_SUPPLEMENT,Herbalife Meal Replacements,Higher protein meal replacement diet based on 1 gram of protein per pound of lean body mass will improve weight loss in comparison to a standard protein meal replacement diet based on ½ gram of protein per pound of lean body mass.
NCT02143349,1,DIETARY_SUPPLEMENT,Coleus forskohlii extract,Ingestion of 250 mg Coleus forskohlii extract capsule twice a day for 12 weeks
NCT02143349,2,OTHER,Placebo,Ingestion of 250 mg placebo capsule twice a day for 12 weeks
NCT05653258,1,OTHER,Lifestyle Intervention,"1. Exercise: Subjects will undergo a combined aerobic and resistance exercise intervention. The investigators propose a multi-modal training program because they improve metabolic outcomes and adding resistance training reduces the risk of muscle loss during weight loss. Subjects will exercise in the gym for three sessions per week for 10 weeks under supervision of an exercise physiologist. On each session, aerobic exercise will be followed by resistance exercise.
2. Diet: The aim of the dietary intervention is to reduce caloric intake sufficient to result in 8-10% weight loss, while incorporating behavioral and dietary strategies to maximize adherence and to minimize risk of muscle and bone loss. Subjects will attend small-group sessions led by a dietitian for changing their dietary composition to follow American Heart Association (AHA)/American College of Cardiology (ACC) guidelines."
NCT05653258,2,DRUG,Dasatinib 100 MG,"100 mg of dasatinib (D) daily for 3 consecutive days plus quercetin (Q) for the same 3 consecutive days, followed by a 25-day (+/- 2 day) no-drug period to complete a single round. This will be repeated twice more until completing 3 rounds total in approximately 10 consecutive weeks."
NCT05653258,3,DRUG,Quercetin 1000mg,"Quercetin (Q) (4) 250 mg capsules daily (total 1000 mg daily) plus dasatinib (D) same 3 consecutive days, followed by a 25-day (+/- 2 day) no-drug period to complete a single round. This will be repeated twice more until completing 3 rounds total in approximately 10 consecutive weeks."
NCT05653258,4,DRUG,Placebo,"Subjects will receive a placebo (methylcellulose) to provide a similar mass, number of tablets/ capsules, and frequency as the senolytic arm."
NCT05653258,5,PROCEDURE,Abdominal adipose tissue biopsy,All participants will undergo baseline biopsies of subcutaneous abdominal adipose tissue for cellular/molecular profiling via snRNA-seq
NCT03758638,1,BEHAVIORAL,Healthy Eating & Active Living Taught at Home,"PAT National Center will train educators affiliated with PAT sites in HEALTH; among these, using the HEALTH training curriculum, which includes training materials, an \~8 hour training delivered through a synchronous web-based experience, and ongoing consultation. Participants at HEALTH sites receive usual care PAT+evidence-based life-style change strategies to prevent weight gain and promote weight loss embedded within and delivered as part of home visits. In addition to the usual care PAT curriculum content, goal setting related to healthy weight, and the importance of parental modeling of healthy eating and physical activity are incorporated throughout the discussion and visit. HEALTH will be delivered over 24 months via a (1) core and (2) maintenance phase. The visits begin with greater frequency, and taper. Consistent with PAT practice, the frequency and number of visits are determined by the family's needs and preferences."
NCT03758638,2,BEHAVIORAL,Usual Care,"The Foundational (usual care) curriculum uses a strength-based, solution-focused model to provide parents with child development knowledge and parenting support, empowering parents as their child's first and most influential teacher."
NCT06994650,1,DRUG,HRS9531,HRS9531 will be administered by Subcutaneous injection
NCT06994650,2,DRUG,Placebo,Matching Placebo will be administered by Subcutaneous injection
NCT05032326,1,DRUG,Follow-up study of the treated cohort,follow-up study of the patients in the treated cohort: that have been included in the otbb3 study
NCT05032326,2,OTHER,Follow-up study of the untreated cohort,follow-up study of the patients in the untreated cohort: that have NOT been included in the otbb3 study
NCT02077517,1,PROCEDURE,Roux en Y Gastric Bypass,
NCT02478580,1,DRUG,Nuvigil,Patients will receive Nuvigil before the surgery
NCT02478580,2,DRUG,Placebo,Placebo will be given before surgery
NCT01344161,1,DIETARY_SUPPLEMENT,Placebo,dosage form:lactose dosage: 25 micrograms frequency: every day duration: 12weeks
NCT01344161,2,DIETARY_SUPPLEMENT,vitamin D,dosage form:cholecalciferol dosage: 25 micrograms (1000 International Unit) frequency: every day duration: 12weeks
NCT00394212,1,DEVICE,Transoral Suturing,suturing of anastomosis
NCT00394212,2,OTHER,Sham Endoscopy,suturing not performed
NCT02840916,1,PROCEDURE,laser acupuncture,"Subjects were treated at acupoints including the Stomach and Hunger points of the ear, ST25, ST28, ST40, SP15, CV9, and SP6 by using laser acupuncture (GaAlAs laser, maximal power, 150 milliwatt; wavelength, 810 nm; area of probe, 0.03 cm2; power density, 5 W/cm2; pulsed wave; 5.625 J/ cm2) over 5 sessions per week, 12 treatment sessions in total."
NCT02840916,2,PROCEDURE,sham laser acupuncture,"Subjects underwent sham laser acupuncture treatment without any laser output. The acupuncture points, application duration, and total number of treatments were similar to those in verum laser acupuncture group."
NCT04605081,1,DRUG,Naltrexone and Bupropion (NB) medication,NB medication will be taken daily in pill form.
NCT04605081,2,OTHER,Placebo,Placebo will be inactive and taken daily in pill form.
NCT07104500,1,DRUG,VK2735,VK2735 is a peptide GLP-1 and GIP dual agonist administered Once Weekly
NCT02042664,1,DRUG,BYETTA treatment,
NCT02042664,2,DRUG,Metformine,
NCT01568437,1,PROCEDURE,TAP-Block,"Block needle will be inserted out-of-plane to the ultrasound beam, perpendicular to the skin surface, until the tip lies deep between the fascia of the transversus abdominis muscle and the internal oblique muscle. 30 ml of the study solution in each side will be injected at this location and should be observed to spread in an anterior-posterior direction between two muscles. Each patient will receive a total dose of 60 ml of 0.25% bupivacaine (150 mg) + 1:200,000 epinephrine."
NCT01568437,2,OTHER,Conventional Managment,For these group.no TAP block administration. just conventional management for post operative pain.
NCT05384431,1,DIETARY_SUPPLEMENT,Muscle5 and TRIM7,Intake of MUSCLE 5 and TRIM 7 supplements on a daily basis for 12 weeks
NCT05384431,2,OTHER,Mixed exercise,Mixed exercise (aerobic and resistance) three days per week for 12 weeks
NCT06633783,1,DRUG,Semaglutide,"The dose escalation phase, starting with 0.25mg once weekly and increasing every 4 weeks (0.5mg, 1.0mg, 1.7mg), is expected to last 16 weeks; In the dose maintenance phase, the target dose of 2.4mg was maintained for 28 weeks.Treatment duration 44 weeks."
NCT06633783,2,DRUG,Semaglutide,"The dose escalation phase, starting with 0.25mg once weekly and increasing every 4 weeks (0.5mg, 1.0mg, 1.7mg), is expected to last 16 weeks; In the dose maintenance phase, the target dose of 2.4mg was maintained for 28 weeks.Treatment duration 44 weeks."
NCT03554031,1,DRUG,Recombinant Human Growth Hormone (rhGH) Injection,"Drug: Recombinant Human Growth Hormone Injection /Jintropin AQ, 30IU/10 mg/3ml/kit, 0.5 mg/m2/d for the first 4 weeks, then 1.0 mg/m2/d for subsequent 48 weeks; by subcutaneous injection, once per day for total 52 weeks."
NCT03746522,1,DRUG,Setmelanotide,SC injection of setmelanotide
NCT03746522,2,DRUG,Placebo,SC injection of placebo
NCT00779207,1,BEHAVIORAL,weight loss and exercise,10% weight loss through diet and exercise plus multicomponent exercise training three times a week
NCT00779207,2,BEHAVIORAL,weight loss,10 percent weight loss through diet and behavioral modification
NCT05172999,1,DEVICE,levonorgestrel-releasing intrauterine system,"Enrolled patients will be inserted this device for treating AEH to preserve fertility for 3-6 months or longer till complete response or operation if treatment fails, and the device may be removed if treatment changes."
NCT05172999,2,DRUG,Polyethylene Glycol Loxenatide,"Initiate injection of Loxenatide will be 0.1mg per week, if the patient can tolerate, the dose will be increased to 0.2mg per week, or else 0.1mg per week will be injected and the injection will last for no more than 28 weeks. If the patient cannot tolerate the least 0.1mg/week, she must be excluded from this trial."
NCT02216552,1,DIETARY_SUPPLEMENT,Resveratrol,All adolescents will receive standardized lifestyle counselling at enrolment designed and disseminated by a registered dietitian as well as a licensed physiotherapist who both have experience working with overweight adolescents. The lifestyle component will be goal-based and tailored to each participant. The overall content and messaging will be consistent for all participants with nutritional recommendations based on Canada Food Guide and physical activity counselling aligning with the Healthy Active Living Recommendations of the Canadian Pediatric Society and Health Canada's Physical Activity Guidelines.
NCT02216552,2,DIETARY_SUPPLEMENT,Placebo,All adolescents will receive standardized lifestyle counselling at enrolment designed and disseminated by a registered dietitian as well as a licensed physiotherapist who both have experience working with overweight adolescents. The lifestyle component will be goal-based and tailored to each participant. The overall content and messaging will be consistent for all participants with nutritional recommendations based on Canada Food Guide and physical activity counselling aligning with the Healthy Active Living Recommendations of the Canadian Pediatric Society and Health Canada's Physical Activity Guidelines.
NCT00197132,1,DRUG,Avandia,
NCT00302263,1,DRUG,Metobes-compound,
NCT02681887,1,DRUG,Melatonin,"Circadin, controlled release melatonin tablet 2mg by mouth each day before bedtime for 12 weeks"
NCT02681887,2,DRUG,Placebo,placebo tablet identical to circadian
NCT00412698,1,DRUG,rimonabant,"Administration of one tablet containing 20 mg of active rimonabantonce daily in the morning.

White film-coated tablets, for oral administration containing 20 mg of active rimonabant"
NCT00412698,2,DRUG,Placebo,Administration of one rimonabant placebo tablet once daily in the morning. Undistinguishable placebo tablets.
NCT06066528,1,COMBINATION_PRODUCT,Survodutide,"once weekly subcutaneous injection, pre-filled syringe"
NCT06066528,2,COMBINATION_PRODUCT,Placebo,"once weekly subcutaneous injection, pre-filled syringe"
NCT05516953,1,DRUG,Baclofen Tablets,10 mg oral baclofen 1 h before anesthesia
NCT01560130,1,BEHAVIORAL,Shape Up Rhode Island + Online weight loss program,Participants assigned to this arm will receive the standard Shape Up Rhode Island statewide intervention and an Internet-based behavioral weight loss program.
NCT01560130,2,BEHAVIORAL,Shape Up Rhode Island + Online weight loss program + Groups,"Participants assigned to this arm will receive the standard Shape Up Rhode Island statewide intervention, an Internet-based behavioral weight loss program, and the option to attend group sessions."
NCT01560130,3,BEHAVIORAL,Shape Up Rhode Island + Online weight loss + Incentives,"Participants assigned to this arm will receive the standard Shape Up Rhode Island statewide intervention, an Internet-based behavioral weight loss program, and monetary incentives for submitting self-monitoring information and for achieving clinically significant weight loss."
NCT01068626,1,DRUG,Rosuvastatin,10 mg once daily
NCT01068626,2,DRUG,Placebo for rosuvastatin,once daily
NCT01552694,1,DRUG,Sitagliptin,"Oral, 100 mg/day for 2 months"
NCT01552694,2,DRUG,Placebo,"oral, matching placebo daily for 2 months"
NCT00108459,1,BEHAVIORAL,Low Carbohydrate Diet,
NCT06588283,1,DRUG,Ixekizumab,Administered SC
NCT06588283,2,DRUG,Tirzepatide,Administered SC.
NCT05929066,1,DRUG,Retatrutide,Administered SC
NCT05929066,2,DRUG,Placebo,Administered SC
NCT00302276,1,DRUG,Metobes-compound,
NCT05387798,1,DRUG,RAD011,Cannabidiol Oral Solution (containing synthetic cannabidiol)
NCT00289887,1,DRUG,Comparator: losartan +/- HCTZ,"Placebo to losartan once daily for 4 weeks in run-in period. Then, losartan 50 mg for 4 weeks, then titrate to losartan 100 mg at Week 4, then titrate to losartan 100 mg + hydrochlorothiazide (HCTZ) 12.5 mg at Week 8, and finally titrate to losartan 100 mg + HCTZ 25 mg at Week 12. Duration of treatment is approximately 16 weeks."
NCT00289887,2,DRUG,Comparator: Placebo,"Placebo to losartan once daily for 4 weeks in run-in period. Then, placebo to losartan or losartan/HCTZ once daily for approximately 16 weeks."
NCT07654374,1,DRUG,aleniglipron,Drug: aleniglipron administered orally
NCT07654374,2,DRUG,aleniglipron,Drug: aleniglipron administered orally
NCT07654374,3,DRUG,aleniglipron,Drug: aleniglipron administered orally
NCT07654374,4,DRUG,Placebo,Drug: placebo administered orally
NCT01113996,1,BEHAVIORAL,Protein supplementation and strength training,Protein supplementation and strength training
NCT01113996,2,DIETARY_SUPPLEMENT,Protein supplementation,Protein supplementation
NCT01774682,1,PROCEDURE,6-minute walk test,the test corresponds to that defined by Abdel Kafi et al in 2005
NCT04775082,1,DRUG,Liraglutide,"The study medicine must be injected in a skin fold in the stomach, thigh or upper arm once daily.

The dose will increase each week over 4 or 5 weeks until the final dose is reached."
NCT04775082,2,DRUG,Placebo,"The study medicine must be injected in a skin fold in the stomach, thigh or upper arm once daily."
NCT07297290,1,DRUG,Metformin,Metformin 500mg extended release tablets taken to a maximum of 1500mg once daily
NCT07297290,2,DRUG,Placebo,"Starch-based, identical looking placebo"
NCT05632068,1,DRUG,Xian-Hua-Cha,"Zizyphus jujuba Mill., Nelumbo nucifera Gaertn, Citrus reticulata Blanco, Rosa rugosa Thunb., Cassia obtusifolia L., Stevioside, resistant starch, and water"
NCT06672549,1,DRUG,Orforglipron,Administered orally. ISA specific interventions will be listed in the ISA.
NCT06672549,2,DRUG,Placebo,Administered orally. ISA specific interventions will be listed in the ISA.
NCT02116517,1,DIETARY_SUPPLEMENT,green tea extract,500 mg three times per day
NCT02116517,2,DIETARY_SUPPLEMENT,Placebo,cellulose 500mg three times a day for 6 weeks
NCT06041217,1,DRUG,Semaglutide,Subcutaneous injections of semaglutide once-weekly at escalating doses every fourth week until maintenance dose of 2.4 mg of semaglutide is reached.
NCT06041217,2,DRUG,Placebo,Subcutaneous injections of placebo once-weekly at escalation doses manner as semaglutide every fourth week until maintenance dose of placebo matched to 2.4 mg is reached.
NCT00228176,1,DRUG,Rimonabant,"Tablet, oral administration"
NCT00228176,2,DRUG,Placebo (for Rimonabant),"Tablet, oral administration"
NCT00408850,1,DRUG,Pioglitazone,15 mg per day for 6 weeks and 30 mg per day for further 6 weeks
NCT00408850,2,DRUG,sugar pill,One capsule daily for 6 weeks followed by two capsules per day for next 6 weeks
NCT06144645,1,DEVICE,"tVNS, intermittent stimulation","transcutaneous vagus nerve stimulation, intermittent stimulation"
NCT06144645,2,DEVICE,"tVNS, continuous stimulation","transcutaneous vagus nerve stimulation, continuous stimulation"
NCT00393172,1,BEHAVIORAL,exercise,5 days per week exercise for 4 months
NCT03771326,1,BIOLOGICAL,Kisspeptin-10,"Kisspeptin-10 (metastin 45-54, Calbiochem, Darmstadt, Germany)"
NCT05813925,1,DRUG,Cagrilintide,Participants will receive 2.4 mg cagrilintide s.c. OW after a dose escalation period of 16 weeks for 52 weeks
NCT05813925,2,DRUG,Semaglutide,Participants will receive 2.4 mg semaglutide s.c. OW after a dose escalation period of 16 weeks for 52 weeks
NCT05813925,3,DRUG,Placebo Semaglutide,Participants will receive placebo matched to semaglutide
NCT01010789,1,DRUG,Armodafinil,flexible dose 150-250mg/day
NCT01010789,2,DRUG,Armodafinil,150-250mg/day; flexible dose
NCT01010789,3,DRUG,Matching placebo,Placebo comparator
NCT00396448,1,DRUG,"CP-945,598 Treatment B","Subjects receive CP-945,598 plus dietary, physical activity, and behavioral counseling."
NCT00396448,2,DRUG,"CP-945,598 Treatment A","Subjects receive CP-945,598 plus dietary, physical activity, and behavioral counseling."
NCT00396448,3,DRUG,Placebo,"Subjects receive placebo plus dietary, physical activity, and behavioral counseling."
NCT00434655,1,PROCEDURE,Laparoscopic restrictive procedure,Morbidly Obese VETERANS will receive one of two laparoscopic bariatric restrictive procedures.
NCT02664441,1,DRUG,Exenatide,Weekly injections of active drug.
NCT02664441,2,DRUG,placebo,Weekly placebo injections
NCT04510493,1,DRUG,Canakinumab,Body weight adjusted dose in 250 ml 5% dextrose solution i.v. over 2 hours
NCT04510493,2,DRUG,Placebo,Aqua ad injectabilia in 250 ml 5% dextrose solution i.v. over 2 hours
NCT06931028,1,OTHER,placebo,placebo administered subcutaneously (SC) once a week.
NCT06931028,2,DRUG,IBI362,Once-weekly injections of gradually increased doses of IBI362
NCT03649477,1,DRUG,3.2 mg intranasal carbetocin,three times per day with meals
NCT03649477,2,DRUG,9.6 mg intranasal carbetocin,three times per day with meals
NCT03649477,3,DRUG,placebo,three times per day with meals
NCT06176365,1,DRUG,Survodutide,once weekly subcutaneous injection
NCT06176365,2,DRUG,Placebo matching survodutide,once weekly subcutaneous injection
NCT05098509,1,DRUG,RAD011,Cannabidiol Oral Solution (containing synthetic cannabidiol)
NCT05098509,2,DRUG,Placebo,Matching Placebo for RAD011
NCT00209482,1,DRUG,glucophage XR,
NCT05890976,1,DRUG,Semaglutide,Participants will receive semaglutide tablets orally once daily for 44 weeks.
NCT05890976,2,DRUG,Semaglutide Placebo,Participants will receive placebo matched to semaglutide.
NCT02721953,1,DIETARY_SUPPLEMENT,Butyrate,Butyrate
NCT02721953,2,OTHER,Placebo,Placebo
NCT02810483,1,DRUG,Topiramate,"Increase phase. The starting dose is 50 mg / day with gradual increase in dose to 50 mg / week until the end of the 3rd week.

Dose of study:

200mg for 5 weeks.

Decrease phase:

The 9th week, 100mg for 4 days then 50mg for 3 days."
NCT02810483,2,DRUG,Placebo Comparator,"ncrease phase. The starting dose is 50 mg / day with gradual increase in dose to 50 mg / week until the end of the 3rd week.

Dose of study:

200mg for 5 weeks.

Decrease phase:

The 9th week, 100mg for 4 days then 50mg for 3 days."
NCT06918405,1,DRUG,Tirzepatide,"All the included patients in both the diabetic and nondiabetic groups will receive the same intervention of tirzepatide at a dose of 15 mg administered subcutaneously once a week in addition to lifestyle modification.

Initially, tirzepatide will be started with a dose of 2.5 mg once weekly subcutaneous injection for the first 4 weeks. After the stabilization period of the drug, the dose will be increased to 5 mg after 4 weeks, 7.5 mg after 8 weeks, 10 mg after 12 weeks, 12.5 mg after 16 weeks and finally 15 mg after 20 weeks."
NCT01326442,1,OTHER,low glycemic diet,"a low glycemic diet, calorie restricted with exercise sessions 3 times per week"
NCT01326442,2,DIETARY_SUPPLEMENT,vitamin D omega-3,2000 IU vitamin D3 plus 1.8 g EPA + DHA per day for 16 weeks.
NCT06974851,1,DRUG,HRS9531,HRS9531
NCT06974851,2,DRUG,HRS9531placebo,HRS9531placebo
NCT07332273,1,DRUG,Levothyroxine,"Film-coated oral tablets containing levothyroxine 88 mcg, taken once daily for 9 months. All participants receive a structured lifestyle program: months 0-3 hypocaloric Mediterranean diet (\~600 kcal/day deficit) with physical-activity advice; months 3-9 normocaloric Mediterranean diet with continued advice. The IMP is purchased from authorized manufacturers, then reconditioned and relabeled per GMP and supplied blinded for the full study period. Dispensing follows the randomization code; emergency unblinding only via the hospital pharmacy. Store per label (do not store above 25 °C); adherence assessed by pill count and self-report."
NCT07332273,2,DRUG,Placebo,"(white, plain, circular), oral once daily for 9 months, no active ingredient. Administered alongside the same lifestyle program as the active arm (months 0-3 hypocaloric Mediterranean diet; months 3-9 normocaloric Mediterranean diet). Placebo is reconditioned and relabeled per GMP to be indistinguishable from levothyroxine; supply is blinded and dispensed per randomization code. Emergency unblinding is performed only by the pharmacy service when medically necessary."
NCT07255209,1,DRUG,Placebo,Placebo SA.QW
NCT07255209,2,DRUG,IBI362,IBI362 SA.QW
NCT04998136,1,DRUG,Semaglutide 2.4 mg,"Administered subcutaneously (s.c., under the skin) as well as reduced-calorie diet and increased physical activity for 44 weeks. Doses gradually increased to 2.4 mg"
NCT04998136,2,DRUG,Placebo (semaglutide 2.4 mg),Administered s.c. as well as reduced-calorie diet and increased physical activity for 44 weeks
NCT06489457,1,DRUG,Semaglutide,"Semaglutide subcutaneous injection once weekly titrated to 1 mg in concordance with Summary of product characteristics (SmPC) (0.25 mg once weekly in the first month, 0.5 mg once weekly in the second month and 1 mg once weekly from the third month onward)"
NCT06489457,2,DRUG,Testosterone Undecanoate,Testosterone Undecanoate intramuscular injection 1000 mg once per 10-12 weeks
NCT06396429,1,DRUG,HRS9531 injection,HRS9531 injection; low dose
NCT06396429,2,DRUG,HRS9531 injection,HRS9531 injection; medium dose
NCT06396429,3,DRUG,HRS9531 injection,"HRS9531 injection, high dose"
NCT06396429,4,DRUG,Placebo,"blank preparation, participants received matching placebo."
NCT05607680,1,DRUG,Placebo,Placebo administered subcutaneously (SC) once a week.
NCT05607680,2,DRUG,IBI362,IBI362 administered subcutaneously (SC) once a week.
NCT01332877,1,BEHAVIORAL,Enriched breakfast,"high carbohydrate, high protein breakfast supplying 600 kcal as 50k% carbohydrate, 20% protein, 30% fat"
NCT01332877,2,BEHAVIORAL,Control breakfast,"Control breakfast providing 300 kcal, 13% carbohydrate, 40% protein, 48% fat"
NCT00438061,1,BEHAVIORAL,Weight loss by dietary restriction,
NCT06760546,1,DRUG,Setmelanotide,Solution for daily subcutaneous injection
NCT06760546,2,DRUG,Placebo,Placebo matched to setmelanotide for daily subcutaneous injection
NCT00277641,1,DRUG,Lamotrigine,25 mg or 100 mg
NCT00277641,2,DRUG,placebo,identical tablets to study drug
NCT03842501,1,DIETARY_SUPPLEMENT,Release Supplement,Calorie reduced diet plus Release supplement
NCT03842501,2,DIETARY_SUPPLEMENT,Placebo,Calorie reduced diet plus Placebo
NCT07011667,1,DRUG,CagriSema (Cagrilintide B and Semaglutide I),CagriSema (Cagrilintide B and Semaglutide I) will be administered subcutaneously using DV3384 pen-injector.
NCT07011667,2,DRUG,Placebo matched to CagriSema (Cagrilintide B and Semaglutide I),Placebo matched to Cagrilintide B and placebo matched to Semaglutide I will be administered subcutaneously using DV3384 pen-injector.
NCT02525016,1,BIOLOGICAL,Blood sampling,
NCT02525016,2,DRUG,Lidocaine,
NCT03554525,1,DIETARY_SUPPLEMENT,Fat-binder damm,3 sticks every day during 12 months
NCT03554525,2,DIETARY_SUPPLEMENT,Placebo,3 sticks every day during 12 months
NCT01886482,1,OTHER,nutrition intervention,high protein diet
NCT02751840,1,DIETARY_SUPPLEMENT,Caffeine,200 mg of caffeine capsule before RMR measurement
NCT02751840,2,DIETARY_SUPPLEMENT,Placebo,Placebo capsule (starch) before RMR measurement
NCT02751840,3,OTHER,Coffee,9 grams of black coffee in boiling water consumed before RMR measurement
NCT02751840,4,OTHER,Decaffeinated,9 grams of decaffeinated black coffee in boiling water consumed before RMR measurement
NCT03837626,1,DRUG,Placebo - Cap,6 months of 1 pill a day
NCT03837626,2,DRUG,Amiloride Pill,Max dose of 5 mg a day for 6 months
NCT01131390,1,DEVICE,Ventilator setting changes,"Ventilator settings will be changed every 3 minutes as described above, simultaneously measuring respiratory mechanics and patients' comfort."
NCT01358890,1,OTHER,low carbohydrate diet,"Dietary carbohydrate diet was restricted to 20 gram/day within the first week, then increase gradually to 120 gram/day"
NCT01358890,2,OTHER,Calories restricted diet,"Total energy intake is restricted to 1200 kcal/day for women. Energy from carbohydrate, protein and fat will be kept to approximate 55%, 20% and 25%, respectively. Moreover, saturated fat and dietary cholesterol are restricted to at most 10% energy and 300 mg/day, respectively"
NCT01465724,1,PROCEDURE,Renal denervation,percutaneous selective renal sympathetic denervation with the use of the Symplicity Catheter system.
NCT07351045,1,COMBINATION_PRODUCT,Placebo,Placebo will be volume-matched and administered once weekly using an integrated drug-device combination product.
NCT07351045,2,COMBINATION_PRODUCT,Enicepatide,Enicepatide will be administered once weekly at the randomized dosing regimen using an integrated drug-device combination product.
NCT00781547,1,DRUG,recombinant human growth hormone,"The subjects will receive treatment with recombinant human GH (Genotropin®) or placebo administered by a daily s.c. injection before bedtime. The initial dose of GH will be 0.4 IU per day increased to 0.8 IU after 2 weeks and to 1.2 IU after 4 weeks of treatment. Thus, the target dose is 1.2 IU per day which resembles approximately 0.015 IU/kg/day. The GH dose will be reduced by half in the event of side-effects"
NCT02213159,1,DRUG,Dexmedetomidine,
NCT02213159,2,DRUG,Morphine,
NCT07284979,1,DRUG,Ribupatide,SC Injection
NCT07284979,2,DRUG,Semaglutide,SC Injection
NCT07284979,3,DRUG,Placebo,SC Injection
NCT07279194,1,DRUG,HDM1005 1,"Initiate at a once weekly dose of 0.5 mg and followed a dose escalation regimen, with dose increases every 4 weeks aiming at reaching the maintenance dose, the intervention will last for 52 weeks in total."
NCT07279194,2,DRUG,HDM1005 2,"Initiate at a once weekly dose of 0.5 mg and followed a dose escalation regimen, with dose increases every 4 weeks aiming at reaching the maintenance dose. The intervention will last for 52 weeks in total."
NCT07279194,3,DRUG,Placebo,"Initiate at a once weekly dose of 0.5 mg and followed a dose escalation regimen, with dose increases every 4 weeks aiming at reaching the maintenance dose. The intervention will last for 52 weeks in total."
NCT01794429,1,DRUG,Exenatide,Subcutaneum injection of exenatide once-weekly for 3 months
NCT01794429,2,DRUG,Placebo,Subcutaneum injection of placebo once-weekly for 3 months
NCT01388205,1,BEHAVIORAL,Family-based Outdoor program,"2 to 3 hour outdoor activities organized in conjunction with National Parks, Singapore"
NCT02718950,1,DRUG,Liraglutide 3.0 mg,Subjects will use liraglutide 3.0 mg for 2 weeks
NCT03042741,1,BIOLOGICAL,atherosclerosis vaccine,"Atherosclerosis vaccine, V6, formulated as an oral pill made from from pooled antigens derived from adipose tissue"
NCT03042741,2,BIOLOGICAL,Placebo pills,Half of the patients will be randomly assigned to receive placebo pill
NCT02963922,1,DRUG,Liraglutide 3.0 mg,"Injected subcutaneously (s.c., under the skin) once daily"
NCT02963922,2,DRUG,Placebo,"Injected subcutaneously (s.c., under the skin) once daily"
NCT03374956,1,DRUG,Phentermine-Topiramate,Extended Release at dose of 7.5/46 mg oral daily
NCT03374956,2,DRUG,Liraglutide,dose of 3 mg subcutaneous daily
NCT03374956,3,DRUG,Naltrexone/bupropion,Oral naltrexone extended-release/bupropion extended-release at dose of 32/360 mg oral daily (divided in 2 tables in morning and 2 tablets in evening)
NCT03374956,4,DRUG,Phentermine,15-37.5 mg oral daily
NCT00166205,1,DEVICE,Swedish Adjustable Gastric Band,Long term implantable device.
NCT07718126,1,DRUG,Mazdutide,"Active drug intervention consisting of a novel GLP-1/GCG receptor dual agonist solution (Mazdutide) administered via subcutaneous injection once weekly using a single-use prefilled automatic injection pen. The dosing schedule follows a 12-week step-up titration regimen starting at 2 mg q1w for Weeks 1-2, increasing to 4 mg q1w for Weeks 3-4 if gastrointestinal tolerated, and reaching a target dose of 6 mg q1w from Week 5 to Week 12 if gastrointestinal tolerated. For participants with intolerable gastrointestinal adverse events, the titration cycle can be prolonged to 3 weeks, or they are permitted to maintain a lower tolerated dose based on multidisciplinary team consensus. To ensure surgical safety, this prehabilitation protocol enforces a mandatory 1-week drug washout period prior to hepatectomy, followed by a preoperative gastric ultrasound assessment by an anesthesiologist to rule out aspiration risks."
NCT07718126,2,DRUG,Placebo (Normal Saline),"Inactive comparator intervention consisting of a matching placebo (normal saline) solution administered via subcutaneous injection once weekly. To strictly maintain the double-blind design, the placebo features an identical appearance, volume, and automatic prefilled injection pen delivery device. The administration schedule, dose escalation simulation steps, and the mandatory 1-week pre-operative drug washout period mirror the experimental mazdutide group exactly to maintain the blinding integrity prior to the hepatectomy."
NCT07718126,3,BEHAVIORAL,Lifestyle Optimization,"Standardized lifestyle optimization provided to both groups, consisting of an calorie-restricted diet (CRD) and structured physical exercise. The CRD targets a daily calorie deficit of 500 to 750 kcal, with a total daily intake not exceeding 1500 kcal (1000-1200 kcal for females; 1200-1500 kcal for males). The structured exercise requires at least 5 days per week, totaling \>=150 minutes of moderate-to-high intensity aerobic training with a daily energy expenditure \>=150 kcal. Adherence is tracked objectively using a provided smart fitness tracker and daily electronic diaries without mandatory enforcement."
NCT05444153,1,DRUG,Semaglutide,Participants will receive 1 tablet of oral semaglutide once daily.
NCT05444153,2,DRUG,Empagliflozin,Participants will receive 1 tablet of empagliflozin once daily.
NCT03541005,1,DIETARY_SUPPLEMENT,Obex,"After concluded the six months of treatment, patients will be follow-up during six months without consumption of Obex"
NCT03541005,2,DIETARY_SUPPLEMENT,Placebo,"After concluded the six months of treatment, patients will be follow-up during six months without consumption of the placebo."
NCT01467284,1,BEHAVIORAL,Step Ahead,"Promotion of weight gain prevention among teachers and staff in public high schools through Step Ahead, a comprehensive intervention targeting three levels suggested by the ecological framework health behavior change: organizational school level, interpersonal level, and individual level."
NCT01467284,2,BEHAVIORAL,Basic Intervention,Promotion of weight gain prevention among teachers and staff in public high schools through receipt of the workbook print materials and access to website similar to the enhanced intervention.
NCT00375492,1,DRUG,exenatide,"subcutaneous injection, 5mcg or 10mcg, twice a day"
NCT00375492,2,DRUG,placebo,"subcutaneous injection, volume equivalent to exenatide dose, twice a day"
NCT00628277,1,BEHAVIORAL,high caloric expenditure exercise,high caloric expenditure exercise plus dietary counseling
NCT00628277,2,BEHAVIORAL,low caloric expenditure exercise plus dietary counseling,low caloric expenditure exercise plus dietary counseling
