nct_id,brief_title,official_title,overall_status,start_date,completion_date,enrollment,enrollment_type,sex,minimum_age,maximum_age,lead_sponsor,lead_sponsor_class,included,exclusion_reasons,review_flags,intervention_types,modality,minimum_age_years,maximum_age_years,start_year
NCT01644201,"A Study Evaluating the Effects of a High Viscosity Non-starch Polysaccharide (PolyGlycopleX® - PGX®) on Glycemic Control, Cardiometabolic Risk Factors and Weight Loss in Overweight and Obese Type II Diabetics","A Randomized, Double Blind, Placebo Controlled Trial Evaluating the Effects of a Highly Viscous Non-starch Polysaccharide (PolyGlycopleX® - PGX®), on Glycemic Control, Cardiometabolic Risk Factors and Weight Loss in Overweight and Obese Type II Diabetics Enrolled in a Medically Supervised Weight Management Program.",TERMINATED,2012-10,2016-11,100,ACTUAL,ALL,18 Years,75 Years,InovoBiologic Inc.,INDUSTRY,False,NO_DRUG_OR_BIOLOGICAL,DIABETES_IN_ELIGIBILITY_ONLY,DIETARY_SUPPLEMENT,UNKNOWN,18.0,75.0,2012
NCT00375401,"A Long-Term Study To Examine The Effects Of CP-945,598 On Weight Loss And Safety","A 2-Year, Randomized, Double-Blind, Placebo-Controlled Phase 3 Study To Evaluate The Long-Term Efficacy And Safety Of CP-945,598 In The Treatment Of Obese Subjects",TERMINATED,2006-10,2009-01,2536,ACTUAL,ALL,18 Years,70 Years,Pfizer,INDUSTRY,False,OUTSIDE_RECENCY_WINDOW,DIABETES_IN_ELIGIBILITY_ONLY,DRUG,UNKNOWN,18.0,70.0,2006
NCT07684144,"Extension Trial to Evaluate the Long-term Efficacy, Safety, and Tolerability of Maridebart Cafraglutide (MARITIME-2-EXTENSION)","A Phase 3, Randomized, Double-Blind Extension Trial to Evaluate the Long-term Efficacy, Safety, and Tolerability of Maridebart Cafraglutide in Participants With Obesity or Overweight With Type 2 Diabetes Mellitus",NOT_YET_RECRUITING,2026-07-29,2028-03-19,950,ESTIMATED,ALL,18 Years,99 Years,Amgen,INDUSTRY,False,DIABETES_PRIMARY_OVERLAP,MISSING_LOCATIONS,DRUG,INJECTABLE,18.0,99.0,2026
NCT05822830,A Study of Tirzepatide (LY3298176) in Participants With Obesity or Overweight With Weight Related Comorbidities,"A Phase 3b, Randomized Controlled Study to Evaluate the Efficacy and Safety of Tirzepatide Compared to Semaglutide in Adults Who Have Obesity or Overweight With Weight Related Comorbidities",COMPLETED,2023-04-21,2024-11-13,751,ACTUAL,ALL,18 Years,,Eli Lilly and Company,INDUSTRY,True,,DIABETES_IN_ELIGIBILITY_ONLY,DRUG,UNKNOWN,18.0,,2023
NCT06501248,Effect of Triticum Aestivum vs Placebo on Metabolic Profile Components and Insulin Sensitivity in Patients With Obesity,Effect of Triticum Aestivum vs Placebo on Metabolic Profile Components and Insulin Sensitivity in Patients With Obesity,UNKNOWN,2022-07-14,2024-12-10,36,ESTIMATED,ALL,30 Years,50 Years,"Coordinación de Investigación en Salud, Mexico",OTHER_GOV,False,NO_OBESITY_TREATMENT_INTENT,,DRUG,UNKNOWN,30.0,50.0,2022
NCT06309992,A Study to Test Whether Survodutide Helps People Living With Obesity or Overweight and With a Confirmed or Presumed Liver Disease Called Non-alcoholic Steatohepatitis (NASH) to Reduce Liver Fat and to Lose Weight (SYNCHRONIZE-MASLD),"Multicentre, Randomised, Double-blind, Placebo-controlled, 48-week, Phase III Trial to Evaluate the Efficacy and Safety of Survodutide Administered Subcutaneously in Participants With Overweight or Obesity and Presumed or Confirmed Nonalcoholic Steatohepatitis (NASH)",COMPLETED,2024-04-02,2025-12-02,218,ACTUAL,ALL,18 Years,,Boehringer Ingelheim,INDUSTRY,False,NO_DRUG_OR_BIOLOGICAL,DIABETES_IN_ELIGIBILITY_ONLY,COMBINATION_PRODUCT,UNKNOWN,18.0,,2024
NCT00146107,"Weight Loss and Exercise in Obese, Physically Limited, Older Women and Men",Weight Loss and Exercise in Frail Obese Elderly Subjects,COMPLETED,2005-01,2010-12,107,ACTUAL,ALL,65 Years,85 Years,Washington University School of Medicine,OTHER,False,NO_DRUG_OR_BIOLOGICAL;OUTSIDE_RECENCY_WINDOW;NON_PHARMACOLOGICAL_PRIMARY_INTENT,,BEHAVIORAL;OTHER,ORAL,65.0,85.0,2005
NCT02672592,Effects of Interleukin-1 Beta on Low Testosterone Levels in Men With Obesity and Metabolic Syndrome,Effects of IL-1 Beta on the Hypothalamic-pituitary-gonadal (HPG) Axis in Men With Obesity and Metabolic Syndrome - The TestIL Trial,COMPLETED,2016-01,2017-06,70,ACTUAL,MALE,18 Years,75 Years,"University Hospital, Basel, Switzerland",OTHER,False,NO_OBESITY_TREATMENT_INTENT,DIABETES_IN_ELIGIBILITY_ONLY,DRUG,UNKNOWN,18.0,75.0,2016
NCT03345771,Antimicrobial Barrier Dressing Versus Closed-incision Negative Pressure Therapy in the Obese Primary Total Joint Arthroplasty,Antimicrobial Barrier Dressing Versus Closed-incision Negative Pressure Therapy in the Obese Primary Total Joint Arthroplasty,COMPLETED,2017-11-13,2021-06-01,230,ACTUAL,ALL,18 Years,100 Years,NYU Langone Health,OTHER,False,NO_DRUG_OR_BIOLOGICAL;NO_OBESITY_TREATMENT_INTENT,,COMBINATION_PRODUCT;DEVICE,UNKNOWN,18.0,100.0,2017
NCT00623844,Prevention Through Activity in Kindergarten Trial,Prevention Through Acitivity in Kindergarten Trial,COMPLETED,2007-05,2008-11,718,ACTUAL,ALL,43 Months,67 Months,University of Wuerzburg,OTHER,False,NO_DRUG_OR_BIOLOGICAL;EXCLUSIVELY_PEDIATRIC;OUTSIDE_RECENCY_WINDOW;NO_OBESITY_TREATMENT_INTENT,MISSING_LOCATIONS,BEHAVIORAL,UNKNOWN,3.5833333333333335,5.583333333333333,2007
NCT03419624,The Potential of Dapagliflozin Plus Exenatide in Obese Insulin-resistant Patients,"A 28-week, Multi-center Randomized, Double-blind, Placebo-controlled Study to Evaluate the Potential of Dapagliflozin Plus Exenatide in Combination With High-dose Intensive Insulin Therapy Compared to Placebo in Obese Insulin-resistant Patients With Type 2 Diabetes Mellitus (Proof-of-concept Study)",TERMINATED,2018-02-19,2019-08-05,13,ACTUAL,ALL,18 Years,75 Years,Universitätsklinikum Hamburg-Eppendorf,OTHER,False,DIABETES_PRIMARY_OVERLAP;NO_OBESITY_TREATMENT_INTENT,,DRUG,MIXED_OR_AMBIGUOUS,18.0,75.0,2018
NCT04520490,Brain Activation and Satiety in Children 2,Brain Systems and Behaviors Underlying Response to Obesity Treatment in Children,ACTIVE_NOT_RECRUITING,2021-01-28,2026-02-12,63,ACTUAL,ALL,10 Years,12 Years,Seattle Children's Hospital,OTHER,False,EXCLUSIVELY_PEDIATRIC;NO_OBESITY_TREATMENT_INTENT,DIABETES_IN_ELIGIBILITY_ONLY,BEHAVIORAL;DRUG,MIXED_OR_AMBIGUOUS,10.0,12.0,2021
NCT04221750,Diet and Exercise Plus Metformin to Treat Frailty in Obese Seniors,Lifestyle Intervention Plus Metformin to Treat Frailty in Older Veterans With Obesity,COMPLETED,2021-05-14,2025-07-31,114,ACTUAL,ALL,65 Years,85 Years,VA Office of Research and Development,FED,False,NO_OBESITY_TREATMENT_INTENT;NON_PHARMACOLOGICAL_PRIMARY_INTENT,DIABETES_IN_ELIGIBILITY_ONLY,BEHAVIORAL;DRUG,ORAL,65.0,85.0,2021
NCT07075146,DOR/TDF/3TC COmpared With BIC/FTC/TAF in ART-Naïve People Living With HIV and Overweight or Obesity,Doravirine/Lamivudine/Tenofovir Disoproxil Fumarate COmpared With Bictegravir/Emtricitabine/Tenofovir Alafenamide in ART-Naïve People Living With HIV and Overweight or Obesity,RECRUITING,2025-05-05,2028-08-01,306,ESTIMATED,ALL,18 Years,70 Years,José Antonio Mata Marín,OTHER_GOV,True,,DIABETES_IN_ELIGIBILITY_ONLY,DRUG,ORAL,18.0,70.0,2025
NCT00478972,Japanese Study With Rimonabant in Obese Type 2 Diabetic Patients on Diet and Exercise,"A Randomized, Double-blind, Placebo-controlled, Parallel-group, Fixed Single-dose Regimen, Multicenter Study to Assess the Efficacy and Safety of SR141716 in Obese Type 2 Diabetic Patients Inadequately Controlled With Diet and Exercise Alone",TERMINATED,2007-04,2009-01,321,ACTUAL,ALL,20 Years,,Sanofi,INDUSTRY,False,OUTSIDE_RECENCY_WINDOW;NO_OBESITY_TREATMENT_INTENT;NON_PHARMACOLOGICAL_PRIMARY_INTENT,DIABETES_IN_ELIGIBILITY_ONLY,DRUG;OTHER,ORAL,20.0,,2007
NCT07037459,Maridebart Cafraglutide in Heart Failure With Preserved or Mildly Reduced Ejection Fraction and Obesity,"A Phase 3 Randomized, Double-blind, Placebo-controlled Study to Evaluate the Efficacy and Safety of Maridebart Cafraglutide on Mortality and Morbidity in Participants Living With Heart Failure With Preserved or Mildly Reduced Ejection Fraction and Obesity (MARITIME-HF)",RECRUITING,2025-06-25,2030-09-29,5056,ESTIMATED,ALL,18 Years,99 Years,Amgen,INDUSTRY,True,,DIABETES_IN_ELIGIBILITY_ONLY,DRUG,UNKNOWN,18.0,99.0,2025
NCT00386061,Rimonabant in Obesity Over a 2-Year Duration (RIO-Europe),"A Randomized, Double-Blind, Placebo-Controlled, Parallel-Group, Fixed-Dose, Multicenter Study of Weight-Reducing Effect and Safety of SR141716 in Obese Patients With or Without Comorbidities (RIO-Europe)",COMPLETED,2001-10,2004-06,1507,ACTUAL,ALL,18 Years,,Sanofi,INDUSTRY,False,OUTSIDE_RECENCY_WINDOW;NO_OBESITY_TREATMENT_INTENT,DIABETES_IN_ELIGIBILITY_ONLY,DRUG,UNKNOWN,18.0,,2001
NCT04447313,"Telephone Delivered Weight Loss, Nutrition, Exercise WeLNES Study","Telephone Delivered Weight Loss, Nutrition, Exercise Study (WeLNES)",ACTIVE_NOT_RECRUITING,2021-03-05,2026-11-09,418,ACTUAL,ALL,18 Years,,Fred Hutchinson Cancer Center,OTHER,False,NO_DRUG_OR_BIOLOGICAL;NON_PHARMACOLOGICAL_PRIMARY_INTENT,DIABETES_IN_ELIGIBILITY_ONLY,BEHAVIORAL;OTHER,UNKNOWN,18.0,,2021
NCT00029861,Obese Patients With or Without Comorbidities (RIO-North America),"A Randomized, Double-Blind, Placebo-Controlled, Parallel-Group, Fixed-Dose, Multicenter Study of Weight-Reducing and Prevention of Weight Regain Effects and Safety in Obese Patients With or Without Comorbidities",COMPLETED,2001-08,2004-04,3045,ACTUAL,ALL,18 Years,,Sanofi,INDUSTRY,False,OUTSIDE_RECENCY_WINDOW,,DRUG,UNKNOWN,18.0,,2001
NCT05093634,EMANATE: A Study of Setmelanotide in Patients With Specific Gene Variants in the MC4R Pathway,"A Phase 3, Randomized, Double-Blind, Placebo-Controlled Trial: Multiple Independent Sub-studies of Setmelanotide in Patients With POMC/PCSK1, LEPR, NCOA1(SRC1), or SH2B1 Gene Variants in the Melanocortin-4 Receptor Pathway",ACTIVE_NOT_RECRUITING,2021-12-10,2026-12-31,296,ACTUAL,ALL,6 Years,65 Years,"Rhythm Pharmaceuticals, Inc.",INDUSTRY,True,,INCLUDES_MINORS_AND_ADULTS,DRUG,INJECTABLE,6.0,65.0,2021
NCT01627925,Safety Study of Positive Airway Pressure Via a Nasal Mask in Obese Patients,Safety Study of Positive Airway Pressure Via a Nasal Mask on Upper Airway Patency During Induction of Anesthesia in Obese Patients,WITHDRAWN,2012-06,2013-06,0,ACTUAL,ALL,18 Years,65 Years,Massachusetts General Hospital,OTHER,False,NO_DRUG_OR_BIOLOGICAL;NO_OBESITY_TREATMENT_INTENT,,DEVICE,UNKNOWN,18.0,65.0,2012
NCT07037433,Evaluating the Impact of Maridebart Cafraglutide on Cardiovascular Outcomes in Participants With Atherosclerotic Cardiovascular Disease and Overweight or Obesity,"A Phase 3 Randomized, Double-blind, Placebo-controlled Study to Evaluate the Impact of Maridebart Cafraglutide on Cardiovascular Outcomes in Participants With Atherosclerotic Cardiovascular Disease and Overweight or Obesity",RECRUITING,2025-07-25,2030-09-29,12800,ESTIMATED,ALL,45 Years,99 Years,Amgen,INDUSTRY,True,,DIABETES_IN_ELIGIBILITY_ONLY,DRUG,UNKNOWN,45.0,99.0,2025
NCT00764270,The Role of R-Alpha Lipoic Acid in the Treatment of Atherosclerotic Vascular Disease,The Role of R-alpha Lipoic Acid in the Treatment of Atherosclerotic Vascular Disease,COMPLETED,2011-08-01,2024-10-01,28,ACTUAL,ALL,50 Years,70 Years,Oregon State University,OTHER,False,NO_DRUG_OR_BIOLOGICAL;NO_OBESITY_TREATMENT_INTENT,,DIETARY_SUPPLEMENT,UNKNOWN,50.0,70.0,2011
NCT00955903,"Calorie Restriction and Changes in Body Composition, Disease, Function, and Quality of Life in Older Adults","Calorie Restriction and Changes in Body Composition, Disease, Function, and Quality of Life in Older Adults",COMPLETED,2010-06,2014-08,167,ACTUAL,ALL,65 Years,,University of Alabama at Birmingham,OTHER,False,NO_DRUG_OR_BIOLOGICAL;NO_OBESITY_TREATMENT_INTENT,DIABETES_IN_ELIGIBILITY_ONLY,BEHAVIORAL,UNKNOWN,65.0,,2010
NCT04678323,Pharmacotherapy for Pediatric Obesity: A Phentermine Clinical Trial,Improving Access to Anti-Obesity Pharmacotherapy for Pediatric Obesity: A Randomized Placebo-Controlled Trial of Phentermine,WITHDRAWN,2022-01,2028-06,0,ACTUAL,ALL,10 Years,17 Years,University of Minnesota,OTHER,False,EXCLUSIVELY_PEDIATRIC,MISSING_LOCATIONS;DIABETES_IN_ELIGIBILITY_ONLY,DRUG,UNKNOWN,10.0,17.0,2022
NCT07503210,AMAZE 12: A Research Study Investigating How Well the Medicine NNC0487-0111 Helps People With Excess Body Weight Maintain Their Weight Loss,Efficacy and Safety of NNC0487-0111 s.c. Once Weekly in Participants With Obesity Who Have Reached Target Dose During run-in Period (AMAZE 12),RECRUITING,2026-04-21,2028-07-04,600,ESTIMATED,ALL,18 Years,,Novo Nordisk A/S,INDUSTRY,True,,DIABETES_IN_ELIGIBILITY_ONLY,DRUG,INJECTABLE,18.0,,2026
NCT01724983,Ketamine in Bariatric Surgery,Effects of Ketamine on Recovery From Bariatric Surgery,UNKNOWN,2012-06,2014-06,90,ESTIMATED,ALL,18 Years,65 Years,University of Padova,OTHER,False,OFF_TARGET_THERAPEUTIC_INTENT;NO_OBESITY_TREATMENT_INTENT;NON_PHARMACOLOGICAL_PRIMARY_INTENT,,DRUG,UNKNOWN,18.0,65.0,2012
NCT05887271,"A Randomised, Controlled Trial of a Low-energy Diet for Improving Functional Status in Heart Failure With PRESERVED Ejection Fraction Preserved Ejection Fraction","A Multi-Ethnic, Multi-centre raNdomised, Controlled Trial of a Low-energy Diet for Improving Functional Status in Heart Failure With PRESERVED Ejection Fraction (AMEND-preserved)",COMPLETED,2023-12-05,2026-06-17,66,ACTUAL,ALL,18 Years,,University of Leicester,OTHER,False,NO_OBESITY_TREATMENT_INTENT;NON_PHARMACOLOGICAL_PRIMARY_INTENT,DIABETES_IN_ELIGIBILITY_ONLY,DIAGNOSTIC_TEST;DRUG;OTHER,INJECTABLE,18.0,,2023
NCT00975533,Gastric Modulator (TANTALUS® System) Versus Insulin Treatment in Obese Type 2 Diabetic Patients - a Randomized Control Trial,A Randomized Study to Evaluate the Efficacy and Acceptability of Laparoscopic Placement of Gastric Modulator (TANTALUS® System) Versus Insulin Treatment in Obese Type 2 Diabetic Patients Sub-optimally Controlled With Oral Anti-diabetic Agents.,UNKNOWN,2009-10,2011-10,24,ESTIMATED,ALL,18 Years,60 Years,Chinese University of Hong Kong,OTHER,False,OUTSIDE_RECENCY_WINDOW;NO_OBESITY_TREATMENT_INTENT,DIABETES_IN_ELIGIBILITY_ONLY,DEVICE;DRUG,UNKNOWN,18.0,60.0,2009
NCT01273584,Metformin in Obese Non-diabetic Pregnant Women,"Does Metformin Improve Pregnancy Outcomes (Incidence of LGA (≥90% Birth Weight Centile) Babies, Onset of Maternal GDM, Hypertension, PET, Macrosomia, Shoulder Dystocia, Admission to SCBU) in Obese Non-diabetic Women?",COMPLETED,2010-10,2015-09,450,ACTUAL,FEMALE,19 Years,50 Years,Epsom and St Helier University Hospitals NHS Trust,OTHER,False,NO_OBESITY_TREATMENT_INTENT,DIABETES_IN_ELIGIBILITY_ONLY,DRUG,ORAL,19.0,50.0,2010
NCT01272232,Effect of Liraglutide on Body Weight in Overweight or Obese Subjects With Type 2 Diabetes: SCALE™ - Diabetes,"Effect of Liraglutide on Body Weight in Overweight or Obese Subjects With Type 2 Diabetes: A 56 Week Randomised, Double-blind, Placebo-controlled, Three Armed Parallel Group, Multi-centre, Multinational Trial With a 12 Week Observational Follow-up Period",COMPLETED,2011-06-01,2013-01-25,846,ACTUAL,ALL,18 Years,,Novo Nordisk A/S,INDUSTRY,False,DIABETES_PRIMARY_OVERLAP,,DRUG,INJECTABLE,18.0,,2011
NCT07220772,"A Study Evaluating Mibavademab Treatment of Obesity Due to Leptin (LEP) Gene Mutations in Children, Adolescents and Adults","An Open-Label Study of Mibavademab (REGN4461), a Leptin Receptor Agonist, for the Treatment of Monogenic Obesity Due to Biallelic Loss of Function Variants of the LEP Gene",RECRUITING,2026-02-09,2028-04-21,4,ESTIMATED,ALL,2 Years,,Regeneron Pharmaceuticals,INDUSTRY,True,,INCLUDES_MINORS_AND_ADULTS,DRUG,UNKNOWN,2.0,,2026
NCT06952712,Aspirin 150 mg vs 100 mg for Prevention of Preeclampsia in High-Risk Obese Pregnant Women,Aspirin 150 mg vs 100 mg for Prevention of Preeclampsia in High-Risk Obese Pregnant Women: A Multicenter Randomized Controlled Trial,NOT_YET_RECRUITING,2025-05-07,2028-05-06,1300,ESTIMATED,FEMALE,18 Years,45 Years,FANG HE,OTHER,False,NO_OBESITY_TREATMENT_INTENT,DIABETES_IN_ELIGIBILITY_ONLY,DRUG,UNKNOWN,18.0,45.0,2025
NCT00589498,Fat Gain and Cardiovascular Disease Mechanisms,Fat Gain and Cardiovascular Disease Mechanisms,COMPLETED,2005-12,2012-12,69,ACTUAL,ALL,18 Years,40 Years,Mayo Clinic,OTHER,False,NO_DRUG_OR_BIOLOGICAL;OUTSIDE_RECENCY_WINDOW;NO_OBESITY_TREATMENT_INTENT,,DIETARY_SUPPLEMENT,UNKNOWN,18.0,40.0,2005
NCT02342899,Cost Effectiveness of Outpatient Set-up of Automated NIV in Obese Patients With Chronic Respiratory Failure,Medium Cost Effectiveness of Automated Non-Invasive Ventilation Outpatient Set Up vs Standard Fixed Level Non-Invasive Ventilation Inpatient Set Up In Obese Patients With Chronic Respiratory Failure,COMPLETED,2015-03-01,2018-10-30,82,ACTUAL,ALL,18 Years,,Guy's and St Thomas' NHS Foundation Trust,OTHER,False,NO_DRUG_OR_BIOLOGICAL;NO_OBESITY_TREATMENT_INTENT,,DEVICE,UNKNOWN,18.0,,2015
NCT02868177,"Effect of Totum-63, Active Ingredient of Valedia, on Glucose and Lipid Homeostasis on Subjects With Prediabetes",Totum-63 Effect on Glucose and Lipid Homeostasis in People With Abdominal Obesity Associated With Impaired Glucose Tolerance or Untreated Type 2 Diabetes and Hypertriglyceridemia,COMPLETED,2016-10,2019-04,66,ACTUAL,ALL,35 Years,75 Years,Valbiotis,INDUSTRY,False,NO_DRUG_OR_BIOLOGICAL;DIABETES_PRIMARY_OVERLAP;NO_OBESITY_TREATMENT_INTENT,,DIETARY_SUPPLEMENT,ORAL,35.0,75.0,2016
NCT00000532,Women's Healthy Lifestyle Project: Cardiovascular Risk Factors and Menopause,,COMPLETED,1992-02,2000-01,,,FEMALE,45 Years,50 Years,"National Heart, Lung, and Blood Institute (NHLBI)",NIH,False,NO_DRUG_OR_BIOLOGICAL;OUTSIDE_RECENCY_WINDOW;NO_OBESITY_TREATMENT_INTENT;NON_PHARMACOLOGICAL_PRIMARY_INTENT,MISSING_LOCATIONS,BEHAVIORAL,UNKNOWN,45.0,50.0,1992
NCT00495599,Adipose Secretory Function in Patients Before & After Laparoscopic Surgery,Adipose Secretory Function in Patients Before & After Laparoscopic Surgery,COMPLETED,2006-03,2009-12,107,ACTUAL,ALL,18 Years,65 Years,Vanderbilt University,OTHER,False,NO_DRUG_OR_BIOLOGICAL;OUTSIDE_RECENCY_WINDOW;NO_OBESITY_TREATMENT_INTENT;NON_PHARMACOLOGICAL_PRIMARY_INTENT,,PROCEDURE,UNKNOWN,18.0,65.0,2006
NCT01905956,Safety and Efficacy of IQP- AK-102 in Reducing Body Weight,"Double-blind, Randomized, Placebo-controlled, Bicentric Clinical Investigation to Evaluate Safety and Efficacy of IQP- AK-102 in Reducing Body Weight in Overweight and Obese Subjects",COMPLETED,2013-07,2014-07,119,ACTUAL,ALL,18 Years,65 Years,InQpharm Group,INDUSTRY,False,NO_DRUG_OR_BIOLOGICAL,,DIETARY_SUPPLEMENT,ORAL,18.0,65.0,2013
NCT04800172,The Possible Effects of Roflumilast on Obesity Related Disorders,The Possible Effects of Roflumilast on Obesity Related Disorders,COMPLETED,2021-05-01,2022-03-31,66,ACTUAL,ALL,25 Years,65 Years,Tanta University,OTHER,False,NO_OBESITY_TREATMENT_INTENT,,DRUG,ORAL,25.0,65.0,2021
NCT00929812,Glucagon Modulation of Ghrelin Secretion,The Mechanisms Underlying the Glucagon-Induced Suppression of Ghrelin Secretion,UNKNOWN,2006-06,2009-12,38,ACTUAL,ALL,18 Years,60 Years,"Charite University, Berlin, Germany",OTHER,False,OUTSIDE_RECENCY_WINDOW;NO_OBESITY_TREATMENT_INTENT,DIABETES_IN_ELIGIBILITY_ONLY,DRUG,UNKNOWN,18.0,60.0,2006
NCT00989339,"Effects of Intralipid Versus Olive Oil Infusions on Endothelial Function, Immune Function, Inflammatory Markers","Effects of Intralipid and Olive Oil Infusion on Endothelial Function, Inflammatory Markers, Oxidative Stress, Immune Function, Autonomic Nervous System, Insulin Sensitivity and Carbohydrate Metabolism",WITHDRAWN,2009-11,2011-12,0,ACTUAL,ALL,18 Years,65 Years,Emory University,OTHER,False,OUTSIDE_RECENCY_WINDOW;OFF_TARGET_THERAPEUTIC_INTENT;NO_OBESITY_TREATMENT_INTENT,MISSING_LOCATIONS;DIABETES_IN_ELIGIBILITY_ONLY,DRUG,UNKNOWN,18.0,65.0,2009
NCT00553787,Study of VI-0521 Compared to Placebo in Treatment of Diabetes and Obesity in Adults With Obesity-Related Co-Morbid Conditions,"A Phase III Randomized, Double-Blind, Placebo Controlled Multicenter Study to Determine the Safety and Efficacy of VI-0521 in the Treatment of Obesity in Adults With Obesity-Related Co-Morbid Conditions",COMPLETED,2007-11,2009-06,2487,ACTUAL,ALL,18 Years,70 Years,VIVUS LLC,INDUSTRY,False,OUTSIDE_RECENCY_WINDOW,DIABETES_IN_ELIGIBILITY_ONLY,DRUG,UNKNOWN,18.0,70.0,2007
NCT05788965,Semaglutide in CFRD,Efficacy and Safety of GLP-1 Agonist Therapy in Overweight and Obese Subjects With Cystic Fibrosis-related Diabetes: a Pilot Study,COMPLETED,2023-10-16,2024-12-31,8,ACTUAL,ALL,18 Years,,University of Minnesota,OTHER,True,,,DRUG,UNKNOWN,18.0,,2023
NCT00679653,Blood Pressure and Weight Trajectory on a Dual Antihypertensive Combination Plus Sibutramine Versus Placebo in Obese Hypertensives,Blood Pressure and Weight Trajectory on a Dual Antihypertensive Combination Plus Sibutramine Versus Placebo in Obese Hypertensives,COMPLETED,2002-02,,171,ACTUAL,ALL,20 Years,65 Years,Abbott,INDUSTRY,False,OUTSIDE_RECENCY_WINDOW;NO_OBESITY_TREATMENT_INTENT,MISSING_LOCATIONS,DRUG,ORAL,20.0,65.0,2002
NCT07734311,A Study of Econoglutide Injection in Obese Participants With Knee Osteoarthritis (KOA),"A Multicenter, Randomized, Double-blind, Placebo-controlled Phase III Study to Evaluate the Efficacy and Safety of Ecnoglutide Injection in Obese Participants With Knee Osteoarthritis (KOA)",NOT_YET_RECRUITING,2026-07-31,2028-06-30,360,ESTIMATED,ALL,18 Years,75 Years,"Hangzhou Sciwind Biosciences Co., Ltd.",INDUSTRY,False,NO_OBESITY_TREATMENT_INTENT,DIABETES_IN_ELIGIBILITY_ONLY,DRUG,INJECTABLE,18.0,75.0,2026
NCT00449605,A Glycemic Control Evaluation of Glimepiride Versus Rimonabant on Top of Metformin in Type 2 Diabetes,"A Randomized, Double-Blind, Parallel-Group, Multicenter, Multinational Study to Assess Glycemic Control With Rimonabant in Comparison With Glimepiride Over 1 Year in Overweight/Obese Type2 Diabetic Patients Not Adequately Controlled With Metformin",TERMINATED,2007-03,2009-03,508,ACTUAL,ALL,18 Years,,Sanofi,INDUSTRY,False,OUTSIDE_RECENCY_WINDOW;DIABETES_PRIMARY_OVERLAP;NO_OBESITY_TREATMENT_INTENT,,DRUG,ORAL,18.0,,2007
NCT00678483,Long-Term Effect of 10 mg Versus 20 mg Rimonabant in Overweight or Obese Patients,"A Randomized, Double-Blind, Parallel-Group, Multicenter, Multinational Study to Assess the Long-Term Effect, Over 1 Year, of Rimonabant 10 mg in Comparison With Rimonabant 20 mg After an Initial Treatment Period of 6 Months With Rimonabant 20 mg in Overweight or Obese Patients",TERMINATED,2008-04,2009-02,331,ACTUAL,ALL,18 Years,,Sanofi,INDUSTRY,False,OUTSIDE_RECENCY_WINDOW,DIABETES_IN_ELIGIBILITY_ONLY,DRUG,UNKNOWN,18.0,,2008
NCT05409612,Trial Assessing the Immunogenicity and Safety of Two Influenza Vaccine Strategies Among Severe Obese Adult Patients,"Multicenter, Randomized, Open, Phase III, Trial Assessing the Immunogenicity and Safety of Two Influenza Vaccine Strategies Among Severe Obese Adult Patients",COMPLETED,2022-11-07,2023-10-03,206,ACTUAL,ALL,18 Years,75 Years,Assistance Publique - Hôpitaux de Paris,OTHER,False,NO_OBESITY_TREATMENT_INTENT,,BIOLOGICAL,INJECTABLE,18.0,75.0,2022
NCT02516475,"Effects of Zinc Supplementation on Anthropometric Factors, Apelin and Inflammatory Markers in Obese Individuals","Effects of Zinc Supplementation on Weight, Body Mass Index (BMI), Waist Circumference, Fat Mass and Lean Mass, Apelin and Inflammatory Markers in Obese Individuals",COMPLETED,2014-10,2015-06,50,ACTUAL,ALL,18 Years,45 Years,National Nutrition and Food Technology Institute,OTHER,False,NO_DRUG_OR_BIOLOGICAL;NO_OBESITY_TREATMENT_INTENT,MISSING_LOCATIONS;DIABETES_IN_ELIGIBILITY_ONLY,DIETARY_SUPPLEMENT;OTHER,ORAL,18.0,45.0,2014
NCT04525300,Gut Microbiome Changes Following Liraglutide Treatment in Obese Subjects or Overweight Subjects With Co-morbidities,"Changes of Gut Microbiome Following Liraglutide Treatment in Non-diabetic Obese Subjects or Overweight Subjects With Co-morbidities: A Randomised, Double-blind, Placebo Controlled, Parallel Group, Multi-centre, 28-week Trial",UNKNOWN,2020-05-24,2022-06,300,ESTIMATED,ALL,18 Years,75 Years,Xiangya Hospital of Central South University,OTHER,True,,DIABETES_IN_ELIGIBILITY_ONLY,DRUG,INJECTABLE,18.0,75.0,2020
NCT06914895,A Study of Tirzepatide (LY3298176) Compared With Placebo in Adults With Type 1 Diabetes and Obesity or Overweight,"A Phase 3, Multicenter, Randomized, Double-Blind, Placebo-Controlled, Parallel-Group Study Evaluating the Efficacy and Safety of Tirzepatide Once Weekly Compared to Placebo in Adult Participants With Type 1 Diabetes and Obesity or Overweight",ACTIVE_NOT_RECRUITING,2025-04-25,2026-12,905,ESTIMATED,ALL,18 Years,,Eli Lilly and Company,INDUSTRY,False,DIABETES_PRIMARY_OVERLAP,,DRUG,UNKNOWN,18.0,,2025
NCT00520182,Dietary Interventions in Type 2 Obese Diabetic Patients in the Community,Community Trial to Assess the Effect of Nutritional Intervention Models on Medical Outcomes Among Obese Type 2 Diabetic Patients,UNKNOWN,2004-03,2008-02,259,ACTUAL,ALL,30 Years,65 Years,Ben-Gurion University of the Negev,OTHER,False,NO_DRUG_OR_BIOLOGICAL;OUTSIDE_RECENCY_WINDOW;NO_OBESITY_TREATMENT_INTENT;NON_PHARMACOLOGICAL_PRIMARY_INTENT,DIABETES_IN_ELIGIBILITY_ONLY,BEHAVIORAL,UNKNOWN,30.0,65.0,2004
NCT07284901,Efficacy and Safety of Ribupatide Administered Once Weekly in Participants Living With Obesity or Overweight and Diabetes,"A Phase 3, Randomized, Double-Blind, Placebo-Controlled Study to Evaluate the Efficacy and Safety of KAI-9531 Administered Once Weekly in Participants Living With Obesity or Overweight and Diabetes",RECRUITING,2026-01-12,2028-04-24,1156,ESTIMATED,ALL,18 Years,,Kailera,INDUSTRY,True,,DIABETES_IN_ELIGIBILITY_ONLY,DRUG,INJECTABLE,18.0,,2026
NCT07567001,A Research Study to Look at How Well NNC0487-0111 Works Compared to Placebo in People With Heart Failure and Obesity,Efficacy and Safety of NNC0487-0111 Compared to Placebo on Morbidity and Mortality in People With Heart Failure With Preserved or Mildly Reduced Ejection Fraction and Obesity,RECRUITING,2026-05-11,2029-08-15,5610,ESTIMATED,ALL,18 Years,,Novo Nordisk A/S,INDUSTRY,False,NO_OBESITY_TREATMENT_INTENT,DIABETES_IN_ELIGIBILITY_ONLY,DRUG,INJECTABLE,18.0,,2026
NCT02367105,Lifestyle Intervention and Testosterone Replacement in Obese Seniors,Testosterone Replacement to Augment Lifestyle Therapy in Obese Older Veterans,COMPLETED,2015-02-01,2019-12-31,83,ACTUAL,MALE,65 Years,85 Years,VA Office of Research and Development,FED,False,NO_OBESITY_TREATMENT_INTENT;NON_PHARMACOLOGICAL_PRIMARY_INTENT,DIABETES_IN_ELIGIBILITY_ONLY,DRUG;OTHER,ORAL,65.0,85.0,2015
NCT05394519,A Research Study to See How Well CagriSema Helps People With Type 2 Diabetes and Excess Body Weight Lose Weight,Efficacy and Safety of Cagrilintide s.c. 2.4 mg in Combination With Semaglutide s.c. 2.4 mg (CagriSema s.c. 2.4 mg/2.4 mg) Once-weekly in Participants With Overweight or Obesity and Type 2 Diabetes,COMPLETED,2023-02-01,2025-02-03,1200,ACTUAL,ALL,18 Years,,Novo Nordisk A/S,INDUSTRY,False,DIABETES_PRIMARY_OVERLAP,,DRUG,INJECTABLE,18.0,,2023
NCT01934777,"Efficacy and Tolerance of Treatment With DHA, Choline and Vitamin E in Children With Non-alcoholic Steatohepatitis","Study of Efficacy and Tolerance of Treatment With DHA, Choline and Vitamin E in Children With Non-alcoholic Steatohepatitis",COMPLETED,2013-10,2015-07,60,ACTUAL,ALL,4 Years,16 Years,Bambino Gesù Hospital and Research Institute,OTHER,False,EXCLUSIVELY_PEDIATRIC;NO_OBESITY_TREATMENT_INTENT,,DRUG,UNKNOWN,4.0,16.0,2013
NCT05482672,"GetHealthy-OA: A Program to Improve Pain and Function for Patients With Knee Osteoarthritis, Obesity, and Depression","GetHealthy-OA: A Biopsychosocial Treatment Approach to Improve Pain and Function for Patients With Comorbid Knee Osteoarthritis, Obesity, and Depression",WITHDRAWN,2023-04,2023-04,0,ACTUAL,ALL,40 Years,,"Cale Andrew Jacobs, PhD",OTHER,False,NO_OBESITY_TREATMENT_INTENT,DIABETES_IN_ELIGIBILITY_ONLY,BEHAVIORAL;DRUG,ORAL,40.0,,2023
NCT00478595,Japanese Study With Rimonabant in Obese Type 2 Diabetic Patients With Oral Anti-diabetic Drug,"A Randomized, Double-blind, Placebo-controlled, Parallel-group, Multicenter Study to Assess the Efficacy and Safety of SR141716 in Obese Type 2 Diabetic Patients on Monotherapy Inadequately Controlled With Oral Anti-diabetic Drug",TERMINATED,2007-04,2009-02,458,ACTUAL,ALL,20 Years,,Sanofi,INDUSTRY,False,OUTSIDE_RECENCY_WINDOW;NO_OBESITY_TREATMENT_INTENT,DIABETES_IN_ELIGIBILITY_ONLY,DRUG,ORAL,20.0,,2007
NCT02157974,Liver and Fat Regulation in Overweight Adolescent Girls,Assessment of Hepatic Glucose and Fat Regulation in Overweight Adolescent Girls,COMPLETED,2014-08,2022-12,92,ACTUAL,FEMALE,12 Years,21 Years,"University of Colorado, Denver",OTHER,False,NO_OBESITY_TREATMENT_INTENT,INCLUDES_MINORS_AND_ADULTS;DIABETES_IN_ELIGIBILITY_ONLY,DRUG,INJECTABLE,12.0,21.0,2014
NCT01764113,Effect of Mindful Eating on Body Mass Index in Obese Adolescents,Effect of Mindful Eating on Body Mass Index and Cardiovascular Risk Markers in Obese Adolescents: A Pilot Randomized Clinical Trial,COMPLETED,2012-12,2013-12,21,ACTUAL,ALL,14 Years,,Mayo Clinic,OTHER,False,NO_DRUG_OR_BIOLOGICAL;NO_OBESITY_TREATMENT_INTENT,INCLUDES_MINORS_AND_ADULTS,BEHAVIORAL,ORAL,14.0,,2012
NCT00383058,The Extract of Green Tea on Obese Women: a Randomized Double Blindness Clinical Trial,The Extract of Green Tea on Obese Women: a Randomized Double Blindness Clinical Trial,COMPLETED,2006-09,2007-06,100,,FEMALE,16 Years,60 Years,Taipei City Hospital,OTHER_GOV,False,OUTSIDE_RECENCY_WINDOW;NO_OBESITY_TREATMENT_INTENT,INCLUDES_MINORS_AND_ADULTS,DRUG,UNKNOWN,16.0,60.0,2006
NCT02140697,Efficacy and Safety of Hippophae Rhamnoides L. Leaf Extract on Body Fat,,COMPLETED,2014-05,2014-12,80,ACTUAL,ALL,19 Years,65 Years,Chonbuk National University Hospital,OTHER,False,NO_DRUG_OR_BIOLOGICAL;NO_OBESITY_TREATMENT_INTENT,,DIETARY_SUPPLEMENT,UNKNOWN,19.0,65.0,2014
NCT00131404,A Two Year Safety and Efficacy Study in Obese Patients (0364-015)(TERMINATED),"A 2-Year Study to Assess the Efficacy, Safety, and Tolerability of Taranabant in Obese Patients Followed by a 1-Year Extension",TERMINATED,2005-09,2008-12,2400,ACTUAL,ALL,18 Years,,Merck Sharp & Dohme LLC,INDUSTRY,False,OUTSIDE_RECENCY_WINDOW;NO_OBESITY_TREATMENT_INTENT,MISSING_LOCATIONS,DRUG,ORAL,18.0,,2005
NCT07670884,A Clinical Study to Evaluate the Efficacy and Safety of HRS9531 Tablets in Overweight or Obese Subjects,"A Multicenter, Randomized, Double-Blind, Placebo-Controlled, Parallel-Group Phase III Clinical Study to Evaluate the Efficacy and Safety of HRS9531 Tablets in Overweight or Obese Subjects",RECRUITING,2026-07-17,2027-11-30,675,ESTIMATED,ALL,18 Years,75 Years,"Fujian Shengdi Pharmaceutical Co., Ltd.",INDUSTRY,True,,DIABETES_IN_ELIGIBILITY_ONLY,DRUG,ORAL,18.0,75.0,2026
NCT01334125,Adjunctive Metformin Therapy in Double Diabetes,Glycemic Control in Children and Adolescents With Double Diabetes: Trial of Optimized Insulin-Metformin Regimen,COMPLETED,2011-02,2014-12,28,ACTUAL,ALL,10 Years,20 Years,"University of Massachusetts, Worcester",OTHER,False,NO_OBESITY_TREATMENT_INTENT,INCLUDES_MINORS_AND_ADULTS;DIABETES_IN_ELIGIBILITY_ONLY,DRUG,ORAL,10.0,20.0,2011
NCT01028976,"Obesity, Inflammation and Oxidative Stress","Obesity, Inflammation and Oxidative Stress",COMPLETED,2010-01,2012-07,512,ACTUAL,ALL,18 Years,,"University of California, Berkeley",OTHER,False,NO_DRUG_OR_BIOLOGICAL;NO_OBESITY_TREATMENT_INTENT,,DIETARY_SUPPLEMENT,ORAL,18.0,,2010
NCT00872378,The Effects of Exenatide After Gastric Restriction,A Pilot Study of the Effects of BYETTA® (Exenatide) on Weight Loss in Morbidly Obese Non Diabetic Patients Following Adjustable Gastric Banding,UNKNOWN,2009-02,2010-12,28,ESTIMATED,ALL,18 Years,,Advanced Specialty Care,OTHER,False,OUTSIDE_RECENCY_WINDOW,DIABETES_IN_ELIGIBILITY_ONLY,DRUG,UNKNOWN,18.0,,2009
NCT02410668,The Effects of Flaxseed Supplement on Weight and Biochemical Factors in Overweight and Obese Subject,"The Effects of Flaxseed Supplement on Weight, Lipid Profile and Inflammatory Factors in Overweight and Obese Subjects",COMPLETED,2014-03,2015-01,50,ACTUAL,ALL,18 Years,70 Years,National Nutrition and Food Technology Institute,OTHER,False,NO_DRUG_OR_BIOLOGICAL,MISSING_LOCATIONS;DIABETES_IN_ELIGIBILITY_ONLY,BEHAVIORAL;DIETARY_SUPPLEMENT,UNKNOWN,18.0,70.0,2014
NCT00210808,A Study of the Effectiveness and Safety of Topiramate in the Treatment of Moderate to Severe Binge-eating Disorder Associated With Obesity,"A Multicenter, Randomized, Double-blind, Placebo-controlled, Flexible-dose Study to Assess the Safety and Efficacy of Topiramate in the Treatment of Moderate to Severe Binge-eating Disorder Associated With Obesity",COMPLETED,2003-09,2005-03,407,ACTUAL,ALL,18 Years,65 Years,"Johnson & Johnson Pharmaceutical Research & Development, L.L.C.",INDUSTRY,False,OUTSIDE_RECENCY_WINDOW,MISSING_LOCATIONS;DIABETES_IN_ELIGIBILITY_ONLY,DRUG,UNKNOWN,18.0,65.0,2003
NCT05872932,Outcome of Combined Botulinum Toxin A Injection and Gastric Balloon Implantation in Obesity Treatment,Outcome of Combined Botulinum Toxin A Injection and Gastric Balloon Implantation in Obesity Treatment,COMPLETED,2023-12-30,2024-12-30,131,ACTUAL,ALL,18 Years,65 Years,Sebahattin Celik MD,OTHER,False,NO_DRUG_OR_BIOLOGICAL;NO_OBESITY_TREATMENT_INTENT,,PROCEDURE,INJECTABLE,18.0,65.0,2023
NCT06548100,A Study of the Safety of Mibavademab in Pediatric and Adult Participants Switching From Metreleptin to Mibavademab for the Treatment of Generalized Lipodystrophy (GLD),"A Single-Arm, Open-Label, Safety Study in Patients With Generalized Lipodystrophy Switching From Metreleptin to Mibavademab, A Leptin Receptor Agonist Antibody",COMPLETED,2024-12-16,2026-07-09,9,ACTUAL,ALL,2 Years,,Regeneron Pharmaceuticals,INDUSTRY,False,NO_OBESITY_TREATMENT_INTENT,INCLUDES_MINORS_AND_ADULTS;DIABETES_IN_ELIGIBILITY_ONLY,DRUG,INJECTABLE,2.0,,2024
NCT01109199,Effects of a Dietary Fibre Supplementation of a Low Calorie Diet on Appetite and Body Weight,"A Randomized, Double Blind, Placebo Controlled Trial Evaluating the Effects of a High Viscosity Dietary Fibre (PGX) Supplementation of a Low Calorie Diet on Appetite and Body Weight, in Overweight and Moderately Obese Females",COMPLETED,2010-08,2011-04,20,ACTUAL,FEMALE,20 Years,55 Years,Canadian Center for Functional Medicine,OTHER,False,NO_DRUG_OR_BIOLOGICAL;NO_OBESITY_TREATMENT_INTENT;NON_PHARMACOLOGICAL_PRIMARY_INTENT,DIABETES_IN_ELIGIBILITY_ONLY,DIETARY_SUPPLEMENT,UNKNOWN,20.0,55.0,2010
NCT06125587,Chiglitazar/Metformin in Non-obese Women With PCOS,Chiglitazar Versus Metformin for Insulin Resistance in Non-obese Patients With Polycystic Ovary Syndrome,COMPLETED,2023-11-15,2024-11-20,55,ACTUAL,FEMALE,18 Years,45 Years,Shengjing Hospital,OTHER,False,OFF_TARGET_THERAPEUTIC_INTENT;NO_OBESITY_TREATMENT_INTENT,DIABETES_IN_ELIGIBILITY_ONLY,DRUG,UNKNOWN,18.0,45.0,2023
NCT02356016,"Effects of Whole-body Electromyostimulation and Dietary Supplements on ""Sarcopenic Obesity""","Effects of Whole-body Electromyostimulation and Dietary Supplements on ""Sarcopenic Obesity"" in Elderly Females Living in the Community",COMPLETED,2013-08,2016-05,75,ACTUAL,FEMALE,70 Years,,University of Erlangen-Nürnberg Medical School,OTHER,False,NO_DRUG_OR_BIOLOGICAL;NO_OBESITY_TREATMENT_INTENT;NON_PHARMACOLOGICAL_PRIMARY_INTENT,MISSING_LOCATIONS,BEHAVIORAL;OTHER,UNKNOWN,70.0,,2013
NCT02432209,Improving Reproductive Fitness Through Pretreatment With Lifestyle Modification in Obese Women With Unexplained Infertility,Improving Reproductive Fitness Through Pretreatment With Lifestyle Modification in Obese Women With Unexplained Infertility,COMPLETED,2015-08,2020-05,379,ACTUAL,FEMALE,18 Years,40 Years,Yale University,OTHER,False,NON_PHARMACOLOGICAL_PRIMARY_INTENT,DIABETES_IN_ELIGIBILITY_ONLY,DRUG;OTHER,UNKNOWN,18.0,40.0,2015
NCT03651765,Long Term Extension Trial of Setmelanotide,Long Term Extension Trial of Setmelanotide (RM-493) for Patients Who Have Completed a Trial of Setmelanotide for the Treatment of Obesity Associated With Genetic Defects Upstream of the MC4 Receptor in the Leptin-melanocortin Pathway,COMPLETED,2018-07-15,2025-01-09,205,ACTUAL,ALL,2 Years,,"Rhythm Pharmaceuticals, Inc.",INDUSTRY,True,,INCLUDES_MINORS_AND_ADULTS,DRUG,INJECTABLE,2.0,,2018
NCT01613664,Efficiency of TISSEEL for Sleeve Gastrectomy Complications,"Randomized Prospective Clinical Study Evaluating the Usefulness of Fibrin Glue (TISSEEL® KIT) to Prevent Gastric Fistula, Intra Abdominal Haemorrhage and Intra Abdominal Loco Regional Collections After Laparoscopic Sleeve Gastrectomy",COMPLETED,2014-02,2018-05-15,597,ACTUAL,ALL,18 Years,60 Years,"Centre Hospitalier Universitaire, Amiens",OTHER,False,NO_OBESITY_TREATMENT_INTENT,,DRUG;OTHER,UNKNOWN,18.0,60.0,2014
NCT05869903,A Study of Orforglipron (LY3502970) in Adult Participants With Obesity or Overweight With Weight-Related Comorbidities,"A Phase 3, Randomized, Double-Blind Study to Investigate the Efficacy and Safety of Once-Daily Oral Orforglipron Compared With Placebo in Adult Participants With Obesity or Overweight With Weight-Related Comorbidities (ATTAIN-1)",ACTIVE_NOT_RECRUITING,2023-06-05,2027-10,3127,ACTUAL,ALL,18 Years,,Eli Lilly and Company,INDUSTRY,True,,DIABETES_IN_ELIGIBILITY_ONLY,DRUG,ORAL,18.0,,2023
NCT05620641,Ondansetron and Gabapentin in Preventing Postoperative Nausea and Vomiting After Laparoscopic Sleeve Gastrectomy,Comparative Clinical Study Among Ondansetron and Gabapentin in Preventing Postoperative Nausea and Vomiting After Laparoscopic Sleeve Gastrectomy,COMPLETED,2022-10-01,2025-04-01,100,ACTUAL,ALL,18 Years,60 Years,Tanta University,OTHER,False,NO_OBESITY_TREATMENT_INTENT,DIABETES_IN_ELIGIBILITY_ONLY,DRUG,ORAL,18.0,60.0,2022
NCT00434096,Japanese Study of Rimonabant in Obese Patients With Dyslipidemia (VENUS),"A Randomized Double-blind, Placebo-controlled, Parallel-group, Fixed Single-dose Regimen (SR141716 20 mg), Multicenter Study to Assess the Efficacy and Safety of SR141716 in Obese Patients With Dyslipidemia.",TERMINATED,2007-02,2009-02,915,ACTUAL,ALL,20 Years,,Sanofi,INDUSTRY,False,OUTSIDE_RECENCY_WINDOW;NO_OBESITY_TREATMENT_INTENT,DIABETES_IN_ELIGIBILITY_ONLY,DRUG,ORAL,20.0,,2007
NCT04074161,Research Study to Investigate How Well Semaglutide Works Compared to Liraglutide in People Living With Overweight or Obesity,Effect and Safety of Subcutaneous Semaglutide 2.4 mg Once Weekly Compared to Liraglutide 3.0 mg Once Daily on Weight Management in Subjects With Overweight or Obesity,COMPLETED,2019-09-11,2021-05-11,338,ACTUAL,ALL,18 Years,,Novo Nordisk A/S,INDUSTRY,True,,DIABETES_IN_ELIGIBILITY_ONLY,DRUG,UNKNOWN,18.0,,2019
NCT07225686,Maridebart Cafraglutide Versus Placebo in Adult Participants With Obstructive Sleep Apnea on Positive Airway Pressure Therapy,"A Phase 3 Randomized, Double-blind, Placebo-controlled Study to Evaluate the Efficacy, Safety, and Tolerability of Maridebart Cafraglutide in Adult Participants With Obstructive Sleep Apnea on Positive Airway Pressure Therapy and Living With Overweight or Obesity",RECRUITING,2025-12-19,2028-09-13,250,ESTIMATED,ALL,18 Years,99 Years,Amgen,INDUSTRY,True,,,DRUG,INJECTABLE,18.0,99.0,2025
NCT04966741,Setmelanotide in Pediatric Participants With Rare Genetic Diseases of Obesity,"A Phase 3 Multi-Center, 1-Year, Open-Label Study of Setmelanotide in Pediatric Patients Aged 2 to <6 Years of Age With Rare Genetic Causes of Obesity",COMPLETED,2022-03-08,2024-11-08,12,ACTUAL,ALL,2 Years,5 Years,"Rhythm Pharmaceuticals, Inc.",INDUSTRY,False,EXCLUSIVELY_PEDIATRIC,,DRUG,INJECTABLE,2.0,5.0,2022
NCT01402128,Efficacy and Safety of Fermented Barley on Decrement of Body Fat in Obese Subjects,The Effect of Barley Beta-glucan on Serum Lipids and Body Weight,COMPLETED,2010-06,2011-05,80,ACTUAL,ALL,19 Years,70 Years,Chonbuk National University Hospital,OTHER,False,NO_DRUG_OR_BIOLOGICAL;NO_OBESITY_TREATMENT_INTENT,,DIETARY_SUPPLEMENT,UNKNOWN,19.0,70.0,2010
NCT00486941,Lifestyle Intervention in Primary Health Care - the Björknäs Study,A Randomized Trial of Lifestyle Intervention in Primary Health Care for the Modification of Cardiovascular Risk Factors - the Björknäs Study,COMPLETED,2003-02,2006-03,151,ACTUAL,ALL,18 Years,65 Years,Umeå University,OTHER,False,NO_DRUG_OR_BIOLOGICAL;OUTSIDE_RECENCY_WINDOW;NO_OBESITY_TREATMENT_INTENT;NON_PHARMACOLOGICAL_PRIMARY_INTENT,DIABETES_IN_ELIGIBILITY_ONLY,BEHAVIORAL,UNKNOWN,18.0,65.0,2003
NCT01629394,Comparative Study of Sugammadex Versus Neostigmine for Reversal of Neuromuscular Blockade in Morbidly Obese Patients,Comparative Study of Sugammadex Versus Neostigmine for Reversal of Neuromuscular Blockade in Morbidly Obese Patients Undergoing Weight Loss Surgery.Use of Acceleromyography Monitoring in Adductor Pollicis and Corrugator Supercilii.,UNKNOWN,2012-01,2012-11,120,ESTIMATED,ALL,18 Years,60 Years,University of Patras,OTHER,False,OFF_TARGET_THERAPEUTIC_INTENT;NON_PHARMACOLOGICAL_PRIMARY_INTENT,,DRUG,UNKNOWN,18.0,60.0,2012
NCT02412631,Addressing Post Cessation Weight Gain,Varenicline and Lorcaserin for Smoking Cessation and Weight Gain Prevention,TERMINATED,2016-06-15,2020-04-17,84,ACTUAL,ALL,18 Years,65 Years,Mayo Clinic,OTHER,False,NO_OBESITY_TREATMENT_INTENT,DIABETES_IN_ELIGIBILITY_ONLY,DRUG,UNKNOWN,18.0,65.0,2016
NCT01353066,Gastric Bypass Versus Best Medical Treatment on Progression of Carotid-intima Media Thickness in Type 2 Diabetes Mellitus (T2DM),"Multicenter Randomized Prospective Trial on the Effects of Intensive Medical Treatment of Type 2 Diabetes With and Without Roux-in-Y Gastric Bypass Surgery on Carotid Intima Media Thickness in Grade I Obesity (BMI 30,0-34,9 kg/m2)",UNKNOWN,,,240,ESTIMATED,ALL,35 Years,65 Years,Hospital Clinic of Barcelona,OTHER,False,OUTSIDE_RECENCY_WINDOW;DIABETES_PRIMARY_OVERLAP;OFF_TARGET_THERAPEUTIC_INTENT;NO_OBESITY_TREATMENT_INTENT;NON_PHARMACOLOGICAL_PRIMARY_INTENT,,DRUG;OTHER,UNKNOWN,35.0,65.0,
NCT02183935,Treatment of Morbidly Obese Adolescent With a Duodena-jejunal Liner,Treatment of Morbidly Obese Adolescent With a Duodena-jejunal Liner - a Study on Efficacy and Pathophysiologic Mechanisms,COMPLETED,2014-07,2018-12-20,22,ACTUAL,ALL,16 Years,20 Years,University Medical Centre Ljubljana,OTHER,False,NO_DRUG_OR_BIOLOGICAL;NO_OBESITY_TREATMENT_INTENT,INCLUDES_MINORS_AND_ADULTS,DEVICE,UNKNOWN,16.0,20.0,2014
NCT00029835,Obese Patients With Untreated Dyslipidemias,"A Randomized, Double-Blind, Placebo-Controlled, Parallel-Group, Fixed-Dose, Multi-Center Study of Weight-Reducing Effect and Safety in Obese Patients With Untreated Dyslipidemias",COMPLETED,2001-09,2003-11,1033,ACTUAL,ALL,18 Years,70 Years,Sanofi,INDUSTRY,False,OUTSIDE_RECENCY_WINDOW;NO_OBESITY_TREATMENT_INTENT,,DRUG,UNKNOWN,18.0,70.0,2001
NCT00868543,Long or Very Long-Limb Gastric Bypass in Superobese,Long or Very Long-Limb Gastric Bypass in Superobese,UNKNOWN,2008-07,2015-12,150,ESTIMATED,ALL,18 Years,65 Years,Kaunas University of Medicine,OTHER,False,NO_DRUG_OR_BIOLOGICAL;OUTSIDE_RECENCY_WINDOW;OFF_TARGET_THERAPEUTIC_INTENT;NO_OBESITY_TREATMENT_INTENT,,PROCEDURE,UNKNOWN,18.0,65.0,2008
NCT04651218,Behavioral Mechanism of Energy Compensation With Exercise,"Food Reinforcement, Attentional Bias, and Inhibitory Control as Mechanisms of Energy Compensation With Exercise",COMPLETED,2021-02-09,2022-12-07,32,ACTUAL,ALL,18 Years,45 Years,Kyle Flack,OTHER,False,NO_DRUG_OR_BIOLOGICAL;NO_OBESITY_TREATMENT_INTENT;NON_PHARMACOLOGICAL_PRIMARY_INTENT,,BEHAVIORAL,UNKNOWN,18.0,45.0,2021
NCT00545805,Surgical Removal of Visceral Fat Tissue (Omentectomy) Associated to Bariatric Surgery: Effects on Insulin Sensitivity,Effects of the Surgical Removal of Visceral Fat Tissue (Omentectomy) on Insulin Sensitivity in Grade III Obese Volunteers Subjected to Bariatric Surgery,COMPLETED,2005-10,2009-06,20,ACTUAL,FEMALE,18 Years,50 Years,"University of Campinas, Brazil",OTHER,False,NO_DRUG_OR_BIOLOGICAL;OUTSIDE_RECENCY_WINDOW;OFF_TARGET_THERAPEUTIC_INTENT;NO_OBESITY_TREATMENT_INTENT;NON_PHARMACOLOGICAL_PRIMARY_INTENT,,PROCEDURE,UNKNOWN,18.0,50.0,2005
NCT06597474,Food-Body-Mind Intervention (16 Weeks),Food-Body-Mind Intervention: Promote Whole Child Health,RECRUITING,2024-08-14,2028-07-31,800,ESTIMATED,ALL,3 Years,5 Years,Michigan State University,OTHER,False,NO_DRUG_OR_BIOLOGICAL;EXCLUSIVELY_PEDIATRIC;NO_OBESITY_TREATMENT_INTENT,,BEHAVIORAL,UNKNOWN,3.0,5.0,2024
NCT07571109,AMAZE 4: A Research Study Investigating How Well the Medicine NNC0487-0111 Helps People With Excess Body Weight and Obstructive Sleep Apnoea Treated With Positive Airway Pressure Lose Weight and Improve Sleep Apnoea,"Efficacy and Safety of NNC0487-0111 s.c. Once-weekly in Participants With Overweight or Obesity, and Obstructive Sleep Apnoea Treated With Positive Airway Pressure (AMAZE 4)",RECRUITING,2026-05-05,2028-08-21,300,ESTIMATED,ALL,18 Years,,Novo Nordisk A/S,INDUSTRY,True,,DIABETES_IN_ELIGIBILITY_ONLY,DRUG,INJECTABLE,18.0,,2026
NCT01833507,Physical Activity and Health Outcomes,"Relationship Between Physical Activity and Health Outcomes in Overweight and Obese Medically Complex Adults, a Randomized Trial",COMPLETED,2013-04,2015-04,130,ACTUAL,ALL,18 Years,,Mayo Clinic,OTHER,False,NO_DRUG_OR_BIOLOGICAL,,BEHAVIORAL,ORAL,18.0,,2013
NCT07720271,AMAZE 9: A Research Study Investigating How Well Zenagamtide Tablets Help People With Excess Body Weight Lose Weight,Efficacy and Safety of Once-daily Oral Zenagamtide in Participants With Obesity (AMAZE 9),NOT_YET_RECRUITING,2026-09-01,2028-08-22,950,ESTIMATED,ALL,18 Years,,Novo Nordisk A/S,INDUSTRY,True,,DIABETES_IN_ELIGIBILITY_ONLY,DRUG,ORAL,18.0,,2026
NCT03454711,Functional Magnetic Resonance Imaging (fMRI) Exploration of Neurocognitive Processes Involved in Food Addiction (FA) in Obese Patients: Towards New Phenotypic Markers for an Optimized Care Pathway,Functional Magnetic Resonance Imaging (fMRI) Exploration of Neurocognitive Processes Involved in Food Addiction (FA) in Obese Patients: Towards New Phenotypic Markers for an Optimized Care Pathway,COMPLETED,2018-04-26,2021-09-08,47,ACTUAL,FEMALE,30 Years,50 Years,Rennes University Hospital,OTHER,False,NO_OBESITY_TREATMENT_INTENT,,BEHAVIORAL;BIOLOGICAL;DEVICE,UNKNOWN,30.0,50.0,2018
NCT02921217,Effect of a Probiotic on Visceral Fat Accumulation,"Randomized, Parallel, Double Blinded, Placebo-controlled Study for the Evaluation of the Effectiveness on Visceral Fat Accumulation in Individuals With Abdominal Obesity of a Specific Probiotic Compound",UNKNOWN,2016-07,2017-08,129,ESTIMATED,ALL,18 Years,,Biopolis S.L.,INDUSTRY,False,NO_DRUG_OR_BIOLOGICAL;NO_OBESITY_TREATMENT_INTENT,,DIETARY_SUPPLEMENT,UNKNOWN,18.0,,2016
NCT07501832,Evaluate the Efficacy and Safety of GZR18 Injection in Obese Subjects With Obstructive Sleep Apnea Receiving Positive Airway Pressure (PAP) Therapy,"A Multicenter, Randomized, Double-Blind, Parallel-Group, Placebo-Controlled Phase III Clinical Trial to Evaluate the Efficacy and Safety of GZR18 Injection in Obese Subjects With Moderate to Severe Obstructive Sleep Apnea Receiving Positive Airway Pressure (PAP) Therapy",NOT_YET_RECRUITING,2026-03-27,2028-09-28,140,ESTIMATED,ALL,18 Years,,Gan & Lee Pharmaceuticals.,INDUSTRY,False,NO_OBESITY_TREATMENT_INTENT,DIABETES_IN_ELIGIBILITY_ONLY,DRUG,INJECTABLE,18.0,,2026
NCT03480022,"Liraglutide 3mg (Saxenda) on Weight, Body Composition, Hormonal and Metabolic Parameters in Obese Women With PCOS","A Randomized Placebo-controlled Double Blind Trial of Liraglutide 3 mg [Saxenda] on Weight, Body Composition, Hormonal and Metabolic Parameters in Obese Women With Polycystic Ovary Syndrome (PCOS)",COMPLETED,2018-09-26,2021-05-19,88,ACTUAL,FEMALE,18 Years,45 Years,Woman's,OTHER,False,OFF_TARGET_THERAPEUTIC_INTENT,DIABETES_IN_ELIGIBILITY_ONLY,DRUG,INJECTABLE,18.0,45.0,2018
NCT07220642,Weight Loss in People Living With Overweight or Obesity Following Treatment With Cagrilintide,Efficacy and Safety of Cagrilintide for Weight Management in Participants With Overweight or Obesity,ACTIVE_NOT_RECRUITING,2025-11-05,2027-06-29,300,ESTIMATED,ALL,18 Years,,Novo Nordisk A/S,INDUSTRY,True,,DIABETES_IN_ELIGIBILITY_ONLY,DRUG,INJECTABLE,18.0,,2025
NCT00459056,The Vascular Effects of Carvedilol Controlled Release (CR) in Abdominally Obese Hypertensive Patients,The Vascular Effects of Carvedilol Controlle Release (CR) + Lisinopril Versus Lisinopril + Hydrochlorothiazide (HCTZ) in Abdominally Obese Hypertensive Patients,COMPLETED,2007-04,2010-05,25,ACTUAL,ALL,18 Years,,St. Paul Heart Clinic,OTHER,False,OUTSIDE_RECENCY_WINDOW;NO_OBESITY_TREATMENT_INTENT,,DRUG,ORAL,18.0,,2007
NCT01120873,The Effect of Metamin 3D on the Lipid and Glucose in Subjects With Metabolic Syndrome,Phase 3 Study of 3D in Metabolic Syndrome,COMPLETED,2007-03,2009-06,110,ACTUAL,ALL,30 Years,75 Years,Taichung Veterans General Hospital,OTHER,False,OUTSIDE_RECENCY_WINDOW;NO_OBESITY_TREATMENT_INTENT,,DRUG,UNKNOWN,30.0,75.0,2007
NCT05813795,A Phase 3 Study to Evaluate the Efficacy of XW003 in Adults With Overweight or Obesity,"A Phase 3, Multi-center, Randomized, Double-Blind and Placebo-controlled Study to Evaluate the Efficacy and Safety of XW003 in Adults With Overweight or Obesity (SLIMMER)",COMPLETED,2023-04-05,2024-10-10,664,ACTUAL,ALL,18 Years,75 Years,"Hangzhou Sciwind Biosciences Co., Ltd.",INDUSTRY,True,,DIABETES_IN_ELIGIBILITY_ONLY,DRUG,INJECTABLE,18.0,75.0,2023
NCT00398359,Treatment of Childhood Obesity in Primary Care,Treatment of Childhood Obesity in Primary Care,COMPLETED,2006-05,2010-12,145,ACTUAL,ALL,9 Years,12 Years,"University of Wisconsin, Madison",OTHER,False,NO_DRUG_OR_BIOLOGICAL;EXCLUSIVELY_PEDIATRIC;OUTSIDE_RECENCY_WINDOW;NO_OBESITY_TREATMENT_INTENT,DIABETES_IN_ELIGIBILITY_ONLY,BEHAVIORAL,UNKNOWN,9.0,12.0,2006
NCT03919929,Treating PCOS With Semaglutide vs Active Lifestyle Intervention,Treating PCOS With Semaglutide vs Active Lifestyle Intervention,COMPLETED,2019-05-03,2023-10-03,60,ACTUAL,FEMALE,12 Years,21 Years,"University of Colorado, Denver",OTHER,False,OFF_TARGET_THERAPEUTIC_INTENT;NON_PHARMACOLOGICAL_PRIMARY_INTENT,INCLUDES_MINORS_AND_ADULTS;DIABETES_IN_ELIGIBILITY_ONLY,DRUG;OTHER,ORAL,12.0,21.0,2019
NCT05929079,A Study of Retatrutide (LY3437943) in Participants With Type 2 Diabetes Mellitus Who Have Obesity or Overweight,"A Master Protocol to Investigate the Efficacy and Safety of LY3437943 Once Weekly in Participants With Type 2 Diabetes Mellitus Who Have Obesity or Overweight: A Randomized Double-Blind, Placebo-Controlled Trial",COMPLETED,2023-07-11,2026-06-16,1152,ACTUAL,ALL,18 Years,,Eli Lilly and Company,INDUSTRY,False,DIABETES_PRIMARY_OVERLAP,,DRUG,UNKNOWN,18.0,,2023
NCT05087342,Latino Semaglutide Study,A Randomized Latino Semaglutide 2.4mg Study,COMPLETED,2022-12-13,2024-05-29,119,ACTUAL,ALL,18 Years,75 Years,Loma Linda University,OTHER,True,,DIABETES_IN_ELIGIBILITY_ONLY,DRUG,UNKNOWN,18.0,75.0,2022
NCT00474630,A Safety and Efficacy Study Comparing Naltrexone SR/Bupropion SR and Placebo in Obese Subjects With Type 2 Diabetes,"A Multicenter, Randomized, Double Blind, Placebo Controlled Study Comparing the Safety and Efficacy of Naltrexone 32 mg Sustained Release (SR)/Bupropion 360 mg Sustained Release (SR) and Placebo in Obese Subjects With Type 2 Diabetes Mellitus",COMPLETED,2007-05,2009-06,505,ACTUAL,ALL,18 Years,70 Years,"Orexigen Therapeutics, Inc",INDUSTRY,False,OUTSIDE_RECENCY_WINDOW;DIABETES_PRIMARY_OVERLAP,,BEHAVIORAL;DRUG,UNKNOWN,18.0,70.0,2007
NCT00603902,BLOSSOM: Behavioral Modification and Lorcaserin Second Study for Obesity Management,"A 52-Week, Double-blind, Randomized, Placebo-controlled, Parallel-group Study to Assess the Safety and Efficacy of Lorcaserin Hydrochloride in Overweight and Obese Patients",COMPLETED,2008-01,2009-08,4008,ACTUAL,ALL,18 Years,65 Years,Eisai Inc.,INDUSTRY,False,OUTSIDE_RECENCY_WINDOW;NON_PHARMACOLOGICAL_PRIMARY_INTENT,DIABETES_IN_ELIGIBILITY_ONLY,DRUG,ORAL,18.0,65.0,2008
NCT01559194,Low Fat Versus Protein Sparing Diet for Weight Loss & Impact on Biomarkers Associated With Breast Cancer Risk,A Randomized Comparison of a Low Fat or Low Carbohydrate Dietary Pattern for Weight Loss and Impact on Biomarkers Associated With Breast Cancer Risk in Overweight and Obese Premenopausal Women: Lifestyle Eating and Fitness,COMPLETED,2005-05,2007-12,82,ACTUAL,FEMALE,30 Years,,Ohio State University Comprehensive Cancer Center,OTHER,False,NO_DRUG_OR_BIOLOGICAL;OUTSIDE_RECENCY_WINDOW;NON_PHARMACOLOGICAL_PRIMARY_INTENT,DIABETES_IN_ELIGIBILITY_ONLY,BEHAVIORAL,UNKNOWN,30.0,,2005
NCT00389246,Evaluation of Consultation Including Genetic Aspects of Obesity,Evaluation of Consultation Including Genetic Aspects of Obesity,COMPLETED,2002-09,2005-06,420,,ALL,18 Years,,Philipps University Marburg,OTHER,False,NO_DRUG_OR_BIOLOGICAL;OUTSIDE_RECENCY_WINDOW;NO_OBESITY_TREATMENT_INTENT,MISSING_LOCATIONS,BEHAVIORAL,UNKNOWN,18.0,,2002
NCT05567796,A Research Study to See How Well CagriSema Helps People With Excess Body Weight Lose Weight,Efficacy and Safety of Cagrilintide s.c. 2.4 Milligram (mg) in Combination With Semaglutide Subcutaneous (s.c). 2.4 mg (CagriSema s.c. 2.4 mg/2.4 mg) Once-weekly in Participants With Overweight or Obesity,ACTIVE_NOT_RECRUITING,2022-11-01,2026-10-19,3400,ESTIMATED,ALL,,,Novo Nordisk A/S,INDUSTRY,True,,MISSING_OR_UNPARSED_MINIMUM_AGE;DIABETES_IN_ELIGIBILITY_ONLY,DRUG,INJECTABLE,,,2022
NCT01546727,Behavioral Treatment for Obese Preschoolers,Clinic and Home Family Based Behavioral Treatment for Obese Preschoolers,COMPLETED,2012-03,2016-12,167,ACTUAL,ALL,2 Years,5 Years,"Children's Hospital Medical Center, Cincinnati",OTHER,False,NO_DRUG_OR_BIOLOGICAL;EXCLUSIVELY_PEDIATRIC;NO_OBESITY_TREATMENT_INTENT;NON_PHARMACOLOGICAL_PRIMARY_INTENT,,BEHAVIORAL,ORAL,2.0,5.0,2012
NCT07104383,VK2735 for Weight Management Type 2 Diabetes Phase 3 (VANQUISH 2),"A Phase 3 Randomized, Double-Blind, Placebo-Controlled, 78-Week Efficacy and Safety Study of VK2735 Administered Subcutaneously for Weight Management in Participants With Type 2 Diabetes Who Are Obese, or Overweight",ACTIVE_NOT_RECRUITING,2025-06-23,2027-08-01,1100,ESTIMATED,ALL,18 Years,,"Viking Therapeutics, Inc.",INDUSTRY,False,DIABETES_PRIMARY_OVERLAP,,DRUG,UNKNOWN,18.0,,2025
NCT03116009,Randomization of Early Diabetes Screening Among Obese Pregnant Women.,Randomization of Early Versus Standard Diabetes Screening Among Obese Pregnant Women,TERMINATED,2017-03-19,2019-11-25,600,ACTUAL,FEMALE,18 Years,49 Years,University of Illinois at Chicago,OTHER,False,NO_OBESITY_TREATMENT_INTENT,DIABETES_IN_ELIGIBILITY_ONLY,DRUG,ORAL,18.0,49.0,2017
NCT03946111,Cognitive-Behavioral and Pharmacologic (LDX) Treatment of Binge-Eating Disorder and Obesity: Medication Change for Non-Responders,Cognitive-Behavioral and Pharmacologic Treatment of Binge-Eating Disorder and Obesity,COMPLETED,2019-08-07,2024-12-05,3,ACTUAL,ALL,18 Years,64 Years,Yale University,OTHER,False,NON_PHARMACOLOGICAL_PRIMARY_INTENT,DIABETES_IN_ELIGIBILITY_ONLY,DRUG;OTHER,UNKNOWN,18.0,64.0,2019
NCT04657003,A Study of Tirzepatide (LY3298176) in Participants With Type 2 Diabetes Who Have Obesity or Are Overweight,"Efficacy and Safety of Tirzepatide Once Weekly in Participants With Type 2 Diabetes Who Have Obesity or Are Overweight: A Randomized, Double-Blind, Placebo-Controlled Trial (SURMOUNT-2)",COMPLETED,2021-03-29,2023-04-10,938,ACTUAL,ALL,18 Years,,Eli Lilly and Company,INDUSTRY,False,DIABETES_PRIMARY_OVERLAP,,DRUG;OTHER,UNKNOWN,18.0,,2021
NCT00325546,Study of Weight-Reducing Effect and Safety of Rimonabant In Obesity in ASIA (RIO-ASIA),"A Randomized, Double-Blind, Placebo-Controlled, Parallel-Group, Fixed-Dose (Rimonabant 20mg), Multi-National, Multicentre Study of Weight-Reducing Effect and Safety of Rimonabant in Obese Patients With or Without Comorbidities",COMPLETED,2006-04,2007-04,643,ACTUAL,ALL,18 Years,,Sanofi,INDUSTRY,False,OUTSIDE_RECENCY_WINDOW;NO_OBESITY_TREATMENT_INTENT,DIABETES_IN_ELIGIBILITY_ONLY,DRUG,UNKNOWN,18.0,,2006
NCT01499485,Treatment of Metabolic Alkalosis With Acetazolamide. Effect on the Length of Mechanical Ventilation.,Effects of Acetazolamide on the Duration of Mechanical Ventilation in Patients With Metabolic Alkalosis. Phase III Multicenter Double-blinded Clinical Trial.,COMPLETED,2011-11,2015-02,140,ACTUAL,ALL,18 Years,,Hospital Son Llatzer,OTHER,False,NO_OBESITY_TREATMENT_INTENT,,DRUG,ORAL,18.0,,2011
NCT03153813,Capsaicin Patches In Knee Osteoarthritis In Obese Patients,Efficacy And Safety Of High Concentration Capsaicin Patches In Knee Osteoarthritis In Obese Patients: A Randomized Prospective Double Blind Placebo Controlled Study,TERMINATED,2015-07,2018-12,22,ACTUAL,ALL,18 Years,65 Years,Nadine ATTAL,OTHER,False,OFF_TARGET_THERAPEUTIC_INTENT;NO_OBESITY_TREATMENT_INTENT,,DRUG;OTHER,UNKNOWN,18.0,65.0,2015
NCT06937060,Effect of Semaglutide in Patients With Psoriasis and Obesity,Effect of Semaglutide in Patients With Psoriasis and Obesity,RECRUITING,2025-03-20,2027-01-31,14,ESTIMATED,ALL,18 Years,75 Years,The University of Hong Kong,OTHER,True,,DIABETES_IN_ELIGIBILITY_ONLY,BIOLOGICAL,UNKNOWN,18.0,75.0,2025
NCT02373007,Evaluation of Two Surgical Scopinaro Techniques in the Treatment of Obesity,Evaluation of Safety and Effectiveness Modified Scopinaro Technique in the Surgical Treatment of Obesity Compared to Classical Scopinaro Technique,UNKNOWN,2014-07,2016-04,28,ACTUAL,ALL,18 Years,65 Years,Instituto Paulo Reis,OTHER,False,NO_DRUG_OR_BIOLOGICAL;NON_PHARMACOLOGICAL_PRIMARY_INTENT,DIABETES_IN_ELIGIBILITY_ONLY,PROCEDURE,UNKNOWN,18.0,65.0,2014
NCT01707732,Adjusted Value of Thromboprophylaxis in Hospitalized Obese Patients: A Comparative Study of Two Regimens of Enoxaparin,Adjusted Value of Thromboprophylaxis in Hospitalized Obese Patients: A Comparative Study of Two Regimens of Enoxaparin,COMPLETED,2012-11,2015-04,92,ACTUAL,ALL,18 Years,,"University Hospital, Rouen",OTHER,False,NO_OBESITY_TREATMENT_INTENT,,DRUG,UNKNOWN,18.0,,2012
NCT06972472,A Study of Orforglipron (LY3502970) in Participants With Obesity or Overweight and Type 2 Diabetes,A Master Protocol to Investigate the Efficacy and Safety of Orforglipron Tablet Once Daily Compared With Placebo in Participants With Obesity or Overweight With and Without Type 2 Diabetes,ACTIVE_NOT_RECRUITING,2025-05-19,2027-08,600,ESTIMATED,ALL,18 Years,,Eli Lilly and Company,INDUSTRY,True,,DIABETES_IN_ELIGIBILITY_ONLY,DRUG,ORAL,18.0,,2025
NCT03109834,Effect of Weight Management Programs on Cardiometabolic Risk Profile in Overweight Women,"Choice of Foods, Weight Loss and Metabolic Changes in Overweight Women Willing to Lose Weight With Dietary/Nutritional Therapy Intervention",COMPLETED,2004-03-25,2007-03-28,105,ACTUAL,FEMALE,18 Years,60 Years,"Bonn Education Association for Dietetics r.A., Cologne, Germany",INDUSTRY,False,NO_DRUG_OR_BIOLOGICAL;OUTSIDE_RECENCY_WINDOW;NON_PHARMACOLOGICAL_PRIMARY_INTENT,MISSING_LOCATIONS;DIABETES_IN_ELIGIBILITY_ONLY,DIETARY_SUPPLEMENT;OTHER,ORAL,18.0,60.0,2004
NCT07595549,A Study to Learn About the Study Medicine Called Berobenatide (PF-08653944) in People With Overweight or Obesity,"A PHASE 3, RANDOMIZED, DOUBLE-BLIND, PLACEBO-CONTROLLED STUDY TO ASSESS THE EFFICACY AND SAFETY OF ONCE-MONTHLY PF-08653944 IN ADULTS WITH OVERWEIGHT OR OBESITY (VESPER-6)",RECRUITING,2026-06-10,2028-06-21,954,ESTIMATED,ALL,18 Years,,Pfizer,INDUSTRY,True,,DIABETES_IN_ELIGIBILITY_ONLY,DRUG;OTHER,INJECTABLE,18.0,,2026
NCT04487743,Efficacy and Safety of Liraglutide on Body Weight in Obese Subjects or Overweight Subjects With Co-morbidities,"Efficacy and Safety of Liraglutide on Body Weight in Non-diabetic Obese Subjects or Overweight Subjects With Co-morbidities: A Randomised, Double-blind, Placebo Controlled, Parallel Group, Multi-centre, 28-week Trial",UNKNOWN,2020-05-09,2022-06,300,ESTIMATED,ALL,18 Years,75 Years,Xiangya Hospital of Central South University,OTHER,True,,DIABETES_IN_ELIGIBILITY_ONLY,DRUG,INJECTABLE,18.0,75.0,2020
NCT07311850,Efficacy and Safety of MET097 Once-Weekly in People With Overweight or Obesity,"Evaluating The Efficacy and Safety of MET097, a Fully-Biased, Ultra Long-Acting GLP-1RA, In People With Overweight or Obesity: A Phase 3, Multi-Center Randomized, Controlled Trial (VESPER-4)",ACTIVE_NOT_RECRUITING,2025-12-19,2028-04-25,3578,ACTUAL,ALL,18 Years,,Pfizer,INDUSTRY,True,,DIABETES_IN_ELIGIBILITY_ONLY,DRUG,INJECTABLE,18.0,,2025
NCT05997576,A Study of TG103 Injection in Non-diabetic Overweight or Obesity,"A Multicenter, Randomized, Double-blind, Placebo-controlled Phase 3 Study of TG103 Injection in the Management of Non-diabetic Overweight or Obesity",COMPLETED,2023-11-22,2025-03-03,675,ACTUAL,ALL,18 Years,75 Years,"CSPC Baike (Shandong) Biopharmaceutical Co., Ltd.",INDUSTRY,True,,DIABETES_IN_ELIGIBILITY_ONLY,DRUG,INJECTABLE,18.0,75.0,2023
NCT01211574,"Pilot Study Testing Professional, Peer, and Mentor Health Coaches for Weight Loss",,COMPLETED,2010-09,2011-04,44,ACTUAL,ALL,40 Years,60 Years,The Miriam Hospital,OTHER,False,NO_DRUG_OR_BIOLOGICAL,MISSING_LOCATIONS,BEHAVIORAL,ORAL,40.0,60.0,2010
NCT01003639,Idiopathic Intracranial Hypertension Treatment Trial,"A Multicenter, Double-blind, Randomized, Placebo-controlled Study of Weight-Reduction and/or Low Sodium Diet Plus Acetazolamide vs Diet Plus Placebo in Subjects With Idiopathic Intracranial Hypertension With Mild Visual Loss",COMPLETED,2010-01,2014-01,165,ACTUAL,ALL,18 Years,60 Years,St. Luke's-Roosevelt Hospital Center,OTHER,False,NO_OBESITY_TREATMENT_INTENT;NON_PHARMACOLOGICAL_PRIMARY_INTENT,DIABETES_IN_ELIGIBILITY_ONLY,BEHAVIORAL;DRUG,ORAL,18.0,60.0,2010
NCT04325581,Laparocopic Sleeve Gastrectomy With or Without Liraglutide in Obese Patients,Effect of Laparoscopic Sleeve Gastrectomy and Liraglutide on Glucose Homeostasis and Intrapancreatic Fat in Obese Patients,COMPLETED,2016-08-01,2018-12-31,16,ACTUAL,ALL,18 Years,65 Years,"Post Graduate Institute of Medical Education and Research, Chandigarh",OTHER,True,,MISSING_LOCATIONS,DRUG,UNKNOWN,18.0,65.0,2016
NCT00969267,The Effect of Auricular Point Stimulation on Obese Women,The Effect of Auricular Point Stimulation on Obese Women: a Randomized Controlled Trial,COMPLETED,2009-08,2010-07,90,ACTUAL,FEMALE,16 Years,65 Years,Taipei City Hospital,OTHER_GOV,False,NO_DRUG_OR_BIOLOGICAL;OUTSIDE_RECENCY_WINDOW;NO_OBESITY_TREATMENT_INTENT,INCLUDES_MINORS_AND_ADULTS,OTHER,UNKNOWN,16.0,65.0,2009
NCT06229795,Effect of Green Tea on Obese Pediatrics With Prediabetes,Effect of Green Tea on Obese Pediatrics With Prediabetes,COMPLETED,2023-11-12,2024-11-19,90,ACTUAL,ALL,10 Years,18 Years,Ain Shams University,OTHER,False,NO_OBESITY_TREATMENT_INTENT,INCLUDES_MINORS_AND_ADULTS,DRUG,ORAL,10.0,18.0,2023
NCT03790865,Effects of Livoletide (AZP-531) on Food-related Behaviors in Patients With Prader-Willi Syndrome,"A Phase 2b/3 Study to Evaluate the Safety, Tolerability, and Effects of Livoletide (AZP-531), an Unacylated Ghrelin Analogue, on Food-related Behaviors in Patients With Prader-Willi Syndrome",TERMINATED,2019-03-25,2020-05-25,158,ACTUAL,ALL,4 Years,65 Years,Millendo Therapeutics SAS,INDUSTRY,False,NO_OBESITY_TREATMENT_INTENT,INCLUDES_MINORS_AND_ADULTS;DIABETES_IN_ELIGIBILITY_ONLY,DRUG,INJECTABLE,4.0,65.0,2019
NCT00384605,An Investigational Drug Study to Assess Weight Loss in Obese and Overweight Patients (0364-037)(TERMINATED),"A Phase III Randomized, Placebo-Controlled Clinical Trial to Study the Safety and Efficacy of Taranabant (MK0364) in Obese Patients and in Overweight Patients With Obesity-Related Co-Morbidities, Followed by a 1-Year Extension",TERMINATED,2006-10,2008-12,1000,ACTUAL,ALL,18 Years,,Merck Sharp & Dohme LLC,INDUSTRY,False,OUTSIDE_RECENCY_WINDOW,MISSING_LOCATIONS;DIABETES_IN_ELIGIBILITY_ONLY,DRUG,ORAL,18.0,,2006
NCT07670416,"A Study to Evaluate the Effects of Enicepatide in Participants With Obesity or Overweight, With or Without Type 2 Diabetes","A Phase III, Multicenter, Randomized, Double-Blind, Placebo-Controlled, Parallel Group Study to Evaluate the Efficacy and Safety of Once-Weekly RO7795068 in Adult Chinese Patients With Obesity or Overweight, With or Without Type 2 Diabetes Mellitus",RECRUITING,2026-07-03,2028-03-15,300,ESTIMATED,ALL,18 Years,,Hoffmann-La Roche,INDUSTRY,False,NO_DRUG_OR_BIOLOGICAL,DIABETES_IN_ELIGIBILITY_ONLY,COMBINATION_PRODUCT,INJECTABLE,18.0,,2026
NCT00483171,"A 14-Month Study On The Effects Of CP-945,598 For The Prevention Of Weight Regain In Obese Patients","A 14-Month, Randomized, Double-Blind,Placebo-Controlled Phase 3 Study To Evaluate The Long-Term Efficacy And Safety of CP-945,598 In Prevention Of Weight Regain In Obese Subjects",TERMINATED,2008-01,2009-01,699,ACTUAL,ALL,18 Years,70 Years,Pfizer,INDUSTRY,False,OUTSIDE_RECENCY_WINDOW,,BEHAVIORAL;DRUG,ORAL,18.0,70.0,2008
NCT07564414,A Research Study to Look at How Two Different Doses of CagriSema and One Dose of Semaglutide Help People Living With Obesity With or Without Type 2 Diabetes Lose Weight,A Clinical Study to Compare Efficacy and Safety of Two Different Doses of CagriSema and Semaglutide in Participants With Obesity With or Without Type 2 Diabetes,RECRUITING,2026-05-21,2028-04-19,2500,ESTIMATED,ALL,18 Years,,Novo Nordisk A/S,INDUSTRY,True,,DIABETES_IN_ELIGIBILITY_ONLY,DRUG,INJECTABLE,18.0,,2026
NCT00092872,A 1-Year Study of an Investigational Drug in Obese Patients (0557-012)(COMPLETED),"A Double-Blind, Randomized, Placebo-Controlled, Multicenter Study to Assess the Safety, Tolerability, and Efficacy of MK0557 in Obese Patients",COMPLETED,2003-11,2005-02,359,ACTUAL,ALL,18 Years,65 Years,Merck Sharp & Dohme LLC,INDUSTRY,False,OUTSIDE_RECENCY_WINDOW;NO_OBESITY_TREATMENT_INTENT,MISSING_LOCATIONS;DIABETES_IN_ELIGIBILITY_ONLY,DRUG,UNKNOWN,18.0,65.0,2003
NCT07509307,AMAZE 6: A Research Study Investigating How Well the Medicine NNC0487-0111 Helps People With Excess Body Weight and Knee Osteoarthritis Lose Weight and Reduce Pain,"Efficacy and Safety of NNC0487-0111 s.c. Once-weekly in Participants With Overweight or Obesity, and Knee Osteoarthritis (AMAZE 6)",RECRUITING,2026-04-20,2028-08-14,400,ESTIMATED,ALL,18 Years,,Novo Nordisk A/S,INDUSTRY,True,,DIABETES_IN_ELIGIBILITY_ONLY,DRUG,INJECTABLE,18.0,,2026
NCT01444651,A Trial of Tadalafil and Glycemic Traits,Phase 3 Randomized Trial of Tadalafil and Glycemic Traits,COMPLETED,2011-08,2013-03,73,ACTUAL,ALL,18 Years,50 Years,"Thomas J. Wang, MD",OTHER,False,NO_OBESITY_TREATMENT_INTENT,DIABETES_IN_ELIGIBILITY_ONLY,DRUG,ORAL,18.0,50.0,2011
NCT00131430,An Eighteen Month Efficacy and Safety Study in Obese Patients (0364-020)(COMPLETED),"An 18-Month Study to Assess the Safety, Tolerability, and Efficacy of MK0364 in Obese Patients",COMPLETED,2005-08,2007-05,500,ACTUAL,ALL,18 Years,,Merck Sharp & Dohme LLC,INDUSTRY,False,OUTSIDE_RECENCY_WINDOW;NO_OBESITY_TREATMENT_INTENT,MISSING_LOCATIONS,DRUG,UNKNOWN,18.0,,2005
NCT00546325,REASSURE: The Effect of Rimonabant on HbA1c in Overweight or Obese Patients With Type 2 Diabetes Not Adequately Controlled on 2 Oral Antidiabetic Agents,REASURE: The Effect of Rimonabant on HbA1c in Overweight or Obese Patients With Type 2 Diabetes Not Adequately Controlled on 2 Oral Antidiabetic Agents,COMPLETED,2007-10,2009-02,358,ACTUAL,ALL,18 Years,75 Years,Sanofi,INDUSTRY,False,OUTSIDE_RECENCY_WINDOW;DIABETES_PRIMARY_OVERLAP,,DRUG,ORAL,18.0,75.0,2007
NCT03720574,Lorcaserin and Behavioral Modification for Overweight and Obesity Management in Chinese Obese Patients,"Efficacy and Safety of Lorcaserin and Behavioral Modification for Overweight and Obesity Management in Chinese Adult Obese Patients: A Multicenter, Randomized, Double-Blind, Placebo-Controlled Study",TERMINATED,2019-09-17,2020-12-12,100,ACTUAL,ALL,18 Years,65 Years,"Kanion & Huawe Medicine Co.,Ltd",INDUSTRY,False,NON_PHARMACOLOGICAL_PRIMARY_INTENT,DIABETES_IN_ELIGIBILITY_ONLY,DRUG,ORAL,18.0,65.0,2019
NCT02918279,Effect of Liraglutide for Weight Management in Pubertal Adolescent Subjects With Obesity,"Effect of Liraglutide for Weight Management in Pubertal Adolescent Subjects With Obesity. 56-week, Double-blind, Randomised, Parallel-group, Placebo-controlled Multi-national Trial Followed by a 26-week Period Off Study-drug",COMPLETED,2016-09-29,2019-08-08,251,ACTUAL,ALL,12 Years,17 Years,Novo Nordisk A/S,INDUSTRY,False,EXCLUSIVELY_PEDIATRIC,DIABETES_IN_ELIGIBILITY_ONLY,DRUG,INJECTABLE,12.0,17.0,2016
NCT01068197,Low Glycemic Load Diets in Latino Children at Risk for Type 2 Diabetes,Low Glycemic Load Diets in Latino Children at Risk for Type 2 Diabetes,COMPLETED,2003-10,2010-05,113,ACTUAL,ALL,7 Years,14 Years,Nazrat Mirza,OTHER,False,NO_DRUG_OR_BIOLOGICAL;EXCLUSIVELY_PEDIATRIC;OUTSIDE_RECENCY_WINDOW;DIABETES_PRIMARY_OVERLAP;NO_OBESITY_TREATMENT_INTENT;NON_PHARMACOLOGICAL_PRIMARY_INTENT,,BEHAVIORAL,UNKNOWN,7.0,14.0,2003
NCT00481923,Efficacy and Safety of Rimonabant With or Without Hypocaloric Diet in Obese Patients,"A Randomized, Double-Bind, Placebo-Controlled, Parallel-Group, Fixed-Dose (20 mg/Day), 3-Month, Multicenter Study of the Energy Intake Effects and Safety of SR141716 With or Without Hypocaloric Diet in Obese Patients",COMPLETED,2004-05,2005-04,156,ACTUAL,ALL,18 Years,,Sanofi,INDUSTRY,False,OUTSIDE_RECENCY_WINDOW;NO_OBESITY_TREATMENT_INTENT;NON_PHARMACOLOGICAL_PRIMARY_INTENT,,DRUG,UNKNOWN,18.0,,2004
NCT02122029,Lifestyle vs.Surgery for Morbid Obesity Treatment,A Nine-Year Follow-up of Intensive Lifestyle Intervention vs Surgery to Treat Morbidly Obese Women: a Non-randomized Human Subject Research.,COMPLETED,2003-02,2013-10,29,ACTUAL,FEMALE,21 Years,51 Years,Harokopio University,OTHER,False,NO_DRUG_OR_BIOLOGICAL;OUTSIDE_RECENCY_WINDOW;NO_OBESITY_TREATMENT_INTENT;NON_PHARMACOLOGICAL_PRIMARY_INTENT,,BEHAVIORAL;PROCEDURE,ORAL,21.0,51.0,2003
NCT04283578,Oxytocin Treatment in Neonates and Infants With Prader-Willi Syndrome,Oxytocin Treatment in Neonates and Infants Aged From 0 to 3 Months With Prader-Willi Syndrome : a Study of Safety and Efficacy on Oral and Social Skills and Feeding Behavior of Intranasal Administration of Oxytocin vs Placebo,COMPLETED,2020-03-10,2022-03-14,52,ACTUAL,ALL,1 Day,92 Days,"University Hospital, Toulouse",OTHER,False,EXCLUSIVELY_PEDIATRIC;NO_OBESITY_TREATMENT_INTENT,,DRUG,UNKNOWN,0.0027378507871321013,0.2518822724161533,2020
NCT00479609,Testosterone Therapy in Men With Low Testosterone Levels and Metabolic Syndrome or Early Stages of Type 2 Diabetes,"A Randomised Placebo Controlled Study of Transdermal Testosterone Therapy to Investigate the Efficacy and Safety in Men With Abdominal Obesity, Low Testosterone Levels and Early Stages of the Metabolic Cluster Syndrome.",UNKNOWN,2007-04,2009-04,176,ESTIMATED,MALE,30 Years,70 Years,Karolinska Institutet,OTHER,False,OUTSIDE_RECENCY_WINDOW;DIABETES_PRIMARY_OVERLAP;NO_OBESITY_TREATMENT_INTENT,,DRUG,UNKNOWN,30.0,70.0,2007
NCT06363747,The Medically Reproducing Bariatric Surgery (MRB) II Study,The Medically Reproducing Bariatric Surgery (MRB) II Study: SEMAGLUTIDE Followed by OPTIFAST in Veterans With Type 2 Diabetes,ACTIVE_NOT_RECRUITING,2024-06-24,2025-11-03,50,ESTIMATED,ALL,25 Years,75 Years,Durham VA Medical Center,FED,False,NO_DRUG_OR_BIOLOGICAL;DIABETES_PRIMARY_OVERLAP;OFF_TARGET_THERAPEUTIC_INTENT;NO_OBESITY_TREATMENT_INTENT;NON_PHARMACOLOGICAL_PRIMARY_INTENT,,OTHER,UNKNOWN,25.0,75.0,2024
NCT03585413,Impact of a Specific Micronutrient-probiotic-supplement on Fatty Liver of Patients After Mini-Gastric Bypass Surgery,Impact of a Specific Micronutrient-probiotic-combination on Fatty Liver and Cardiometabolic Status of Obese Patients After Mini-Gastric Bypass Surgery,COMPLETED,2018-08-31,2020-01-17,60,ACTUAL,ALL,20 Years,65 Years,"Bonn Education Association for Dietetics r.A., Cologne, Germany",INDUSTRY,False,NO_DRUG_OR_BIOLOGICAL;OFF_TARGET_THERAPEUTIC_INTENT;NO_OBESITY_TREATMENT_INTENT;NON_PHARMACOLOGICAL_PRIMARY_INTENT,,DIETARY_SUPPLEMENT,ORAL,20.0,65.0,2018
NCT00138710,Short-term Effects of Aromatase Inhibition in Obese Men,Short-term Effects of Aromatase Inhibition in Obese Men,COMPLETED,2005-08,2010-01,50,ESTIMATED,MALE,20 Years,50 Years,Rijnstate Hospital,OTHER,False,OUTSIDE_RECENCY_WINDOW;NO_OBESITY_TREATMENT_INTENT,,DRUG,UNKNOWN,20.0,50.0,2005
NCT00231621,A Study on Efficacy and Safety of Topiramate in Treatment of Obese Subjects With Dyslipidemia,"A Multicenter, Randomized, Double-Blind, Placebo-Controlled, Parallel Group, One-year Study of the Efficacy and Safety of Topiramate in the Treatment of Obese Subjects With Dyslipidemia",TERMINATED,2001-05,2002-06,179,ACTUAL,ALL,18 Years,75 Years,"Johnson & Johnson Pharmaceutical Research & Development, L.L.C.",INDUSTRY,False,OUTSIDE_RECENCY_WINDOW,MISSING_LOCATIONS,DRUG,UNKNOWN,18.0,75.0,2001
NCT04889183,SeMaglutide and Albuminuria Reduction Trial in Obese Individuals Without Diabetes,SeMaglutide and Albuminuria Reduction Trial in Obese Individuals Without Diabetes,COMPLETED,2022-03-14,2024-05-28,125,ACTUAL,ALL,18 Years,,University Medical Center Groningen,OTHER,True,,DIABETES_IN_ELIGIBILITY_ONLY,DRUG,INJECTABLE,18.0,,2022
NCT02978105,Effects of Self-conditioning Techniques in Promoting Weight Loss in Patients With Obesity. A Randomized Controlled Trial,Effects of Self-conditioning Techniques in Promoting Weight Loss in Patients With Severe Obesity. A Randomized Controlled Trial,COMPLETED,2015-02,2017-09,120,ACTUAL,ALL,20 Years,70 Years,"University of Turin, Italy",OTHER,False,NO_DRUG_OR_BIOLOGICAL,,OTHER,ORAL,20.0,70.0,2015
NCT05024032,A Study of Tirzepatide (LY3298176) in Chinese Participants Without Type 2 Diabetes Who Have Obesity or Overweight (SURMOUNT-CN),"Efficacy and Safety of Tirzepatide Once Weekly in Chinese Participants Without Type 2 Diabetes Who Have Obesity or Are Overweight With Weight-Related Comorbidities: A Randomized, Double-Blind, Placebo-Controlled Trial (SURMOUNT-CN)",COMPLETED,2021-09-01,2022-12-27,210,ACTUAL,ALL,18 Years,,Eli Lilly and Company,INDUSTRY,True,,DIABETES_IN_ELIGIBILITY_ONLY,DRUG,UNKNOWN,18.0,,2021
NCT00195858,Healthy Eating Aerobic and Resistance Training in Youth (HEARTY) Trial,"Healthy Eating, Aerobic and Resistance Training in Youth (HEARTY) Trial",COMPLETED,2005-04,2011-06,304,ACTUAL,ALL,14 Years,18 Years,Ottawa Hospital Research Institute,OTHER,False,NO_DRUG_OR_BIOLOGICAL;OUTSIDE_RECENCY_WINDOW;NO_OBESITY_TREATMENT_INTENT,INCLUDES_MINORS_AND_ADULTS;DIABETES_IN_ELIGIBILITY_ONLY,BEHAVIORAL,UNKNOWN,14.0,18.0,2005
NCT05996848,A Research Study to See How Well CagriSema Helps People in China With Excess Body Weight Lose Weight,Efficacy and Safety of Cagrilintide s.c. 2.4 mg in Combination With Semaglutide s.c. 2.4 mg (CagriSema s.c. 2.4 mg/2.4 mg) Once-Weekly in Chinese Participants With Overweight or Obesity,COMPLETED,2023-08-15,2025-02-22,300,ACTUAL,ALL,18 Years,,Novo Nordisk A/S,INDUSTRY,True,,DIABETES_IN_ELIGIBILITY_ONLY,DRUG,INJECTABLE,18.0,,2023
NCT06858878,Efficacy and Safety of Maridebart Cafraglutide in Adult Participants With Type 2 Diabetes Mellitus Who Have Obesity or Are Overweight,"A Phase 3 Randomized, Double-blind, Placebo-controlled Study to Evaluate the Efficacy, Safety, and Tolerability of Maridebart Cafraglutide in Adult Participants With Type 2 Diabetes Mellitus Who Have Obesity or Are Overweight (MARITIME-2)",ACTIVE_NOT_RECRUITING,2025-03-17,2027-04-16,1105,ACTUAL,ALL,18 Years,99 Years,Amgen,INDUSTRY,False,DIABETES_PRIMARY_OVERLAP,,DRUG,UNKNOWN,18.0,99.0,2025
NCT01659450,"Low Energy Dense, Weight Maintenance, Risk of Cardiovascular Disease",Low Energy Density Diet and Weight Loss Maintenance,COMPLETED,2011-01,2011-11,35,ACTUAL,ALL,40 Years,70 Years,Isfahan University of Medical Sciences,OTHER,False,NO_DRUG_OR_BIOLOGICAL;NON_PHARMACOLOGICAL_PRIMARY_INTENT,MISSING_LOCATIONS,OTHER,UNKNOWN,40.0,70.0,2011
NCT06588296,Ixekizumab Concomitantly Administered With Tirzepatide in Adults With Psoriatic Arthritis and Obesity or Overweight,"Efficacy and Safety of Ixekizumab or Ixekizumab Concomitantly Administered With Tirzepatide in Adult Participants With Active Psoriatic Arthritis and Obesity or Overweight: A Phase 3b, Randomized, Multicenter, Open-Label Study (TOGETHER-PsA)",COMPLETED,2024-09-24,2026-04-23,279,ACTUAL,ALL,18 Years,80 Years,Eli Lilly and Company,INDUSTRY,True,,DIABETES_IN_ELIGIBILITY_ONLY,DRUG,UNKNOWN,18.0,80.0,2024
NCT07339423,AMAZE 1: A Research Study Investigating How Well the Medicine NNC0487-0111 Helps People With Excess Body Weight Lose Weight,Efficacy and Safety of NNC0487-0111 s.c. Once-weekly in Participants With Obesity (AMAZE 1),RECRUITING,2026-02-24,2029-08-21,1150,ESTIMATED,ALL,18 Years,,Novo Nordisk A/S,INDUSTRY,True,,DIABETES_IN_ELIGIBILITY_ONLY,DRUG,INJECTABLE,18.0,,2026
NCT00392717,Regulation of Lipoprotein Metabolism in Obese Men,Effect of Atorvastatin and Fish Oils on Lipoprotein Metabolism in Visceral Obesity,COMPLETED,1998-02,2002-03,48,,MALE,20 Years,70 Years,The University of Western Australia,OTHER,False,OUTSIDE_RECENCY_WINDOW;OFF_TARGET_THERAPEUTIC_INTENT;NO_OBESITY_TREATMENT_INTENT,DIABETES_IN_ELIGIBILITY_ONLY,DRUG,UNKNOWN,20.0,70.0,1998
NCT00563368,A Study Comparing Multiple Doses of VI-0521 With Placebo and Their Single-agent Constituents for Treatment of Obesity in Adults,"A Phase III, Randomized, Double-Blind, Parallel-Design Study Comparing Multiple Doses of VI-0521 to Placebo and Their Single-Agent Phentermine and Topiramate Constituents for the Treatment of Obesity in Adults",COMPLETED,2007-12,2008-09,756,ACTUAL,ALL,18 Years,70 Years,VIVUS LLC,INDUSTRY,False,OUTSIDE_RECENCY_WINDOW,DIABETES_IN_ELIGIBILITY_ONLY,DRUG,UNKNOWN,18.0,70.0,2007
NCT03063606,Behavioral and Pharmacologic Treatment of Binge Eating and Obesity: Specialist Treatment,Behavioral and Pharmacologic Treatment of Binge Eating and Obesity,COMPLETED,2017-09-05,2022-12-16,31,ACTUAL,ALL,18 Years,70 Years,Yale University,OTHER,False,NO_OBESITY_TREATMENT_INTENT;NON_PHARMACOLOGICAL_PRIMARY_INTENT,,BEHAVIORAL;DRUG,ORAL,18.0,70.0,2017
NCT06619015,Tailoring Obesity Treatment Trial,The Impact of Pramlintide on Top of Semaglutide in Obese People With Prediabetes,WITHDRAWN,2025-04-01,2025-04-01,0,ACTUAL,ALL,18 Years,70 Years,Esbjerg Hospital - University Hospital of Southern Denmark,OTHER,True,,DIABETES_IN_ELIGIBILITY_ONLY,DRUG,UNKNOWN,18.0,70.0,2025
NCT01040468,Surgery Or Lifestyle Intervention for Type 2 Diabetes (SOLID),Lifestyle Intervention Versus Bariatric Surgery for Type 2 Diabetes,COMPLETED,2009-09,2015-03,7,ACTUAL,ALL,18 Years,65 Years,University of Pennsylvania,OTHER,False,NO_DRUG_OR_BIOLOGICAL;OUTSIDE_RECENCY_WINDOW;DIABETES_PRIMARY_OVERLAP;OFF_TARGET_THERAPEUTIC_INTENT;NO_OBESITY_TREATMENT_INTENT;NON_PHARMACOLOGICAL_PRIMARY_INTENT,,BEHAVIORAL;PROCEDURE,ORAL,18.0,65.0,2009
NCT02108691,Effect of Intake of Glycin Max (L.) Merr. Peel Extract on Body Fat and Body Weight,,COMPLETED,2014-05,2014-07,80,ACTUAL,ALL,19 Years,65 Years,Hanyang University,OTHER,False,NO_DRUG_OR_BIOLOGICAL;NO_OBESITY_TREATMENT_INTENT,,DIETARY_SUPPLEMENT,UNKNOWN,19.0,65.0,2014
NCT00108589,S-Adenosylmethionine Therapy for Non-Alcoholic Steatohepatitis,S-Adenosylmethionine Therapy for Non-Alcoholic Steatohepatitis,COMPLETED,2004-01,2006-12,,,MALE,18 Years,,US Department of Veterans Affairs,FED,False,OUTSIDE_RECENCY_WINDOW;NO_OBESITY_TREATMENT_INTENT,,DRUG,UNKNOWN,18.0,,2004
NCT01764386,Method-of-Use Study Assessing the Effect of Naltrexone Sustained Release (SR)/ Bupropion SR on Body Weight and Cardiovascular Risk Factors in Overweight and Obese Subjects,"A Multicenter, Randomized, Open-Label, Controlled, Method-of-Use Study Assessing the Effect of Naltrexone Sustained Release (SR)/Bupropion SR on Body Weight and Cardiovascular Risk Factors in Overweight and Obese Subjects (The Ignite Study)",COMPLETED,2013-02,2014-09,242,ACTUAL,ALL,18 Years,60 Years,"Orexigen Therapeutics, Inc",INDUSTRY,True,,DIABETES_IN_ELIGIBILITY_ONLY,BEHAVIORAL;DRUG,ORAL,18.0,60.0,2013
NCT05931380,A Study of Once-Daily Oral Orforglipron (LY3502970) in Japanese Adult Participants With Obesity Disease,"A Phase 3, Randomized, Double-Blind Study to Investigate the Efficacy and Safety of Once-Daily Oral LY3502970 Compared With Placebo in Japanese Adult Participants With Obesity Disease",COMPLETED,2023-07-31,2025-06-19,238,ACTUAL,ALL,18 Years,,Eli Lilly and Company,INDUSTRY,True,,DIABETES_IN_ELIGIBILITY_ONLY,DRUG,ORAL,18.0,,2023
NCT01792362,Evaluation of Anti-mullerian Hormone(AMH) Levels as a Predictive Factor of Response to Weight Loss Treatment in Obese Infertile Women With Poly Cystic Ovary(PCOS),Comparing the Basal Anti-mullerian Hormone Levels Between Responders and Non-responders to Weight Loss Diet in Obese Infertile Women With PCOS Population,COMPLETED,2012-10,2014-04,60,ESTIMATED,FEMALE,18 Years,40 Years,Royan Institute,OTHER_GOV,False,NO_DRUG_OR_BIOLOGICAL;OFF_TARGET_THERAPEUTIC_INTENT;NON_PHARMACOLOGICAL_PRIMARY_INTENT,DIABETES_IN_ELIGIBILITY_ONLY,OTHER,UNKNOWN,18.0,40.0,2012
NCT04605861,The Efficacy and Safety of Liraglutide on Body Weight Loss in Obese and Overweight Patients,"A Multicenter, Randomized, Double-blinded, Placebo-controlled Phase III Trial to Evaluate the Efficacy and Safety of Liraglutide on Body Weight Loss in Obese and Overweight Patients",COMPLETED,2020-08-18,2023-04-15,414,ACTUAL,ALL,18 Years,70 Years,Shanghai Zhongshan Hospital,OTHER,True,,DIABETES_IN_ELIGIBILITY_ONLY,DRUG,INJECTABLE,18.0,70.0,2020
NCT07622290,Metformin Treatment for Children With Obesity-associated Asthma,"The Role of Metformin in Asthma Control in Obese/Overweight Children, a Randomized Placebo Controlled Clinical Trial",NOT_YET_RECRUITING,2026-06,2028-03,182,ESTIMATED,ALL,10 Years,17 Years,Prof Ibrahim Janahi,OTHER,False,EXCLUSIVELY_PEDIATRIC;NO_OBESITY_TREATMENT_INTENT,DIABETES_IN_ELIGIBILITY_ONLY,DRUG,ORAL,10.0,17.0,2026
NCT04741074,Effect of Subcutaneous Semaglutide on Kidney Transplant Candidacy,A RAndomized trIal Examining the Effect of Subcutaneous Semaglutide on Kidney Transplant Candidacy for Patients With Stage 4-5 CKD or Dialysis-dependent ESKD,TERMINATED,2021-07-23,2023-01-31,15,ACTUAL,ALL,18 Years,,Geisinger Clinic,OTHER,True,,DIABETES_IN_ELIGIBILITY_ONLY,DRUG,INJECTABLE,18.0,,2021
NCT06962280,A Long-Term Study of Tirzepatide (LY3298176) in Adults With Type 1 Diabetes and Obesity or Overweight,"A Phase 3, Multicenter, Randomized, Double-Blind, Placebo-Controlled, Parallel-Group Study Evaluating the Efficacy and Long-Term Safety of Tirzepatide Once Weekly Compared to Placebo in Adults With Type 1 Diabetes and Obesity or Overweight",ACTIVE_NOT_RECRUITING,2025-05-12,2027-07,465,ESTIMATED,ALL,18 Years,,Eli Lilly and Company,INDUSTRY,False,DIABETES_PRIMARY_OVERLAP,,DRUG,UNKNOWN,18.0,,2025
NCT00783445,Evaluating the Effectiveness of a Community Exercise Program to Reduce the Risk of Metabolic Syndrome Among Black Americans,Community Exercise and Metabolic Syndrome in Black Families,COMPLETED,2008-12,2013-04,204,ACTUAL,ALL,21 Years,65 Years,Johns Hopkins University,OTHER,False,NO_DRUG_OR_BIOLOGICAL;OUTSIDE_RECENCY_WINDOW;NO_OBESITY_TREATMENT_INTENT;NON_PHARMACOLOGICAL_PRIMARY_INTENT,DIABETES_IN_ELIGIBILITY_ONLY,BEHAVIORAL,UNKNOWN,21.0,65.0,2008
NCT07036172,Efficacy and Safety of Semaglutide Injection Vs WEGOVY® in Chinese Obese Patients,"A Multicenter, Randomized, Open-label, Parallel-controlled Phase III Clinical Study Comparing the Efficacy and Safety of Semaglutide Injection and WEGOVY® in Chinese Obese Patients",RECRUITING,2025-01-03,2026-05,460,ESTIMATED,ALL,18 Years,75 Years,"Hangzhou Zhongmei Huadong Pharmaceutical Co., Ltd.",INDUSTRY,False,NO_OBESITY_TREATMENT_INTENT,DIABETES_IN_ELIGIBILITY_ONLY,DRUG,UNKNOWN,18.0,75.0,2025
NCT05405244,Examination of Bromocriptine on Homeostatic and Hedonic Mechanisms of Food Intake in Individuals at High Risk for T2DM,A Multimodel Examination of Bromocriptine on Homeostatic and Hedonic Mechanisms of Food Intake in Individuals at High Risk for Type 2 Diabetes,COMPLETED,2017-09-19,2019-09-19,55,ACTUAL,ALL,18 Years,35 Years,"University of North Carolina, Chapel Hill",OTHER,False,DIABETES_PRIMARY_OVERLAP;NO_OBESITY_TREATMENT_INTENT,,DRUG,ORAL,18.0,35.0,2017
NCT02654665,"Comparing Effects of Liraglutide and Bariatric Surgery on Weight Loss, Liver Function, Body Composition, Insulin Resistance, Endothelial Function and Biomarkers of Non-alcoholic Steatohepatitis (NASH) in Obese Asian Adults","Comparing Effects of Liraglutide and Bariatric Surgery on Weight Loss, Liver Function, Body Composition, Insulin Resistance, Endothelial Function and Biomarkers of Non-alcoholic Steatohepatitis (NASH) in Obese Asian Adults",UNKNOWN,2014-03,2018-12,36,ESTIMATED,ALL,21 Years,65 Years,Changi General Hospital,OTHER,False,OFF_TARGET_THERAPEUTIC_INTENT;NON_PHARMACOLOGICAL_PRIMARY_INTENT,,BEHAVIORAL;DRUG,UNKNOWN,21.0,65.0,2014
NCT06423599,Effect of Weight Loss on Physical and Cardiac Performance in People With Obesity and Heart Failure,Effect of Weight Loss on Physical and Cardiac Performance in People With Obesity and Heart Failure,RECRUITING,2024-04-30,2027-12-30,100,ESTIMATED,ALL,18 Years,,"Jens D Hove, MD,PHD",OTHER,True,,DIABETES_IN_ELIGIBILITY_ONLY,DIETARY_SUPPLEMENT;DRUG,INJECTABLE,18.0,,2024
NCT06383390,The Effect of Retatrutide Once Weekly on Cardiovascular Outcomes and Kidney Outcomes in Adults Living With Obesity (TRIUMPH-Outcomes),"A Phase 3, Randomized, Double-Blind, Placebo-Controlled, Event-Driven Study to Investigate the Effect of Retatrutide on the Incidence of Major Adverse Cardiovascular Events and Major Adverse Kidney Events in Participants With Body Mass Index ≥27 kg/m2 and Atherosclerotic Cardiovascular Disease and/or Chronic Kidney Disease",ACTIVE_NOT_RECRUITING,2024-04-30,2029-02,10000,ESTIMATED,ALL,45 Years,,Eli Lilly and Company,INDUSTRY,True,,DIABETES_IN_ELIGIBILITY_ONLY,DRUG,UNKNOWN,45.0,,2024
NCT04086810,An Open-Label Study of DCCR Tablet in Patients With PWS,An Open-Label Study of Diazoxide Choline Controlled-Release Tablet in Patients With Prader-Willi Syndrome,WITHDRAWN,2019-10,2019-10,0,ACTUAL,ALL,4 Years,,"Soleno Therapeutics, Inc.",INDUSTRY,False,NO_OBESITY_TREATMENT_INTENT,INCLUDES_MINORS_AND_ADULTS;MISSING_LOCATIONS,DRUG,ORAL,4.0,,2019
NCT04788511,Research Study to Investigate How Well Semaglutide Works in People Living With Heart Failure and Obesity,Effect of Semaglutide 2.4 mg Once Weekly on Function and Symptoms in Subjects With Obesity-related Heart Failure With Preserved Ejection Fraction,COMPLETED,2021-03-16,2023-04-18,529,ACTUAL,ALL,18 Years,,Novo Nordisk A/S,INDUSTRY,True,,,DRUG,UNKNOWN,18.0,,2021
NCT02204163,Study to Assess the Efficacy and Safety of Eutropin in Prader-Willi Syndrome,"A Phase III, Multi-center, Randomized, Comparative, Parallel, Open Study to Assess the Efficacy and Safety After Treatment of Eutropin® Inj. Compared to Genotropin® in Infants/Toddlers With Prader-Willi Syndrome",COMPLETED,2014-06,2017-12,34,ACTUAL,ALL,,,LG Life Sciences,INDUSTRY,False,NO_OBESITY_TREATMENT_INTENT,MISSING_OR_UNPARSED_MINIMUM_AGE;DIABETES_IN_ELIGIBILITY_ONLY,DRUG,UNKNOWN,,,2014
NCT06884293,A Study Comparing IBI362 vs Semaglutide in Chinese Overweight or Obese Adults With Metabolic Dysfunction-associated Fatty Liver Disease （MAFLD）,"A Multicenter, Randomized, Open-label Phase III Study to Compare the Efficacy and Safety of IBI362 and Semaglutide in Chinese Overweight or Obese Subjects With Metabolic Dysfunction-associated Fatty Liver Disease (GLORY-3)",ACTIVE_NOT_RECRUITING,2025-05-09,2027-06-30,479,ACTUAL,ALL,18 Years,,Innovent Biologics (Suzhou) Co. Ltd.,INDUSTRY,True,,DIABETES_IN_ELIGIBILITY_ONLY,DRUG,INJECTABLE,18.0,,2025
NCT00029848,Obese Patients With Type 2 Diabetes,"A Randomized, Double-Blind, Placebo-Controlled, Parallel-Group, Fixed-Dose, Multicenter Study of Weight-Reducing Effect and Safety in Obese Patients With Type 2 Diabetes",COMPLETED,2001-10,2004-05,1045,ACTUAL,ALL,18 Years,70 Years,Sanofi,INDUSTRY,False,OUTSIDE_RECENCY_WINDOW;DIABETES_PRIMARY_OVERLAP;NO_OBESITY_TREATMENT_INTENT,,DRUG,UNKNOWN,18.0,70.0,2001
NCT00645255,Study to Examine the Longer-Term Efficacy and Safety of Sibutramine Hydrochloride in Obese Subjects,"A Multicenter, Double-Blind, Placebo-Controlled, Parallel Group Study to Examine the Longer-Term Efficacy and Safety of Meridia (Sibutramine Hydrochloride) in Obese Subjects",TERMINATED,1998-09,,466,ACTUAL,ALL,18 Years,,Abbott,INDUSTRY,False,OUTSIDE_RECENCY_WINDOW;NO_OBESITY_TREATMENT_INTENT,MISSING_LOCATIONS,DRUG,ORAL,18.0,,1998
NCT01868347,Obese Patient During RARP: the Role of a Preemptive Ventilator Strategy to Contrast Pneumoperitoneum and Trendelenburg Position,The Obese Patient in the Urologic Robotic Surgery: the Role of a Preemptive Ventilator Strategy and Partitioning to Contrast Pneumoperitoneum and Trendelenburg Position,UNKNOWN,2013-02,2014-12,40,ESTIMATED,MALE,18 Years,80 Years,"University of Turin, Italy",OTHER,False,NO_DRUG_OR_BIOLOGICAL;NO_OBESITY_TREATMENT_INTENT;NON_PHARMACOLOGICAL_PRIMARY_INTENT,,OTHER,UNKNOWN,18.0,80.0,2013
NCT07253285,A Research Study on How Well Cagrilintide and CagriSema Work in Children and Adolescents With Excess Body Weight,"Efficacy, Safety and Pharmacokinetics of Cagrilintide s.c. 2.4 mg as Monotherapy and in Combination With Semaglutide s.c. 2.4 mg (CagriSema) Once Weekly for Weight Management in Chidren and Adolescents With Overweight or Obesity",RECRUITING,2026-01-08,2033-09-20,460,ESTIMATED,ALL,8 Years,18 Years,Novo Nordisk A/S,INDUSTRY,True,,INCLUDES_MINORS_AND_ADULTS;DIABETES_IN_ELIGIBILITY_ONLY,DRUG,INJECTABLE,8.0,18.0,2026
NCT00603109,Effect of Rimonabant on Weight Gain and Body Composition in Adults With Prader Willi Syndrome,"Effect of Rimonabant, a Cannabinoid Receptor 1 Antagonist on Weight Gain and Body Composition in Adults With Prader Willi Syndrome.",TERMINATED,2007-08,2009-01,10,ACTUAL,ALL,18 Years,35 Years,Weill Medical College of Cornell University,OTHER,False,OUTSIDE_RECENCY_WINDOW;NO_OBESITY_TREATMENT_INTENT,,DRUG,ORAL,18.0,35.0,2007
NCT00871416,Localisation of Potential Insulin Deposits in Normal Weight and Obese Diabetics Using 6 mm and 12 mm Long Needles,"Localisation of Potential Insulin Deposits in Normal Weight and Obese Diabetics Using 6 mm and 12 mm Long Needles. Furthermore, the Thickness of Cutis/Subcutis Is Measured on Recommended Insulin Injection Sites",COMPLETED,1997-04-09,1997-07-18,48,ACTUAL,ALL,18 Years,65 Years,Novo Nordisk A/S,INDUSTRY,False,NO_DRUG_OR_BIOLOGICAL;OUTSIDE_RECENCY_WINDOW;NO_OBESITY_TREATMENT_INTENT,DIABETES_IN_ELIGIBILITY_ONLY,DEVICE,UNKNOWN,18.0,65.0,1997
NCT01724099,Evaluating the Safety and Efficacy of Euiiyin-tang on Obesity,"A Double Blind, Randomized, Multicenter, Placebo-controlled Trial to Evaluate the Efficacy and Safety of Euiiyin-tang on Obese Patients",COMPLETED,2013-04,2017-06,149,ACTUAL,FEMALE,18 Years,65 Years,Kyunghee University Medical Center,OTHER,False,NO_OBESITY_TREATMENT_INTENT,DIABETES_IN_ELIGIBILITY_ONLY,DRUG,UNKNOWN,18.0,65.0,2013
NCT02338193,"Dapagliflozin and Metformin,Alone and in Combination, in Overweight/Obese Prior GDM Women","A Randomized Study Evaluating Dapagliflozin and Metformin, Alone and in Combination, in Overweight Women With a Recent History of Gestational Diabetes Mellitus: Effects on Anthropometric Measurements and Cardiometabolic Abnormalities",COMPLETED,2015-09-22,2019-03-13,69,ACTUAL,FEMALE,18 Years,45 Years,Woman's,OTHER,False,DIABETES_PRIMARY_OVERLAP;NO_OBESITY_TREATMENT_INTENT,,DRUG,UNKNOWN,18.0,45.0,2015
NCT05412004,Obstructive Sleep Apnea Master Protocol GPIF: A Study of Tirzepatide (LY3298176) in Participants With Obstructive Sleep Apnea,"A Master Protocol to Investigate the Efficacy and Safety of Tirzepatide Once Weekly in Participants Who Have Obstructive Sleep Apnea and Obesity: A Randomized, Double-Blind, Placebo-Controlled Trial",COMPLETED,2022-06-21,2024-03-29,469,ACTUAL,ALL,18 Years,,Eli Lilly and Company,INDUSTRY,True,,DIABETES_IN_ELIGIBILITY_ONLY,DRUG,UNKNOWN,18.0,,2022
NCT06149793,SGLT2 Inhibitor Therapy in Cystic Fibrosis-related Diabetes,Empagliflozin in CFRD: Efficacy and Safety of SGLT2 Inhibitor Therapy in Overweight and Obese Subjects With Cystic Fibrosis-related Diabetes: a Pilot Study,ACTIVE_NOT_RECRUITING,2024-01-08,2026-12-31,8,ACTUAL,ALL,18 Years,,University of Minnesota,OTHER,True,,DIABETES_IN_ELIGIBILITY_ONLY,DRUG;OTHER,UNKNOWN,18.0,,2024
NCT02880540,Dexmedetomidine to Treat Bariatric Surgery-associated Pain,The Use of Dexmedetomidine as an Adjuvant for Perioperative Pain Management in Morbidly Obese Adolescents Undergoing Bariatric Surgery,COMPLETED,2016-03,2018-02,26,ACTUAL,ALL,12 Years,20 Years,Janelle Vaughns,OTHER,False,OFF_TARGET_THERAPEUTIC_INTENT;NO_OBESITY_TREATMENT_INTENT;NON_PHARMACOLOGICAL_PRIMARY_INTENT,INCLUDES_MINORS_AND_ADULTS,DRUG,UNKNOWN,12.0,20.0,2016
NCT00677391,Efficacy and Safety Study of Sibutramine in Overweight Non-Diabetic Malaysian Population,Randomized Trial of Obese Non-Diabetic Malaysians Using Sibutramine: A Randomized Double-Blind Placebo-Controlled Study of Sibutramine in the Management of Obese Subjects in Malaysia,COMPLETED,2002-12,,103,ACTUAL,ALL,18 Years,65 Years,Abbott,INDUSTRY,False,OUTSIDE_RECENCY_WINDOW;NO_OBESITY_TREATMENT_INTENT,MISSING_LOCATIONS;DIABETES_IN_ELIGIBILITY_ONLY,DRUG,ORAL,18.0,65.0,2002
NCT00221442,Zonegran in the Treatment of Binge Eating Disorder Associated With Obesity,"Zonegran in the Treatment of Binge Eating Disorder Associated With Obesity: A Single Center, Double-Blind, Placebo-controlled, Flexible-Dose Study in Outpatients",COMPLETED,2005-08,2009-03,60,ACTUAL,ALL,18 Years,70 Years,Lindner Center of HOPE,OTHER,False,OUTSIDE_RECENCY_WINDOW;NO_OBESITY_TREATMENT_INTENT,,DRUG,ORAL,18.0,70.0,2005
NCT06379113,GnRHa + Letrozole in Obese Progestin-insensitive Endometrial Cancer Patients,Gonadotropin-releasing Hormone Agonist (GnRHa) Plus Letrozole in Obese Progestin-insensitive Early-stage Endometrial Cancer Patients With Conservative Treatment,RECRUITING,2022-07-13,2027-03-30,29,ESTIMATED,FEMALE,18 Years,45 Years,Xiaojun Chen,OTHER,False,NO_OBESITY_TREATMENT_INTENT,,DRUG,INJECTABLE,18.0,45.0,2022
NCT00391196,"A 1-Year Study On The Effects Of CP-945,598 For The Treatment Of Obesity In Overweight Type 2 Diabetic Patients","A 1-Year, Randomized, Double-Blind, Placebo-Controlled Phase 3 Study To Evaluate The Efficacy And Safety Of CP-945,598 In The Treatment Of Overweight, Oral Agent-Treated Subjects With Type 2 Diabetes Mellitus",TERMINATED,2006-11,2009-01,975,ACTUAL,ALL,18 Years,70 Years,Pfizer,INDUSTRY,False,OUTSIDE_RECENCY_WINDOW;DIABETES_PRIMARY_OVERLAP,,DRUG,UNKNOWN,18.0,70.0,2006
NCT00554216,Study of VI-0521 Compared to Placebo in Treatment of Obesity in Adults,"A Phase III Randomized, Double-Blind, Placebo-Controlled Multicenter Study to Determine the Safety and Efficacy of VI-0521 in the Treatment of Obesity in an Adult Population With BMI ≥ 35",COMPLETED,2007-11,2009-05,1267,ACTUAL,ALL,18 Years,70 Years,VIVUS LLC,INDUSTRY,False,OUTSIDE_RECENCY_WINDOW,DIABETES_IN_ELIGIBILITY_ONLY,DRUG,UNKNOWN,18.0,70.0,2007
NCT05040971,Research Study Looking at How Well Semaglutide Works in People Living With Obesity and Prediabetes,Efficacy and Safety of Subcutaneous Semaglutide 2.4 mg Once-weekly in Subjects With Obesity and Prediabetes,COMPLETED,2021-09-06,2023-07-14,207,ACTUAL,ALL,18 Years,,Novo Nordisk A/S,INDUSTRY,True,,DIABETES_IN_ELIGIBILITY_ONLY,DRUG,INJECTABLE,18.0,,2021
NCT07369011,A Study of Eloralintide (LY3841136) in Participants With Obstructive Sleep Apnea and Obesity or Overweight,"A Master Protocol for Phase 3 Randomized, Double-Blind, Placebo-Controlled Studies to Investigate the Efficacy and Safety of Once Weekly Eloralintide in Adult Participants With Moderate to Severe Obstructive Sleep Apnea, and Obesity or Overweight",RECRUITING,2026-02-10,2028-04,800,ESTIMATED,ALL,18 Years,,Eli Lilly and Company,INDUSTRY,False,NO_OBESITY_TREATMENT_INTENT,DIABETES_IN_ELIGIBILITY_ONLY,DRUG,ORAL,18.0,,2026
NCT03850314,The Effects of Glycine on Atherosclerosis and Metabolic Syndrome-related Parameters.,The Effects of Glycine on Atherosclerosis and Metabolic Syndrome-related Parameters: A Clinical and Ex-vivo Study.,UNKNOWN,2019-03,2020-06,50,ESTIMATED,MALE,40 Years,65 Years,Prof. Tony hayek MD,OTHER,False,NO_DRUG_OR_BIOLOGICAL;NO_OBESITY_TREATMENT_INTENT,MISSING_LOCATIONS,DIETARY_SUPPLEMENT,UNKNOWN,40.0,65.0,2019
NCT06893016,Evaluation of RAY1225 in Adult Participants Who Have Obesity or Are Overweight,"A Multicenter, Randomized, Double-blind, Placebo-controlled Phase 3 Study Evaluating the Safety, Tolerability, and Efficacy of RAY1225 in Participants Who Have Obesity or Are Overweight",RECRUITING,2025-06-15,2026-09-15,640,ESTIMATED,ALL,18 Years,,"Guangdong Raynovent Biotech Co., Ltd",INDUSTRY,False,NO_OBESITY_TREATMENT_INTENT,,DRUG,UNKNOWN,18.0,,2025
NCT04885634,Semaglutide for the Reduction of Arrhythmia Burden in Overweight AF Patients,Semaglutide for the Reduction of Arrhythmia Burden in Overweight and Obese Patients With Atrial Fibrillation (Pilot Study),WITHDRAWN,2022-10,2024-11,0,ACTUAL,ALL,18 Years,,Axel Brandes,OTHER,True,,MISSING_LOCATIONS;DIABETES_IN_ELIGIBILITY_ONLY,DRUG,INJECTABLE,18.0,,2022
NCT00067145,Computer Intervention for Prevention of Weight Regain,,COMPLETED,,,300,,ALL,20 Years,,National Institute of Diabetes and Digestive and Kidney Diseases (NIDDK),NIH,False,NO_DRUG_OR_BIOLOGICAL;OUTSIDE_RECENCY_WINDOW,,BEHAVIORAL,UNKNOWN,20.0,,
NCT03435458,Balloon to Induce Labor in Generous Women.,Balloon to Induce Labor in Generous Women,TERMINATED,2020-06-26,2023-02-02,429,ACTUAL,FEMALE,18 Years,,"University Hospital, Toulouse",OTHER,False,NO_OBESITY_TREATMENT_INTENT,,COMBINATION_PRODUCT;DRUG,ORAL,18.0,,2020
NCT02768818,Modulation of the Intestinal Flora With the Probiotic VIVOMIXX™ in Pregnant Women at Risk of Metabolic Complications,Modulation of the Intestinal Flora With the Probiotic VIVOMIXX™ in Pregnant Women at Risk of Metabolic Complications,UNKNOWN,2016-01,2016-12,205,ESTIMATED,FEMALE,18 Years,40 Years,University of Modena and Reggio Emilia,OTHER,False,NO_DRUG_OR_BIOLOGICAL;NO_OBESITY_TREATMENT_INTENT,DIABETES_IN_ELIGIBILITY_ONLY,DIETARY_SUPPLEMENT,UNKNOWN,18.0,40.0,2016
NCT00944138,8-week Pilot Study of Relaxation for Weight Loss in Adults With Chronic Kidney Disease,Randomized 8-week Pilot Study of Relaxation Methods for Weight Loss in Adults With Chronic Kidney Disease,COMPLETED,2009-07,2009-10,20,ESTIMATED,ALL,18 Years,88 Years,Edward Hines Jr. VA Hospital,FED,False,NO_DRUG_OR_BIOLOGICAL;OUTSIDE_RECENCY_WINDOW,,BEHAVIORAL,UNKNOWN,18.0,88.0,2009
NCT03290846,Secretin Activates Human Brown Fat and Induces Satiation.,Secretin Increases Glucose Uptake in Human Brown Adipose Tissue and Induces Satiation.,COMPLETED,2016-08-02,2019-11-30,23,ACTUAL,MALE,18 Years,65 Years,Turku University Hospital,OTHER_GOV,False,NO_OBESITY_TREATMENT_INTENT,DIABETES_IN_ELIGIBILITY_ONLY,DRUG;OTHER,UNKNOWN,18.0,65.0,2016
NCT01758146,Impact of Obesity on the Efficacy of Endocrine Therapy With Aromatase Inhibitors,Impact of Obesity on the Efficacy of Endocrine Therapy With Aromatase Inhibitors in Postmenopausal Patients With Early Breast Cancer,UNKNOWN,2012-01,2020-06,412,ESTIMATED,FEMALE,45 Years,80 Years,"Post Graduate Institute of Medical Education and Research, Chandigarh",OTHER,False,NO_OBESITY_TREATMENT_INTENT,,DRUG,UNKNOWN,45.0,80.0,2012
NCT05132088,Research Study to Investigate How Well Semaglutide Tablets Taken Once Daily Work in East Asian People Who Are Overweight or Living With Obesity,Efficacy and Safety of Oral Semaglutide 50 mg Once Daily in East Asian Participants With Overweight or Obesity,COMPLETED,2021-11-16,2023-09-01,201,ACTUAL,ALL,18 Years,,Novo Nordisk A/S,INDUSTRY,True,,DIABETES_IN_ELIGIBILITY_ONLY,DRUG,ORAL,18.0,,2021
NCT04683237,Liraglutide Plus Megestrol Acetate in Endometrial Atypical Hyperplasia,Megestrol Acetate Versus Liraglutide Plus Megestrol Acetate in Obese Women with Endometrial Atypical Hyperplasia: a Randomized Controlled Pilot Clinical Study,WITHDRAWN,2021-03-20,2026-11-30,0,ACTUAL,FEMALE,18 Years,45 Years,Xiaojun Chen,OTHER,True,,MISSING_LOCATIONS;DIABETES_IN_ELIGIBILITY_ONLY,DRUG,INJECTABLE,18.0,45.0,2021
NCT02397499,Evaluating the Safety and Efficacy of LIPO-202 for the Reduction of Central Abdominal Bulging Due to Subcutaneous Fat,"A Multi-Center, Randomized, Double-Blinded, Placebo-Controlled Study Evaluating the Safety and Efficacy of LIPO-202 for the Reduction of Central Abdominal Bulging Due to Subcutaneous Fat in Non-Obese Subjects",COMPLETED,2015-04,,800,ESTIMATED,ALL,18 Years,,"Neothetics, Inc",INDUSTRY,False,NO_OBESITY_TREATMENT_INTENT,,DRUG,UNKNOWN,18.0,,2015
NCT01060592,LapBand Adjustment to Improve Early Weight Loss,Effect on Early Weight Loss by Adjusting Gastric Band During Surgery,COMPLETED,2009-10,2011-03,35,ACTUAL,ALL,18 Years,,Crospon,INDUSTRY,False,NO_DRUG_OR_BIOLOGICAL;OUTSIDE_RECENCY_WINDOW;NON_PHARMACOLOGICAL_PRIMARY_INTENT,,DEVICE,UNKNOWN,18.0,,2009
NCT00231530,"A Study of the Safety and Efficacy of Topiramate in the Treatment of Obese, Type 2 Diabetes Patients on a Controlled Diet","A Multicenter, Randomized, Double-Blind, Placebo-Controlled, Parallel-Group Study to Assess the Safety and Efficacy of Topiramate in the Treatment of Obese, Type 2 Diabetic Patients on a Controlled Diet",COMPLETED,2001-01,2002-05,541,ACTUAL,ALL,18 Years,75 Years,"Johnson & Johnson Pharmaceutical Research & Development, L.L.C.",INDUSTRY,False,OUTSIDE_RECENCY_WINDOW;DIABETES_PRIMARY_OVERLAP;NON_PHARMACOLOGICAL_PRIMARY_INTENT,MISSING_LOCATIONS,DRUG,UNKNOWN,18.0,75.0,2001
NCT00444392,Impact of Gastric Bypass Surgery on Risk of CVD in Type 2 Diabetes Mellitus,Impact of Gastric Bypass Surgery on Risk of CVD in Type 2 Diabetes Mellitus,COMPLETED,2007-03,2009-03,9,ACTUAL,ALL,18 Years,60 Years,Vanderbilt University,OTHER,False,NO_DRUG_OR_BIOLOGICAL;OUTSIDE_RECENCY_WINDOW;DIABETES_PRIMARY_OVERLAP;OFF_TARGET_THERAPEUTIC_INTENT;NO_OBESITY_TREATMENT_INTENT;NON_PHARMACOLOGICAL_PRIMARY_INTENT,,BEHAVIORAL,UNKNOWN,18.0,60.0,2007
NCT05309395,Food Prescriptions to Promote Affordable Diets,Food Prescriptions to Promote Affordable Diets That Meet RDAs Among Multi-generational Latino Households,RECRUITING,2021-08-21,2027-06-01,720,ESTIMATED,ALL,2 Years,,Kaiser Permanente,OTHER,False,NO_DRUG_OR_BIOLOGICAL;NO_OBESITY_TREATMENT_INTENT;NON_PHARMACOLOGICAL_PRIMARY_INTENT,INCLUDES_MINORS_AND_ADULTS;DIABETES_IN_ELIGIBILITY_ONLY,COMBINATION_PRODUCT,UNKNOWN,2.0,,2021
NCT04645719,Dose of Magnesium Sulfate Infusion in Obese,Best Dose of Magnesium Sulfate Infusion in Obese. A Blind and Randomized Trial,UNKNOWN,2022-04-01,2025-12-01,75,ESTIMATED,ALL,18 Years,60 Years,University of Sao Paulo General Hospital,OTHER,False,NO_OBESITY_TREATMENT_INTENT,,DRUG;OTHER,UNKNOWN,18.0,60.0,2022
NCT01108328,Evaluation of Subjective Ratings of Appetite and Glucoregulation of a Low Calorie Diet Supplemented With a High Viscosity Polysaccharide (PolyGlycopleX - PGX),"A Prospective, Single Crossover, Randomized, Double Blind Placebo Controlled Trial Evaluating Subjective Ratings of Appetite and Glucoregulation of a Low Calorie Diet Supplemented With a High Viscosity Polysaccharide (PolyGlycopleX - PGX) vs. Rice Flour Control, in Overweight and Moderately Obese Females.",COMPLETED,2010-06,2010-11,35,ACTUAL,FEMALE,20 Years,50 Years,Canadian Center for Functional Medicine,OTHER,False,NO_DRUG_OR_BIOLOGICAL;NO_OBESITY_TREATMENT_INTENT;NON_PHARMACOLOGICAL_PRIMARY_INTENT,DIABETES_IN_ELIGIBILITY_ONLY,DIETARY_SUPPLEMENT,UNKNOWN,20.0,50.0,2010
NCT03045341,Behavioral and Pharmacologic Treatment of Binge Eating and Obesity: Acute Treatment,Behavioral and Pharmacologic Treatment of Binge Eating and Obesity,COMPLETED,2017-02-27,2022-12-16,136,ACTUAL,ALL,18 Years,70 Years,Yale University,OTHER,False,NON_PHARMACOLOGICAL_PRIMARY_INTENT,,BEHAVIORAL;DRUG;OTHER,ORAL,18.0,70.0,2017
NCT00552942,Randomized Controlled Trial of Laparoscopic Gastric Bypass Plus Omentectomy Versus Laparoscopic Gastric Bypass Alone in Improving Diabetic Indices,Randomized Controlled Trial of Laparoscopic Gastric Bypass Plus Omentectomy Versus Laparoscopic Gastric Bypass Alone in Improving Diabetic Indices,UNKNOWN,2006-07,2008-07,40,ESTIMATED,ALL,18 Years,,Legacy Health System,OTHER,False,NO_DRUG_OR_BIOLOGICAL;OUTSIDE_RECENCY_WINDOW;OFF_TARGET_THERAPEUTIC_INTENT;NO_OBESITY_TREATMENT_INTENT,,PROCEDURE,UNKNOWN,18.0,,2006
NCT00808431,ST of TN-Salud Con La Familia: Prevent Onset of Ped Obesity,ST of TN-Salud Con La Familia: Prevent Onset of Ped Obesity,COMPLETED,2008-07,2010-06,100,ACTUAL,ALL,3 Years,5 Years,Vanderbilt University,OTHER,False,NO_DRUG_OR_BIOLOGICAL;EXCLUSIVELY_PEDIATRIC;OUTSIDE_RECENCY_WINDOW;NO_OBESITY_TREATMENT_INTENT,,BEHAVIORAL,UNKNOWN,3.0,5.0,2008
NCT02626741,Effect of a Meal Replacement on Weight Loss Obesity Patients With Metabolic Syndrome,Effect of a Meal Replacement on Weight Loss Obesity Patients With Metabolic Syndrome : A Randomized Controlled Trial,UNKNOWN,2015-02,2016-04,138,ESTIMATED,ALL,18 Years,,Mahidol University,OTHER,False,NO_DRUG_OR_BIOLOGICAL,DIABETES_IN_ELIGIBILITY_ONLY,BEHAVIORAL;DIETARY_SUPPLEMENT,UNKNOWN,18.0,,2015
NCT01557166,Effect of Liraglutide in Obese Subjects With Moderate or Severe Obstructive Sleep Apnoea: SCALE™ - Sleep Apnoea,"Effect of Liraglutide in Obese Subjects With Moderate or Severe Obstructive Sleep Apnoea. A 32 Week Randomised, Double-blind, Placebo-controlled, Parallel Group, Multi-centre and Multinational Trial",COMPLETED,2012-06-07,2013-06-17,359,ACTUAL,ALL,18 Years,64 Years,Novo Nordisk A/S,INDUSTRY,True,,DIABETES_IN_ELIGIBILITY_ONLY,DRUG,INJECTABLE,18.0,64.0,2012
NCT05646706,"A Research Study to See How Semaglutide Helps People With Excess Weight, Lose Weight (STEP UP)",Effect and Safety of Semaglutide 7.2 mg Once-weekly in Participants With Obesity,COMPLETED,2023-01-04,2024-11-26,1407,ACTUAL,ALL,18 Years,,Novo Nordisk A/S,INDUSTRY,True,,DIABETES_IN_ELIGIBILITY_ONLY,DRUG,INJECTABLE,18.0,,2023
NCT01598233,"Effects of Intragastric Balloon on Bone, Metabolic and Respiratory Parameters","Effects of Intragastric Balloon on Bone, Metabolic and Respiratory Parameters",COMPLETED,2011-03,2012-08,50,ACTUAL,ALL,20 Years,50 Years,Universidade Federal do Rio de Janeiro,OTHER,False,NO_DRUG_OR_BIOLOGICAL;NO_OBESITY_TREATMENT_INTENT,DIABETES_IN_ELIGIBILITY_ONLY,DEVICE,UNKNOWN,20.0,50.0,2011
NCT07387094,A Study of XW003 in Obese Participants With Obstructive Sleep Apnea But Not Receive Positive Airway Pressure Therapy,"A Multi-center, Randomized, Double-blind, Placebo-controlled Phase III Study to Assess the Efficacy and Safety of XW003 Injections in Obese Participants With Obstructive Sleep Apnea But Not Receive Positive Airway Pressure Therapy",RECRUITING,2026-02-09,2027-12-16,140,ESTIMATED,ALL,18 Years,75 Years,"Hangzhou Sciwind Biosciences Co., Ltd.",INDUSTRY,False,NO_OBESITY_TREATMENT_INTENT,DIABETES_IN_ELIGIBILITY_ONLY,DRUG,INJECTABLE,18.0,75.0,2026
NCT00580502,Safety and Efficacy of Adjustable Gastric Band Operations for Patients With Body Mass Index (BMI) Between 30-40 kg/m2,A Prospective Study to Evaluate the Safety and Efficacy of LAP-BAND® Adjustable Gastric Band (LAGB®) Operations for Patients With BMI Between 30-40 kg/m2 With Co-morbidities,COMPLETED,2004-03,2012-09,50,ACTUAL,ALL,18 Years,60 Years,NYU Langone Health,OTHER,False,NO_DRUG_OR_BIOLOGICAL;OUTSIDE_RECENCY_WINDOW;NO_OBESITY_TREATMENT_INTENT,MISSING_LOCATIONS,DEVICE,UNKNOWN,18.0,60.0,2004
NCT01681069,Efficacy and Safety of IQP-VV-102 in Weight Management,"Double-blind, Randomized, Placebo-controlled, Bicentric Clinical Investigation to Evaluate the Safety and Efficacy of IQP-VV-102 in Reducing Body Weight in Overweight and Obese Subjects",COMPLETED,2012-10,2013-06,120,ACTUAL,ALL,18 Years,60 Years,InQpharm Group,INDUSTRY,False,NO_DRUG_OR_BIOLOGICAL,,DIETARY_SUPPLEMENT;OTHER,UNKNOWN,18.0,60.0,2012
NCT01886495,Effect of High Protein Diet on Adiponectin and Inflammation Among Overweight and Obese Children,"High Protein Diet , Adiponectin and Inflammatory Factors",COMPLETED,2011-09,2012-09,50,ACTUAL,ALL,6 Years,11 Years,Isfahan University of Medical Sciences,OTHER,False,NO_DRUG_OR_BIOLOGICAL;EXCLUSIVELY_PEDIATRIC;NON_PHARMACOLOGICAL_PRIMARY_INTENT,,OTHER,UNKNOWN,6.0,11.0,2011
NCT02041754,Safety and Efficacy of IQP-AK-102 in Reducing Appetite,"Double Blind, Randomized, Placebo-controlled, Monocentric Clinical Investigation to Evaluate Efficacy of IQP-AK-102 on Appetite Reduction in Healthy Overweight and Obese Subjects",COMPLETED,2014-01,2014-08,40,ACTUAL,ALL,18 Years,65 Years,InQpharm Group,INDUSTRY,False,NO_DRUG_OR_BIOLOGICAL,,DEVICE,UNKNOWN,18.0,65.0,2014
NCT00263042,Comprehensive Rimonabant Evaluation Study of Cardiovascular ENDpoints and Outcomes,"Randomized, Multinational, Multicenter, Double-blind, Placebo-controlled, Two-arm Parallel Group Trial of Rimonabant 20 mg OD for Reducing the Risk of Major Cardiovascular Events in Abdominally Obese Patients With Clustering Risk Factors",TERMINATED,2005-12,2009-04,18695,ACTUAL,ALL,55 Years,,Sanofi,INDUSTRY,False,OUTSIDE_RECENCY_WINDOW;NO_OBESITY_TREATMENT_INTENT,DIABETES_IN_ELIGIBILITY_ONLY,DRUG,ORAL,55.0,,2005
NCT03926052,Cognitive-Behavioral and Pharmacologic (LDX) Treatment of Binge-Eating Disorder and Obesity: Maintenance Treatment,Cognitive-Behavioral and Pharmacologic (LDX) Treatment of Binge-Eating Disorder and Obesity,COMPLETED,2019-08-07,2024-11-18,61,ACTUAL,ALL,18 Years,64 Years,Yale University,OTHER,False,NO_OBESITY_TREATMENT_INTENT;NON_PHARMACOLOGICAL_PRIMARY_INTENT,DIABETES_IN_ELIGIBILITY_ONLY,DRUG,UNKNOWN,18.0,64.0,2019
NCT04844918,A Study of Tirzepatide (LY3298176) in Participants With Obesity Disease,"Efficacy and Safety of Once-Weekly Tirzepatide in Participants With Obesity Disease: A Randomized, Double-Blind, Placebo-Controlled Trial (SURMOUNT-J)",COMPLETED,2021-05-10,2023-06-24,267,ACTUAL,ALL,20 Years,,Eli Lilly and Company,INDUSTRY,True,,DIABETES_IN_ELIGIBILITY_ONLY,DRUG;OTHER,UNKNOWN,20.0,,2021
NCT04102189,A Research Study on How Well Semaglutide Works in Adolescents With Overweight or Obesity,Effect and Safety of Semaglutide 2.4 mg Once Weekly on Weight Management in Adolescents With Overweight or Obesity,COMPLETED,2019-10-07,2022-03-28,201,ACTUAL,ALL,12 Years,17 Years,Novo Nordisk A/S,INDUSTRY,False,EXCLUSIVELY_PEDIATRIC,DIABETES_IN_ELIGIBILITY_ONLY,DRUG;OTHER,UNKNOWN,12.0,17.0,2019
NCT00165685,A Comparative Study of KES524 in Patients With Obesity Disease,"A Double-Blind, Placebo-Controlled, Comparative Study of KES524 in Patients With Obesity Disease",COMPLETED,2004-07,2007-03,,,ALL,20 Years,64 Years,Eisai Limited,INDUSTRY,False,OUTSIDE_RECENCY_WINDOW;NO_OBESITY_TREATMENT_INTENT,DIABETES_IN_ELIGIBILITY_ONLY,DRUG,UNKNOWN,20.0,64.0,2004
NCT04599478,Pharmacological and Behavioral Treatment After Bariatric Surgery: Acute (Stage 1),Pharmacological and Behavioral Treatments to Treat Loss-of-Control Eating and Improve Weight Outcomes After Bariatric Surgery: Acute (Stage 1),ACTIVE_NOT_RECRUITING,2021-06-29,2027-01,160,ESTIMATED,ALL,18 Years,70 Years,Yale University,OTHER,False,OFF_TARGET_THERAPEUTIC_INTENT;NON_PHARMACOLOGICAL_PRIMARY_INTENT,DIABETES_IN_ELIGIBILITY_ONLY,BEHAVIORAL;DRUG;OTHER,ORAL,18.0,70.0,2021
NCT01814072,Opt-IN: Optimization of Remotely Delivered Intensive Lifestyle Treatment for Obesity,Opt-IN: Optimization of Remotely Delivered Intensive Lifestyle Treatment for Obesity,COMPLETED,2013-09,2017-09-20,562,ACTUAL,ALL,18 Years,60 Years,Northwestern University,OTHER,False,NO_DRUG_OR_BIOLOGICAL;NO_OBESITY_TREATMENT_INTENT;NON_PHARMACOLOGICAL_PRIMARY_INTENT,DIABETES_IN_ELIGIBILITY_ONLY,BEHAVIORAL,UNKNOWN,18.0,60.0,2013
NCT07226765,Maridebart Cafraglutide Versus Placebo in Adult Participants With Obstructive Sleep Apnea Not on Positive Airway Pressure (PAP) Therapy,"A Phase 3 Randomized, Double-blind, Placebo-controlled Study to Evaluate the Efficacy, Safety, and Tolerability of Maridebart Cafraglutide in Adult Participants With Obstructive Sleep Apnea Not on Positive Airway Pressure Therapy and Living With Overweight or Obesity (MARITIME-OSA-2)",RECRUITING,2025-11-25,2028-09-13,250,ESTIMATED,ALL,18 Years,99 Years,Amgen,INDUSTRY,True,,,DRUG,UNKNOWN,18.0,99.0,2025
NCT02754258,The Effects of Methylphenidate on Energy Intake and Energy Expenditure,The Effects of Methylphenidate on the Reduction of Food Energy Intake and on the Augmentation of Energy Expenditure,UNKNOWN,2017-01,2018-12,40,ESTIMATED,ALL,16 Years,40 Years,Children's Hospital of Eastern Ontario,OTHER,False,NO_OBESITY_TREATMENT_INTENT,INCLUDES_MINORS_AND_ADULTS;DIABETES_IN_ELIGIBILITY_ONLY,DRUG,ORAL,16.0,40.0,2017
NCT07684235,"Extension Trial to Evaluate the Long-term Efficacy, Safety, and Tolerability of Maridebart Cafraglutide (MARITIME-1-EXTENSION)","A Phase 3, Randomized, Double-Blind Extension Trial to Evaluate the Long-term Efficacy, Safety, and Tolerability of Maridebart Cafraglutide in Participants With Obesity or Overweight",NOT_YET_RECRUITING,2026-07-29,2028-03-19,3200,ESTIMATED,ALL,18 Years,99 Years,Amgen,INDUSTRY,True,,MISSING_LOCATIONS,DRUG,INJECTABLE,18.0,99.0,2026
NCT00202748,Change of Lifestyle by Persons in Risk of Type 2 Diabetes,Phase 3 Study of Changing of Lifestyle by Persons in Risk of Type 2 Diabetes,UNKNOWN,2004-03,2007-03,220,,ALL,20 Years,64 Years,Sorlandet Hospital HF,OTHER_GOV,False,NO_DRUG_OR_BIOLOGICAL;OUTSIDE_RECENCY_WINDOW;DIABETES_PRIMARY_OVERLAP;NO_OBESITY_TREATMENT_INTENT;NON_PHARMACOLOGICAL_PRIMARY_INTENT,,BEHAVIORAL,UNKNOWN,20.0,64.0,2004
NCT00166699,A Trial of the Use of Ultrasound to Aid the Insertion of Combined Spinal Epidural Anaesthesia,The Clinical Evaluation of a Novel Ultrasound Probe to Guide the Insertion of Central Regional Anaesthesia Using a Regional Anaesthetic Needle Modified to Aid Insertion Under Ultrasound Guidance in Morbidly Obese Women Undergoing Elective Caesarean Section,COMPLETED,2005-09,2007-09,42,ACTUAL,FEMALE,,,NHS Greater Glasgow and Clyde,OTHER,False,NO_DRUG_OR_BIOLOGICAL;OUTSIDE_RECENCY_WINDOW;OFF_TARGET_THERAPEUTIC_INTENT;NO_OBESITY_TREATMENT_INTENT,MISSING_OR_UNPARSED_MINIMUM_AGE,PROCEDURE,UNKNOWN,,,2005
NCT06904105,A Trial of HRS-7535 Tablets in Subjects With Overweight or Obesity,A Phase 3 Clinical Study to Evaluate the Efficacy and Safety of HRS-7535 Tablets in Subjects With Overweight or Obesity,COMPLETED,2025-04-10,2026-06-12,556,ACTUAL,ALL,18 Years,75 Years,"Shandong Suncadia Medicine Co., Ltd.",INDUSTRY,True,,,DRUG,ORAL,18.0,75.0,2025
NCT00781937,Comparison of Liraglutide Versus Placebo in Weight Loss Maintenance in Obese Subjects: SCALE - Maintenance,"Effect of Liraglutide on Long-term Weight Maintenance and Additional Weight Loss Induced by a 4 to 12 Week Low Calorie Diet in Obese Subjects; A 56 Week Randomised, Double-blind, Placebo Controlled, Parallel Group, Multicentre Trial With a 12 Week Follow-up Period",COMPLETED,2008-10-30,2010-09-01,422,ACTUAL,ALL,18 Years,,Novo Nordisk A/S,INDUSTRY,False,OUTSIDE_RECENCY_WINDOW;NON_PHARMACOLOGICAL_PRIMARY_INTENT,DIABETES_IN_ELIGIBILITY_ONLY,DRUG,INJECTABLE,18.0,,2008
NCT00896545,Early Childhood Prevention of Childhood Overweight,Development of an Early Intervention for the Prevention of Childhood Obesity,COMPLETED,2008-11,2011-05,100,ESTIMATED,ALL,2 Years,4 Years,Stanford University,OTHER,False,NO_DRUG_OR_BIOLOGICAL;EXCLUSIVELY_PEDIATRIC;OUTSIDE_RECENCY_WINDOW;NO_OBESITY_TREATMENT_INTENT,,BEHAVIORAL,ORAL,2.0,4.0,2008
NCT01106053,Pramipexole for Binge Eating Disorder,"An Exploration of the Effects of the Dopamine Agonist Pramipexole on Binge Antecedants, Binge Frequency, and Weight in Binge Eating Disorder",WITHDRAWN,2010-04,,0,ACTUAL,ALL,18 Years,50 Years,"Neuropsychiatric Research Institute, Fargo, North Dakota",OTHER,False,NO_OBESITY_TREATMENT_INTENT,MISSING_LOCATIONS,DRUG,ORAL,18.0,50.0,2010
NCT00567255,A Safety and Efficacy Study of Naltrexone SR/Bupropion SR in Overweight and Obese Subjects,"A Multicenter, Randomized, Double Blind, Placebo Controlled Study Comparing the Safety and Efficacy of Naltrexone Sustained Release (SR)/Bupropion Sustained Release (SR) and Placebo in Obese Subjects",COMPLETED,2007-12,2009-06,1496,ACTUAL,ALL,18 Years,65 Years,"Orexigen Therapeutics, Inc",INDUSTRY,False,OUTSIDE_RECENCY_WINDOW,DIABETES_IN_ELIGIBILITY_ONLY,BEHAVIORAL;DRUG,UNKNOWN,18.0,65.0,2007
NCT01546792,Lifestyle Intervention in Obstructive Sleep Apnoea,"Effects of a Lifestyle Intervention on Quality of Life, Weight Loss and Cardiovascular Risk in Patients With Obstructive Sleep Apnoea Established on Continuous Positive Airway Pressure",COMPLETED,2010-01,2011-12,60,ACTUAL,ALL,18 Years,85 Years,Sheffield Teaching Hospitals NHS Foundation Trust,OTHER,False,NO_DRUG_OR_BIOLOGICAL;NON_PHARMACOLOGICAL_PRIMARY_INTENT,,BEHAVIORAL,UNKNOWN,18.0,85.0,2010
NCT00566189,New Frontiers on Bariatric Surgical Procedures: Classical Bypass for Type-2 Diabetic Patients With Obesity Grade I,New Frontiers on Bariatric Surgical Procedures. Classical Bypass for Type 2 Diabetic Patients With BMI Between 30 and 34.9 kg/m2,COMPLETED,2007-08,2012-12,36,ACTUAL,ALL,18 Years,60 Years,"University of Campinas, Brazil",OTHER,False,NO_DRUG_OR_BIOLOGICAL;OUTSIDE_RECENCY_WINDOW;NO_OBESITY_TREATMENT_INTENT;NON_PHARMACOLOGICAL_PRIMARY_INTENT,DIABETES_IN_ELIGIBILITY_ONLY,PROCEDURE,UNKNOWN,18.0,60.0,2007
NCT02963935,Effect and Safety of Liraglutide 3.0 mg as an Adjunct to Intensive Behaviour Therapy for Obesity in a Non-specialist Setting,Effect and Safety of Liraglutide 3.0 mg as an Adjunct to Intensive Behaviour Therapy for Obesity in a Non-specialist Setting,COMPLETED,2017-02-06,2018-06-19,282,ACTUAL,ALL,18 Years,,Novo Nordisk A/S,INDUSTRY,True,,DIABETES_IN_ELIGIBILITY_ONLY,BEHAVIORAL;DRUG,INJECTABLE,18.0,,2017
NCT06184568,A Study Comparing IBI362 vs Semaglutide in Chinese Adults With Early Type 2 Diabetes and Obesity,"A Multicenter, Randomized, Open-label Phase 3 Study Comparing the Efficacy and Safety of IBI362 Versus Semaglutide in Chinese Participants With Early Type 2 Diabetes and Obesity (DREAMS-3)",COMPLETED,2024-02-29,2026-02-09,349,ACTUAL,ALL,18 Years,,Innovent Biologics (Suzhou) Co. Ltd.,INDUSTRY,False,DIABETES_PRIMARY_OVERLAP,,DRUG,INJECTABLE,18.0,,2024
NCT03192566,Acetaminophen Dosing in Obese Adolescents,The Pharmacokinetics of Intravenous Acetaminophen and Its Metabolites in Obese Children and Adolescents,SUSPENDED,2016-08,2025-09,6,ESTIMATED,ALL,10 Years,18 Years,Children's National Research Institute,OTHER,False,NO_OBESITY_TREATMENT_INTENT,INCLUDES_MINORS_AND_ADULTS;DIABETES_IN_ELIGIBILITY_ONLY,DRUG,UNKNOWN,10.0,18.0,2016
NCT02355041,Meal Replacement Study,Pilot Meal Replacement-Based Diet Effectiveness Study,WITHDRAWN,2015-02,2015-09,0,ACTUAL,ALL,18 Years,24 Years,Icahn School of Medicine at Mount Sinai,OTHER,False,NO_DRUG_OR_BIOLOGICAL;NO_OBESITY_TREATMENT_INTENT;NON_PHARMACOLOGICAL_PRIMARY_INTENT,MISSING_LOCATIONS;DIABETES_IN_ELIGIBILITY_ONLY,BEHAVIORAL,UNKNOWN,18.0,24.0,2015
NCT00600483,Safety and Efficacy of an Antibiotic Implant in Cardiac Surgical Subjects at Higher Risk for Sternal Wound Infection,"A Randomized, Controlled, Phase 3 Study of Gentamicin-Collagen Sponge in Cardiac Surgical Subjects at Higher Risk for Sternal Wound Infection",COMPLETED,2007-12,2010-09,1502,ACTUAL,ALL,18 Years,,Innocoll,INDUSTRY,False,OUTSIDE_RECENCY_WINDOW;NO_OBESITY_TREATMENT_INTENT;NON_PHARMACOLOGICAL_PRIMARY_INTENT,DIABETES_IN_ELIGIBILITY_ONLY,DRUG,UNKNOWN,18.0,,2007
NCT01114451,Early Versus Delayed Skin Staple Removal Following Cesarean Delivery in the Obese Patient,A Randomized Controlled Trial of Early Versus Delayed Skin Staple Removal Following Cesarean Delivery in the Obese Patient,TERMINATED,2009-10,2012-02,292,ACTUAL,FEMALE,18 Years,52 Years,Prisma Health-Upstate,OTHER,False,NO_DRUG_OR_BIOLOGICAL;OUTSIDE_RECENCY_WINDOW;NO_OBESITY_TREATMENT_INTENT,,PROCEDURE,UNKNOWN,18.0,52.0,2009
NCT02832219,Medium-term Effects of Molecular Hydrogen on Metabolic Fitness in Obesity,Medium-term Effects of Molecular Hydrogen on Metabolic Fitness in Obesity,COMPLETED,2016-01,2016-05,12,ACTUAL,FEMALE,55 Years,,"Center for Health Sciences, Serbia",OTHER,False,NO_DRUG_OR_BIOLOGICAL;NO_OBESITY_TREATMENT_INTENT,,DIETARY_SUPPLEMENT,UNKNOWN,55.0,,2016
NCT02564445,Using Social Incentives and Gamification for Weight Loss Promotion,Using Social Incentives and Gamification for Weight Loss Promotion,COMPLETED,2016-01,2016-12,196,ACTUAL,ALL,18 Years,70 Years,University of Pennsylvania,OTHER,False,NO_DRUG_OR_BIOLOGICAL,MISSING_LOCATIONS,BEHAVIORAL,UNKNOWN,18.0,70.0,2016
NCT06972459,A Study of Orforglipron (LY3502970) in Participants With Obesity or Overweight and at Least One Weight-Related Comorbidity,A Master Protocol to Investigate the Efficacy and Safety of Orforglipron Tablet Once Daily Compared With Placebo in Participants With Obesity or Overweight With and Without Type 2 Diabetes,ACTIVE_NOT_RECRUITING,2025-05-15,2027-08,800,ESTIMATED,ALL,18 Years,,Eli Lilly and Company,INDUSTRY,True,,DIABETES_IN_ELIGIBILITY_ONLY,DRUG,ORAL,18.0,,2025
NCT00807768,"Pelvic Radiation Therapy or Vaginal Implant Radiation Therapy, Paclitaxel, and Carboplatin in Treating Patients With High-Risk Stage I or Stage II Endometrial Cancer","A Phase III Trial of Pelvic Radiation Therapy Versus Vaginal Cuff Brachytherapy Followed by Paclitaxel/Carboplatin Chemotherapy in Patients With High Risk, Early Stage Endometrial Carcinoma",UNKNOWN,2009-03-23,,601,ACTUAL,FEMALE,18 Years,,Gynecologic Oncology Group,NETWORK,False,OUTSIDE_RECENCY_WINDOW;NO_OBESITY_TREATMENT_INTENT,,DRUG;OTHER;RADIATION,UNKNOWN,18.0,,2009
NCT01724970,Laryngeal Masks for Bariatric Surgery,A Randomized Comparative Study on Proseal LMATM and Supreme LMATM for Bariatric Surgery.,UNKNOWN,2012-07,2014-07,80,ESTIMATED,ALL,18 Years,65 Years,University of Padova,OTHER,False,NO_DRUG_OR_BIOLOGICAL;OFF_TARGET_THERAPEUTIC_INTENT;NO_OBESITY_TREATMENT_INTENT;NON_PHARMACOLOGICAL_PRIMARY_INTENT,,DEVICE,UNKNOWN,18.0,65.0,2012
NCT01242241,Propofol in Obese Children,Propofol in Obese Children,COMPLETED,2008-04-01,2011-12,80,ACTUAL,ALL,3 Years,17 Years,Baylor College of Medicine,OTHER,False,EXCLUSIVELY_PEDIATRIC;OUTSIDE_RECENCY_WINDOW;NO_OBESITY_TREATMENT_INTENT,,DRUG,UNKNOWN,3.0,17.0,2008
NCT00737347,Prevention of Weight Gain in Adult Patients With Type 2 Diabetes Treated With Pioglitazone,Prevention of Weight Gain in Adult Patients With Type 2 Diabetes Treated With Pioglitazone,COMPLETED,2003-09,2008-04,39,ACTUAL,ALL,21 Years,65 Years,Northwestern University,OTHER,False,NO_DRUG_OR_BIOLOGICAL;OUTSIDE_RECENCY_WINDOW;DIABETES_PRIMARY_OVERLAP;NO_OBESITY_TREATMENT_INTENT,,BEHAVIORAL,UNKNOWN,21.0,65.0,2003
NCT05064735,Research Study Looking at How Well Semaglutide Works in People Suffering From Obesity and Knee Osteoarthritis,Effect of Subcutaneous Semaglutide 2.4 mg Once-weekly Compared to Placebo in Subjects With Obesity and Knee Osteoarthritis,COMPLETED,2021-10-01,2023-09-08,407,ACTUAL,ALL,,,Novo Nordisk A/S,INDUSTRY,True,,MISSING_OR_UNPARSED_MINIMUM_AGE,DRUG,INJECTABLE,,,2021
NCT04697381,Study of the Efficacy and Safety of Somatropin in Japanese Participants With PWS,"A PHASE 3 MULTICENTER, OPEN LABEL, MULTI COHORT STUDY TO EVALUATE THE EFFICACY AND SAFETY OF SOMATROPIN IN JAPANESE PARTICIPANTS WITH PRADER-WILLI SYNDROME (PWS)",COMPLETED,2021-02-09,2024-04-15,33,ACTUAL,ALL,0 Years,,Pfizer,INDUSTRY,False,NO_OBESITY_TREATMENT_INTENT,INCLUDES_MINORS_AND_ADULTS;DIABETES_IN_ELIGIBILITY_ONLY,BIOLOGICAL,UNKNOWN,0.0,,2021
NCT00541567,BMS-646256 in Obese and Overweight Type 2 Diabetics,"A Placebo-Controlled, Randomized, Double-Blind, Parallel Arm, Multicenter, Dose-Ranging Phase IIb Trial to Assess Glycemic and Weight Loss Efficacy and Safety of BMS-646256 in Overweight and Obese Patients With Type 2 Diabetes Inadequately Controlled by Diet and Exercise Only or With Metformin or Sulfonylurea Monotherapy",WITHDRAWN,2008-03,2010-06,600,ESTIMATED,ALL,18 Years,70 Years,Solvay Pharmaceuticals,INDUSTRY,False,OUTSIDE_RECENCY_WINDOW;DIABETES_PRIMARY_OVERLAP;NON_PHARMACOLOGICAL_PRIMARY_INTENT,MISSING_LOCATIONS,DRUG,ORAL,18.0,70.0,2008
NCT05457530,Doravirine and Weight Gain in Antiretroviral Naive,"Effect of Modified, Rapid-start, DOR/3TC/TDF or DOR + FTC/TAF or BIC/FTC/TAF on Body Weight and Composition, Metabolic Risk Parameters, and Measures of Bone Strength in Treatment-Naïve Black and Hispanic Women With HIV-1 Infection",WITHDRAWN,2022-08-01,2023-05-03,0,ACTUAL,FEMALE,18 Years,,Prism Health North Texas,OTHER,False,OFF_TARGET_THERAPEUTIC_INTENT;NO_OBESITY_TREATMENT_INTENT,,COMBINATION_PRODUCT;DRUG,UNKNOWN,18.0,,2022
NCT02527200,Effect of Liraglutide for Weight Management in Paediatric Subjects With Prader-Willi Syndrome,Effect of Liraglutide for Weight Management in Paediatric Subjects With Prader-Willi Syndrome.,COMPLETED,2015-11-09,2020-11-19,56,ACTUAL,ALL,6 Years,18 Years,Novo Nordisk A/S,INDUSTRY,True,,INCLUDES_MINORS_AND_ADULTS;DIABETES_IN_ELIGIBILITY_ONLY,DRUG,INJECTABLE,6.0,18.0,2015
NCT05649137,A Research Study to See How Semaglutide Helps People With Excess Weight and Type 2 Diabetes Lose Weight,Effect and Safety of Semaglutide 7.2 mg Once-weekly in Participants With Obesity and Type 2 Diabetes,COMPLETED,2023-01-04,2024-12-13,512,ACTUAL,ALL,18 Years,,Novo Nordisk A/S,INDUSTRY,False,DIABETES_PRIMARY_OVERLAP,,DRUG,INJECTABLE,18.0,,2023
NCT07282600,"A Study of Eloralintide (LY3841136) in Participants With Obesity or Overweight, and Type 2 Diabetes","A Phase 3 Randomized, Double-Blind, Placebo-Controlled Study to Investigate the Efficacy and Safety of Once Weekly Eloralintide in Adult Participants With Obesity or Overweight, and Type 2 Diabetes",RECRUITING,2025-12-15,2028-02,1035,ESTIMATED,ALL,18 Years,,Eli Lilly and Company,INDUSTRY,False,DIABETES_PRIMARY_OVERLAP,,DRUG,ORAL,18.0,,2025
NCT00823992,A Study of Taspoglutide Versus Placebo for the Treatment of Obese Patients With Type 2 Diabetes Mellitus Inadequately Controlled With Metformin Monotherapy,"A Randomized, Double-blind, Placebo-controlled Study to Assess the Effect of Taspoglutide on Glycemic Control, and Its Safety and Tolerability, in Obese Patients With Type 2 Diabetes Mellitus Inadequately Controlled With Metformin Monotherapy.",COMPLETED,2009-01,2010-05,305,ACTUAL,ALL,18 Years,75 Years,Hoffmann-La Roche,INDUSTRY,False,OUTSIDE_RECENCY_WINDOW;DIABETES_PRIMARY_OVERLAP;NO_OBESITY_TREATMENT_INTENT,,DRUG,UNKNOWN,18.0,75.0,2009
NCT01607177,Do Text Message Reminders Increase Preoperative Exercise in Obesity Surgery Candidates?,Text Messaging to Improve Adherence to Prehabilitation in Patients Undergoing Bariatric Surgery: a Randomised Controlled Trial,COMPLETED,2012-08,2013-09,102,ACTUAL,ALL,20 Years,60 Years,"University of Auckland, New Zealand",OTHER,False,NO_DRUG_OR_BIOLOGICAL;OFF_TARGET_THERAPEUTIC_INTENT;NO_OBESITY_TREATMENT_INTENT;NON_PHARMACOLOGICAL_PRIMARY_INTENT,,BEHAVIORAL,UNKNOWN,20.0,60.0,2012
NCT07629544,A Study of DA-302168S in Participants With Overweight/Obesity,"A Multicenter, Randomized, Double-Blind, Placebo-Controlled Phase III Clinical Study to Evaluate the Efficacy and Safety of DA-302168S Tablets in Overweight/Obese Participants",NOT_YET_RECRUITING,2026-06-27,2027-10-19,840,ESTIMATED,ALL,18 Years,75 Years,"Chendu DIAO Pharmaceutical Group CO., LTD.",INDUSTRY,False,NO_OBESITY_TREATMENT_INTENT,DIABETES_IN_ELIGIBILITY_ONLY,DRUG,ORAL,18.0,75.0,2026
NCT01552642,An Interactive Web-based Intervention to Achieve Healthy Weight in Young Children,An Interactive Web-based Intervention to Achieve Healthy Weight in Young Children,COMPLETED,2013-02,2015-05,77,ACTUAL,ALL,,,"University of Wisconsin, Madison",OTHER,False,NO_DRUG_OR_BIOLOGICAL;NO_OBESITY_TREATMENT_INTENT,MISSING_OR_UNPARSED_MINIMUM_AGE,BEHAVIORAL,UNKNOWN,,,2013
NCT00038727,Diabetes Prevention Program Outcomes Study,Diabetes Prevention Program Outcomes Study,COMPLETED,1996-07-31,2022-04-30,2779,ACTUAL,ALL,25 Years,,National Institute of Diabetes and Digestive and Kidney Diseases (NIDDK),NIH,False,OUTSIDE_RECENCY_WINDOW;NO_OBESITY_TREATMENT_INTENT,DIABETES_IN_ELIGIBILITY_ONLY,BEHAVIORAL;DRUG,UNKNOWN,25.0,,1996
NCT06937086,Mirikizumab Administered at the Same Time as Tirzepatide in Adult Participants With Moderately to Severely Active Ulcerative Colitis and Obesity or Overweight: Phase 3b Study,"A Phase 3b, Randomized, Multicenter, Controlled Study of Mirikizumab and Placebo or Mirikizumab Concomitantly Administered With Tirzepatide in Adult Participants With Moderately to Severely Active Ulcerative Colitis and Obesity or Overweight",RECRUITING,2025-06-26,2028-04,350,ESTIMATED,ALL,18 Years,70 Years,Eli Lilly and Company,INDUSTRY,True,,DIABETES_IN_ELIGIBILITY_ONLY,DRUG,UNKNOWN,18.0,70.0,2025
NCT02147041,The Effect of Extract of Green Tea on Obese Women and Obese Related Hormone Peptides,The Effect of Extract of Green Tea on Obese Women Obese Related Hormone Peptides,UNKNOWN,2012-05,2014-08,92,ESTIMATED,FEMALE,20 Years,60 Years,Taipei City Hospital,OTHER_GOV,False,NO_OBESITY_TREATMENT_INTENT,,DRUG,UNKNOWN,20.0,60.0,2012
NCT02227420,Effects of IL-1 Beta on the HPA-axis in Obese Persons,Effects of IL-1 Beta on the Hypothalamic-pituitary-adrenal (HPA) Axis in Obese Persons - the CortIL-Study,COMPLETED,2014-10,2016-07,76,ACTUAL,ALL,18 Years,80 Years,"University Hospital, Basel, Switzerland",OTHER,False,NO_OBESITY_TREATMENT_INTENT,DIABETES_IN_ELIGIBILITY_ONLY,DRUG,UNKNOWN,18.0,80.0,2014
NCT07648225,UBT251 Injection Phase Ⅲ Study (Overweight or Obesity),A PhaseⅢ Study to Evaluate the Efficacy and Safety of UBT251 Injection in Overweight/Obese Patients,NOT_YET_RECRUITING,2026-07-31,2027-11-03,600,ESTIMATED,ALL,18 Years,75 Years,"The United Bio-Technology (Hengqin) Co., Ltd.",INDUSTRY,True,,DIABETES_IN_ELIGIBILITY_ONLY,DRUG,INJECTABLE,18.0,75.0,2026
NCT04660643,A Study of Tirzepatide (LY3298176) in Participants With Obesity or Overweight for the Maintenance of Weight Loss,"Efficacy and Safety of Tirzepatide Once Weekly Versus Placebo for Maintenance of Weight Loss in Participants Without Type 2 Diabetes Who Have Obesity or Are Overweight With Weight-Related Comorbidities: A Randomized, Double-Blind, Placebo-Controlled Trial (SURMOUNT-4)",COMPLETED,2021-03-29,2023-05-18,783,ACTUAL,ALL,18 Years,,Eli Lilly and Company,INDUSTRY,True,,DIABETES_IN_ELIGIBILITY_ONLY,DRUG;OTHER,UNKNOWN,18.0,,2021
NCT00395135,BLOOM: Behavioral Modification and Lorcaserin for Overweight and Obesity Management,"BLOOM: Behavioral Modification and Lorcaserin for Overweight and Obesity Management; A 104-Week, Double-blind, Randomized, Placebo-controlled, Parallel-group Study to Assess the Safety and Efficacy of Lorcaserin Hydrochloride in Obese Patients",COMPLETED,2006-11,2009-02,3182,ACTUAL,ALL,18 Years,65 Years,Eisai Inc.,INDUSTRY,False,OUTSIDE_RECENCY_WINDOW;NON_PHARMACOLOGICAL_PRIMARY_INTENT,DIABETES_IN_ELIGIBILITY_ONLY,DRUG,ORAL,18.0,65.0,2006
NCT06174779,A Study to Evaluate Efficacy and Safety of HM11260C in Adult Obesity Patients Without Diabetes Mellitus,"A Multicenter, Randomized, Double-blind, Phase 3 Study to Evaluate Efficacy and Safety of HM11260C in Adult Obesity Patients Without Diabetes Mellitus",COMPLETED,2024-01-03,2026-03-13,448,ACTUAL,ALL,19 Years,,Hanmi Pharmaceutical Company Limited,INDUSTRY,False,NO_OBESITY_TREATMENT_INTENT,DIABETES_IN_ELIGIBILITY_ONLY,DRUG,UNKNOWN,19.0,,2024
NCT04131582,Effect of Empagliflozin + Linagliptin + Metformin + Lifestyle in Patients With Prediabetes,"Effect of a Quadruple Therapy on Pancreatic Islet Function, Insulin Resistance and Cardiovascular Function in Patients With Mixed Prediabetes and Obesity: Randomized Clinical Trial",UNKNOWN,2019-09-01,2020-12-30,34,ESTIMATED,ALL,18 Years,65 Years,Universidad de Guanajuato,OTHER,False,NO_OBESITY_TREATMENT_INTENT;NON_PHARMACOLOGICAL_PRIMARY_INTENT,DIABETES_IN_ELIGIBILITY_ONLY,COMBINATION_PRODUCT;DRUG,UNKNOWN,18.0,65.0,2019
NCT07321886,"A Study of Eloralintide (LY3841136) in Participants With Obesity, or Overweight Without Type 2 Diabetes","A Phase 3 Randomized, Double-Blind, Placebo-Controlled Study to Investigate the Efficacy and Safety of Once Weekly Eloralintide in Adult Participants With Obesity or Overweight, Without Type 2 Diabetes",RECRUITING,2026-02-06,2030-07,1980,ESTIMATED,ALL,18 Years,,Eli Lilly and Company,INDUSTRY,True,,DIABETES_IN_ELIGIBILITY_ONLY,DRUG,ORAL,18.0,,2026
NCT03287960,Setmelanotide for the Treatment of Leptin Receptor (LEPR) Deficiency Obesity,"An Open Label, 1-Year Trial, Including a Double-Blind Placebo-Controlled Withdrawal Period, of Setmelanotide (RM-493), a Melanocortin 4 Receptor (MC4R) Agonist, in Leptin Receptor (LEPR) Deficiency Obesity Due to Bi-Allelic Loss-of-Function LEPR Genetic Mutation",COMPLETED,2018-01-30,2020-09-25,15,ACTUAL,ALL,6 Years,,"Rhythm Pharmaceuticals, Inc.",INDUSTRY,True,,INCLUDES_MINORS_AND_ADULTS,DRUG,INJECTABLE,6.0,,2018
NCT06948435,A Master Protocol Study of Orforglipron (LY3502970) in Participants With Hypertension and Obesity or Overweight (ATTAIN-Hypertension) GZL1,"A Master Protocol to Investigate the Efficacy and Safety of Orforglipron Once Daily in Participants With Hypertension and Obesity or Overweight: Randomized, Double-Blind, Placebo-Controlled Trials (ATTAIN-HYPERTENSION)",ACTIVE_NOT_RECRUITING,2025-04-30,2027-09,487,ESTIMATED,ALL,18 Years,,Eli Lilly and Company,INDUSTRY,True,,,DRUG,ORAL,18.0,,2025
NCT00123526,Workplace-Sponsored Diet and Exercise Program to Reduce Obesity,Active Living and Healthy Diet at the Workplace,COMPLETED,2004-09,2008-06,899,ACTUAL,ALL,18 Years,65 Years,"University of Massachusetts, Worcester",OTHER,False,NO_DRUG_OR_BIOLOGICAL;OUTSIDE_RECENCY_WINDOW;NO_OBESITY_TREATMENT_INTENT;NON_PHARMACOLOGICAL_PRIMARY_INTENT,,BEHAVIORAL,UNKNOWN,18.0,65.0,2004
NCT01601704,Cardiovascular Outcomes Study of Naltrexone SR/Bupropion SR in Overweight and Obese Subjects With Cardiovascular Risk Factors (The Light Study),"A Multicenter, Randomized, Double-Blind, Placebo-Controlled Study Assessing the Occurrence of Major Adverse Cardiovascular Events (MACE) in Overweight and Obese Subjects With Cardiovascular Risk Factors Receiving Naltrexone SR/Bupropion SR",TERMINATED,2012-06,2015-08,8910,ACTUAL,ALL,45 Years,,"Orexigen Therapeutics, Inc",INDUSTRY,True,,DIABETES_IN_ELIGIBILITY_ONLY,BEHAVIORAL;DRUG,UNKNOWN,45.0,,2012
NCT00234832,A Long Term Study of Sibutramine and the Role of Obesity Management in Relation to Cardiovascular Disease in Overweight and Obese Patients,Sibutramine Cardiovascular Morbidity/Mortality Outcomes Study in Overweight or Obese Subjects at Risk of a Cardiovascular Event,COMPLETED,2003-01,2009-11,10777,ACTUAL,ALL,55 Years,,Abbott,INDUSTRY,False,OUTSIDE_RECENCY_WINDOW,DIABETES_IN_ELIGIBILITY_ONLY,DRUG,ORAL,55.0,,2003
NCT00414505,A Randomized Controlled Double Blinding Study of Intradermal Acupuncture Treatment on Obesity,Korea Institute of Oriental Medicine,UNKNOWN,2006-08,2014-12,180,ESTIMATED,FEMALE,20 Years,50 Years,Wonkwang University,OTHER,False,NO_DRUG_OR_BIOLOGICAL;OUTSIDE_RECENCY_WINDOW;NO_OBESITY_TREATMENT_INTENT,,DEVICE,UNKNOWN,20.0,50.0,2006
NCT06214741,A Study to Test Whether Survodutide (BI 456906) Helps Chinese People Living With Overweight or Obesity to Lose Weight,"A Phase III, Randomized, Double-blind, Parallel-group, Efficacy and Safety Study of BI 456906 Administered Subcutaneously Compared With Placebo in Chinese Participants With a BMI >=28 kg/m2 or BMI >=24 kg/m2 With at Least One Weight-related Complication",COMPLETED,2024-02-06,2026-01-28,307,ACTUAL,ALL,18 Years,,Boehringer Ingelheim,INDUSTRY,True,,DIABETES_IN_ELIGIBILITY_ONLY,DRUG,INJECTABLE,18.0,,2024
NCT06987383,Vibegron for ENergy Thinking and Resilience in Aging,Vibegron - A Novel Treatment for Multisystem Functional Decline in Aging and Obesity,NOT_YET_RECRUITING,2026-08,2028-07,40,ESTIMATED,ALL,45 Years,75 Years,Wake Forest University Health Sciences,OTHER,False,NO_OBESITY_TREATMENT_INTENT,DIABETES_IN_ELIGIBILITY_ONLY,DRUG,ORAL,45.0,75.0,2026
NCT04847557,A Study of Tirzepatide (LY3298176) in Participants With Heart Failure With Preserved Ejection Fraction (HFpEF) and Obesity: The SUMMIT Trial,"A Randomized, Double-Blind, Placebo-Controlled, Phase 3 Study Comparing the Efficacy and Safety of Tirzepatide Versus Placebo in Patients With Heart Failure With Preserved Ejection Fraction and Obesity (SUMMIT)",COMPLETED,2021-04-20,2024-07-02,731,ACTUAL,ALL,40 Years,,Eli Lilly and Company,INDUSTRY,True,,DIABETES_IN_ELIGIBILITY_ONLY,DRUG;OTHER,UNKNOWN,40.0,,2021
NCT04251156,Research Study of How Well Semaglutide Works in People Living With Overweight or Obesity.,Effect and Safety of Semaglutide 2.4 mg Once-weekly on Weight Management in Subjects With Overweight or Obesity.,COMPLETED,2020-12-08,2022-08-23,375,ACTUAL,ALL,18 Years,,Novo Nordisk A/S,INDUSTRY,True,,,DRUG,INJECTABLE,18.0,,2020
NCT00481975,Efficacy and Safety of Rimonabant on Weight Loss and Frequency of Binge Episodes in Obese Patients,"A Randomized, Double-Bind, Placebo-Controlled, Parallel-Group, Fixed-Dose, Multicenter Study to Assess Efficacy and Safety of Rimonabant 20 mg Versus Placebo on Weight Loss and Frequency of Binge Episodes in Obese Patients With Food Craving",COMPLETED,2004-08,2005-08,289,ACTUAL,ALL,18 Years,70 Years,Sanofi,INDUSTRY,False,OUTSIDE_RECENCY_WINDOW,,DRUG,UNKNOWN,18.0,70.0,2004
NCT07197034,The Hunger Elimination or Reduction Objective (HERO ) Open -Label Extension (OLE) Trial,"A Phase 3, Multicenter, Open-Label Extension Study to Assess the Safety and Efficacy of ARD-101 in Patients With Prader-Willi Syndrome",TERMINATED,2024-07-23,2026-04-15,19,ACTUAL,ALL,13 Years,,"Aardvark Therapeutics, Inc.",INDUSTRY,False,NO_OBESITY_TREATMENT_INTENT,INCLUDES_MINORS_AND_ADULTS,DRUG,UNKNOWN,13.0,,2024
NCT00976937,24-week Study Comparing Lixisenatide to Sitagliptin as add-on to Metformin in Obese Type 2 Diabetic Patients Younger Than 50 Years,"A Randomized, Double-blind, Double-dummy, 2-arm Parallel-group, Multicenter 24-week Study Comparing the Efficacy and Safety of AVE0010 to Sitagliptin as add-on to Metformin in Obese Type 2 Diabetic Patients Younger Than 50 and Not Adequately Controlled With Metformin",COMPLETED,2009-08,2011-03,319,ACTUAL,ALL,18 Years,49 Years,Sanofi,INDUSTRY,False,OUTSIDE_RECENCY_WINDOW;NO_OBESITY_TREATMENT_INTENT,DIABETES_IN_ELIGIBILITY_ONLY,DEVICE;DRUG,MIXED_OR_AMBIGUOUS,18.0,49.0,2009
NCT00746902,"Study of the Relationships Between Refractory Hypertension, Overweight/Obesity and Sleep Apnea Syndrome","Study of the Relationships Between Refractory Hypertension, Overweight/Obesity and Sleep Apnea Syndrome",COMPLETED,2008-06,2014-09,62,ACTUAL,ALL,18 Years,70 Years,"University Hospital, Grenoble",OTHER,False,NO_DRUG_OR_BIOLOGICAL;OUTSIDE_RECENCY_WINDOW;NO_OBESITY_TREATMENT_INTENT,,DEVICE,UNKNOWN,18.0,70.0,2008
NCT07285902,A Study Comparing the Efficacy and Safety of HRS9531 Injection With Semaglutide Injection in Subjects With Obesity,"A Multicenter, Randomized, Open-label, Parallel-controlled Phase III Study Comparing the Efficacy and Safety of HRS9531 Injection Versus Semaglutide Injection in Subjects With Obesity",ACTIVE_NOT_RECRUITING,2025-12-25,2027-03,572,ACTUAL,ALL,18 Years,,"Fujian Shengdi Pharmaceutical Co., Ltd.",INDUSTRY,True,,DIABETES_IN_ELIGIBILITY_ONLY,DRUG,INJECTABLE,18.0,,2025
NCT05803421,A Study of Daily Oral Orforglipron (LY3502970) Compared With Insulin Glargine in Participants With Type 2 Diabetes and Obesity or Overweight at Increased Cardiovascular Risk,"A Phase 3, Open-Label Study of Once Daily LY3502970 Compared With Insulin Glargine in Adult Participants With Type 2 Diabetes and Obesity or Overweight at Increased Cardiovascular Risk",COMPLETED,2023-04-03,2026-03-16,2749,ACTUAL,ALL,18 Years,,Eli Lilly and Company,INDUSTRY,False,DIABETES_PRIMARY_OVERLAP,,DRUG,ORAL,18.0,,2023
NCT06950138,Efficacy of Triticum Aestivum Over Vascular Function in Mexican Obese Patients,Efficacy of Triticum Aestivum Over Vascular Function in Mexican Obese Patients,COMPLETED,2023-01-03,2025-02-05,20,ACTUAL,ALL,30 Years,60 Years,"Coordinación de Investigación en Salud, Mexico",OTHER_GOV,False,NO_OBESITY_TREATMENT_INTENT,DIABETES_IN_ELIGIBILITY_ONLY,DRUG,UNKNOWN,30.0,60.0,2023
NCT00993278,Effects of the Atkins Diet Versus a Low Fat Diet on Inflammation,"Effects of the Atkins Diet Versus a Low Fat Diet on Endothelial Function, Lipid Profiles, and Systemic Markers of Inflammation",COMPLETED,2008-08,2011-01,60,ACTUAL,ALL,18 Years,65 Years,Boston Medical Center,OTHER,False,NO_DRUG_OR_BIOLOGICAL;OUTSIDE_RECENCY_WINDOW;OFF_TARGET_THERAPEUTIC_INTENT;NO_OBESITY_TREATMENT_INTENT;NON_PHARMACOLOGICAL_PRIMARY_INTENT,DIABETES_IN_ELIGIBILITY_ONLY,DIETARY_SUPPLEMENT,UNKNOWN,18.0,65.0,2008
NCT07434050,A Study of XW003 in Obese Participants With Obstructive Sleep Apnea Receiving Positive Airway Pressure Therapy,"A Multi-center, Randomized, Double-blind, Placebo-controlled Phase III Study to Assess the Efficacy and Safety of XW003 Injections in Obese Participants With Obstructive Sleep Apnea Receiving Positive Airway Pressure Therapy",RECRUITING,2026-03-02,2028-06-19,140,ESTIMATED,ALL,18 Years,75 Years,"Hangzhou Sciwind Biosciences Co., Ltd.",INDUSTRY,False,NO_OBESITY_TREATMENT_INTENT,DIABETES_IN_ELIGIBILITY_ONLY,DRUG,INJECTABLE,18.0,75.0,2026
NCT04134650,Effect of Low Dose Combination of Linagliptin + Metformin to Prevent Diabetes,"Effect of Low Dose Combination of Linagliptin and Metformin to Improve Pancreatic Beta Cell Function, Insulin Resistance and Cardiovascular Function in Patients With Prediabetes and Overweight/Obesity: Randomizer Clinical Trial",UNKNOWN,2019-09-01,2020-07-01,34,ESTIMATED,ALL,18 Years,65 Years,Universidad de Guanajuato,OTHER,False,NO_OBESITY_TREATMENT_INTENT,DIABETES_IN_ELIGIBILITY_ONLY,COMBINATION_PRODUCT;DRUG,UNKNOWN,18.0,65.0,2019
NCT00553852,Replacement GH Therapy After Bariatric Surgery in Patients With Very Severe Obesity,Evaluation of GH/IGF-I Axis and of Replacement GH Therapy After Bariatric Surgery in Patients With Very Severe Obesity: Relationships With Body Composition,COMPLETED,2007-07,2008-03,24,ACTUAL,ALL,18 Years,50 Years,Federico II University,OTHER,False,OUTSIDE_RECENCY_WINDOW;OFF_TARGET_THERAPEUTIC_INTENT;NO_OBESITY_TREATMENT_INTENT;NON_PHARMACOLOGICAL_PRIMARY_INTENT,,DRUG,UNKNOWN,18.0,50.0,2007
NCT01258114,Maâthermes: Spa Treatment for Overweight and Obesity,Maâthermes a Randomised Controlled Trial of Spa Treatment of Overweight and Obesity,COMPLETED,2007-03,2010-12,400,ACTUAL,ALL,20 Years,70 Years,Association Francaise pour la Recherche Thermale,OTHER,False,NO_DRUG_OR_BIOLOGICAL;OUTSIDE_RECENCY_WINDOW,,OTHER,UNKNOWN,20.0,70.0,2007
NCT00299325,VIsceral Fat Reduction Assessed by CT-scan On RImonabAnt,"A Randomized, Double Blind, Two-arm Placebo Controlled, 12-Month Study of the Effects of Rimonabant 20mg Once Daily on the Amount and the Activity of Visceral Fat in Abdominally Obese Patients With Metabolic Syndrome.",COMPLETED,2006-02,2008-07,254,ACTUAL,ALL,35 Years,70 Years,Sanofi,INDUSTRY,False,OUTSIDE_RECENCY_WINDOW;NO_OBESITY_TREATMENT_INTENT,DIABETES_IN_ELIGIBILITY_ONLY,DRUG;OTHER,ORAL,35.0,70.0,2006
NCT01855217,Pilot Study on the Pharmacodynamics of Sugammadex in Morbidly Obese Patients: Reversal of Deep Neuromuscular Blockade,Pilot Study on the Pharmacodynamics of Sugammadex in Morbidly Obese Patients: Reversal of Deep Neuromuscular Blockade,UNKNOWN,2013-04,2014-04,25,ESTIMATED,ALL,18 Years,65 Years,St. Antonius Hospital,OTHER,False,OFF_TARGET_THERAPEUTIC_INTENT;NO_OBESITY_TREATMENT_INTENT,,DRUG,UNKNOWN,18.0,65.0,2013
NCT02786108,Bariatric Arterial Embolization for Morbid Obesity,Bariatric Arterial Embolization for Morbid Obesity,UNKNOWN,2016-05,2018-05,50,ESTIMATED,ALL,18 Years,65 Years,Zhongda Hospital,OTHER,False,NO_DRUG_OR_BIOLOGICAL;NO_OBESITY_TREATMENT_INTENT;NON_PHARMACOLOGICAL_PRIMARY_INTENT,,BEHAVIORAL;PROCEDURE,UNKNOWN,18.0,65.0,2016
NCT02398188,Evaluating the Safety and Efficacy of LIPO-202 for the Reduction of Central Abdominal Bulging Due to Subcutaneous Fat (AbCONTOUR2),"A Multi-Center, Randomized, Double-Blinded, Placebo-Controlled Study Evaluating the Safety and Efficacy of LIPO-202 for the Reduction of Central Abdominal Bulging Due to Subcutaneous Fat in Non-Obese Subjects",COMPLETED,2015-04-09,2015-10-29,793,ACTUAL,ALL,18 Years,,Evofem Inc.,INDUSTRY,False,NO_OBESITY_TREATMENT_INTENT,,DRUG,UNKNOWN,18.0,,2015
NCT06939296,A Research Study of VCT220 in Adult Chinese Participants With Obesity,"A Multicenter, Randomized, Double-blind, Placebo-controlled Phase III Clinical Study to Evaluate the Efficacy and Safety of VCT220 Tablets in Overweight or Obese Participants",ACTIVE_NOT_RECRUITING,2024-12-24,2026-03-31,840,ACTUAL,ALL,18 Years,75 Years,"Vincentage Pharma Co., Ltd",INDUSTRY,True,,DIABETES_IN_ELIGIBILITY_ONLY,DRUG,ORAL,18.0,75.0,2024
NCT06885021,Evaluate the Safety and Efficacy of HDM1002 Tablets in Chinese Overweight and Obese Adults,"A Multicenter, Randomized, Double-blind, Placebo-controlled Phase III Clinical Trial to Evaluate the Safety and Efficacy of HDM1002 Tablets in Chinese Overweight and Obese Adults",NOT_YET_RECRUITING,2025-03-28,2026-06-30,780,ESTIMATED,ALL,18 Years,,"Hangzhou Zhongmei Huadong Pharmaceutical Co., Ltd.",INDUSTRY,True,,MISSING_LOCATIONS;DIABETES_IN_ELIGIBILITY_ONLY,DRUG,ORAL,18.0,,2025
NCT02008474,SHARE Study 4: Financial Incentives for Weight Loss,Using a State-wide Initiative to Disseminate Effective Behavioral Weight Loss Strategies: Study 4,COMPLETED,2014-01,2016-06,120,ACTUAL,ALL,18 Years,70 Years,The Miriam Hospital,OTHER,False,NO_DRUG_OR_BIOLOGICAL;NON_PHARMACOLOGICAL_PRIMARY_INTENT,,BEHAVIORAL,UNKNOWN,18.0,70.0,2014
NCT07357766,A Research Study to Compare Different Versions of Injectable CagriSema and Placebo in People With Excess Body Weight,A Placebo-controlled Comparability Study to Compare Two Presentations of CagriSema in Participants With Overweight or Obesity,WITHDRAWN,2026-06-22,2028-01-17,0,ACTUAL,ALL,18 Years,,Novo Nordisk A/S,INDUSTRY,True,,DIABETES_IN_ELIGIBILITY_ONLY,DRUG,INJECTABLE,18.0,,2026
NCT01315366,Hypovitaminosis D : A Link Between Bone/Mineral and Fat/Fuel Metabolism,Phase III Study on the Effect of Vitamin D Supplementation on Indices of Mineral and Musculoskeletal Metabolism and on Parameters of Glucose and Fuel Metabolism in Elderly Subjects,COMPLETED,2011-01,2015-07,257,ACTUAL,ALL,65 Years,95 Years,American University of Beirut Medical Center,OTHER,False,NO_DRUG_OR_BIOLOGICAL;NO_OBESITY_TREATMENT_INTENT,DIABETES_IN_ELIGIBILITY_ONLY,DIETARY_SUPPLEMENT,UNKNOWN,65.0,95.0,2011
NCT05667038,Effect of Probiotics Among Overweight and Obese Saudi Adults,Effect of Multi-Strain Probiotics as an Anti-Obesity Among Overweight and Obese Saudi Adults,COMPLETED,2022-03-03,2023-08-30,90,ACTUAL,ALL,19 Years,40 Years,King Saud University,OTHER,True,,,DIETARY_SUPPLEMENT;DRUG,ORAL,19.0,40.0,2022
NCT00236600,"A Study on Efficacy and Safety of Topiramate in Maintaining Weight Loss in Obese Patients Following an Intensive, Non-Pharmacologic Weight Loss Program","A Multicenter, Randomized, Double-Blind, Placebo-Controlled, Parallel-Group Study of Efficacy and Safety of Topiramate in Weight Loss Maintenance in Obese Patients Following Participation in an Intensive, Non-Pharmacologic Weight Loss Program",COMPLETED,2000-08,2002-06,561,ACTUAL,ALL,18 Years,75 Years,"Johnson & Johnson Pharmaceutical Research & Development, L.L.C.",INDUSTRY,False,OUTSIDE_RECENCY_WINDOW,MISSING_LOCATIONS;DIABETES_IN_ELIGIBILITY_ONLY,DRUG,UNKNOWN,18.0,75.0,2000
NCT00594399,Enhancing Fitness in Older Pre-diabetic Veterans,Enhancing Fitness in Older Overweight Vets With Impaired Fasting Glucose,COMPLETED,2008-10,2011-06,302,ACTUAL,ALL,60 Years,,US Department of Veterans Affairs,FED,False,NO_DRUG_OR_BIOLOGICAL;OUTSIDE_RECENCY_WINDOW;NO_OBESITY_TREATMENT_INTENT,DIABETES_IN_ELIGIBILITY_ONLY,BEHAVIORAL,UNKNOWN,60.0,,2008
NCT07400107,AMAZE 8: A Research Study Investigating How Well the Medicine NNC0487-0111 Compared to Semaglutide Helps People With Excess Body Weight and Type 2 Diabetes Lose Weight,"Efficacy and Safety of NNC0487-0111 s.c. Once-weekly Compared to Semaglutide s.c. Once-weekly in Participants With Overweight or Obesity, and Type 2 Diabetes (AMAZE 8)",NOT_YET_RECRUITING,2026-05-20,2029-01-26,1000,ESTIMATED,ALL,18 Years,,Novo Nordisk A/S,INDUSTRY,False,DIABETES_PRIMARY_OVERLAP,,DRUG,INJECTABLE,18.0,,2026
NCT05209984,"A Phase 3, Double-blind/Double-dummy, Safety/Efficacy/Superiority of Sibutramine/Topiramate XR in Adults With Overweight","A Phase 3, Randomized, Double-blind, Double-dummy, Parallel-group, Active Drug and Placebo-controlled, Safety, Efficacy and Superiority of Sibutramine IR/Topiramate XR in Overweight Adults With Comorbidities/Obesity",WITHDRAWN,2026-04,2028-03,0,ACTUAL,ALL,18 Years,60 Years,Eurofarma Laboratorios S.A.,INDUSTRY,True,,DIABETES_IN_ELIGIBILITY_ONLY,DRUG,ORAL,18.0,60.0,2026
NCT02417103,Pretreatment of Patients Expecting Bariatric Surgery With the GLP-1 Analogon Liraglutid,Pretreatment of Patients Expecting Bariatric Surgery With the GLP-1 Analogon,TERMINATED,2011-12,2016-12,2,ACTUAL,ALL,18 Years,77 Years,Universitätsklinikum Hamburg-Eppendorf,OTHER,False,OFF_TARGET_THERAPEUTIC_INTENT;NON_PHARMACOLOGICAL_PRIMARY_INTENT,,DRUG,UNKNOWN,18.0,77.0,2011
NCT00526565,Randomized Trial of Tapas Acupressure for Weight Loss Maintenance,Randomized Trial of Tapas Acupressure for Weight Loss Maintenance,COMPLETED,2008-01,2011-02,472,ACTUAL,ALL,30 Years,85 Years,Kaiser Permanente,OTHER,False,NO_DRUG_OR_BIOLOGICAL;OUTSIDE_RECENCY_WINDOW,MISSING_LOCATIONS;DIABETES_IN_ELIGIBILITY_ONLY,BEHAVIORAL,ORAL,30.0,85.0,2008
NCT07284511,A Clinical Trial Using Tirzepatide to Help Adults With Type 1 Diabetes Automatically Control Their Blood Sugar,"Fully Closed-Loop Glucose Control in Adults With Type 1 Diabetes Using Tirzepatide: a Randomized, Multi-center, Open-label, Non-inferiority, Parallel Trial",RECRUITING,2026-05-19,2029-01,105,ESTIMATED,ALL,18 Years,,McGill University Health Centre/Research Institute of the McGill University Health Centre,OTHER,False,DIABETES_PRIMARY_OVERLAP,,BEHAVIORAL;DEVICE;DRUG,INJECTABLE,18.0,,2026
NCT01697566,An Endometrial Cancer Chemoprevention Study of Metformin,An Endometrial Cancer Chemoprevention Study of Metformin Versus No Treatment in Women With a Body Mass Index (BMI) >/= 30 kg.m2 and Hyperinsulinemia,COMPLETED,2013-05-30,2024-05-30,29,ACTUAL,FEMALE,50 Years,65 Years,M.D. Anderson Cancer Center,OTHER,False,NO_OBESITY_TREATMENT_INTENT,DIABETES_IN_ELIGIBILITY_ONLY,BEHAVIORAL;DRUG;OTHER;PROCEDURE,ORAL,50.0,65.0,2013
NCT07446439,A Study to Evaluate Tradipitant on Treating Nausea and Vomiting Induced by GLP-1R Agonist Use,"The Thetis Study: A Randomized, Double-Blind, Placebo-Controlled Study to Evaluate the Efficacy of Tradipitant on Nausea and Vomiting After GLP-1R Agonist Administration in Healthy Overweight or Obese Volunteers",RECRUITING,2026-03-27,2026-12-01,280,ESTIMATED,ALL,18 Years,65 Years,Vanda Pharmaceuticals,INDUSTRY,True,,DIABETES_IN_ELIGIBILITY_ONLY,DRUG,ORAL,18.0,65.0,2026
NCT00000519,Exercise Training and Plasma Lipoproteins in Man,,COMPLETED,1982-07,,,,ALL,25 Years,49 Years,Stanford University,OTHER,False,NO_DRUG_OR_BIOLOGICAL;OUTSIDE_RECENCY_WINDOW;NO_OBESITY_TREATMENT_INTENT;NON_PHARMACOLOGICAL_PRIMARY_INTENT,MISSING_LOCATIONS,BEHAVIORAL,UNKNOWN,25.0,49.0,1982
NCT00656422,"Weight Gain, Eating Patterns, and Development of Body Composition During Initiation of Basal Insulin Therapy in Patients With Type 2 Diabetes: A Comparison of Insulin Detemir and Insulin Glargine","Weight Gain, Eating Patterns, and Development of Body Composition During Initiation of Basal Insulin Therapy in Patients With Type 2 Diabetes: A Comparison of Insulin Detemir and Insulin Glargine",TERMINATED,2007-11,,66,ACTUAL,ALL,18 Years,80 Years,University Hospital Tuebingen,OTHER,False,OUTSIDE_RECENCY_WINDOW;DIABETES_PRIMARY_OVERLAP;NO_OBESITY_TREATMENT_INTENT,,DRUG,INJECTABLE,18.0,80.0,2007
NCT05035095,Research Study to Investigate How Well Semaglutide Tablets Taken Once Daily Work in People Who Are Overweight or Living With Obesity (OASIS 1),Efficacy and Safety of Oral Semaglutide 50 mg Once Daily in Subjects With Overweight or Obesity (OASIS 1),COMPLETED,2021-09-13,2023-05-12,667,ACTUAL,ALL,18 Years,,Novo Nordisk A/S,INDUSTRY,True,,,DRUG,ORAL,18.0,,2021
NCT02860923,Efficacy and Safety of Exenatide in the Treatment of Hypothalamic Obesity After Craniopharyngioma Therapy,Multicentre Double-blind Randomized Clinical Trial Assessing Efficacy and Safety of Exenatide in the Treatment of Hypothalamic Obesity After Craniopharyngioma Therapy,COMPLETED,2017-01-11,2018-09-30,42,ACTUAL,ALL,18 Years,75 Years,"University Hospital, Bordeaux",OTHER,False,NO_OBESITY_TREATMENT_INTENT,DIABETES_IN_ELIGIBILITY_ONLY,DRUG,UNKNOWN,18.0,75.0,2017
NCT02635386,"EQW, DAPA, EQW/DAPA, DAPA/MET ER and PHEN/TPM ER in Obese Women With PolycysticOvary Syndrome (PCOS)","Comparison of Dapagliflozin (DAPA) and Once-weekly Exenatide (EQW), Co-administered or Alone, DAPA/ Glucophage (DAPA/MET ER) and Phentermine/Topiramate (PHEN/TPM) ER on Metabolic Profiles and Body Composition in Obese PCOS Women",COMPLETED,2016-03-22,2020-10-09,119,ACTUAL,FEMALE,18 Years,45 Years,Woman's,OTHER,False,OFF_TARGET_THERAPEUTIC_INTENT,DIABETES_IN_ELIGIBILITY_ONLY,DRUG,MIXED_OR_AMBIGUOUS,18.0,45.0,2016
NCT01652040,Resistance Training and Testosterone After Spinal Cord Injury,Effects of Evoked Resistance Training and Testosterone After Spinal Cord Injury,COMPLETED,2012-07-02,2017-12-30,26,ACTUAL,MALE,18 Years,50 Years,VA Office of Research and Development,FED,False,NO_OBESITY_TREATMENT_INTENT,,DEVICE;DRUG,UNKNOWN,18.0,50.0,2012
NCT07738276,"Evaluation of the Efficacy and Safety of Tirzepatide, a Dual GLP-1/GIP Agonist, on Functional Capacity in Reduced Ejection Fraction Heart Failure Patients With Obesity","Evaluation of the Efficacy and Safety of Tirzepatide, a Dual GLP-1/GIP Agonist, on Functional Capacity in Reduced Ejection Fraction Heart Failure Patients With Obesity: A Double-Blinded Randomized Controlled Trial",NOT_YET_RECRUITING,2026-07-18,2027-12-22,60,ESTIMATED,ALL,18 Years,,Shahid Beheshti University of Medical Sciences,OTHER,True,,MISSING_LOCATIONS;DIABETES_IN_ELIGIBILITY_ONLY,DRUG,INJECTABLE,18.0,,2026
NCT01560676,Reducing Obesity and Type 2 Diabetes in High Risk Youth,A School-based Internet Obesity Prevention Program for Adolescents,COMPLETED,2009-09,2011-08,384,ACTUAL,ALL,13 Years,18 Years,Yale University,OTHER,False,NO_DRUG_OR_BIOLOGICAL;OUTSIDE_RECENCY_WINDOW;DIABETES_PRIMARY_OVERLAP;NO_OBESITY_TREATMENT_INTENT,INCLUDES_MINORS_AND_ADULTS,BEHAVIORAL,UNKNOWN,13.0,18.0,2009
NCT04520256,Rapid Evaluation of Innovative Intervention Components to Maximize the Health Benefits of Behavioral Obesity Treatment Delivered Online: An Application of Multiphase Optimization Strategy,Rapid Evaluation of Innovative Intervention Components to Maximize the Health Benefits of Behavioral Obesity Treatment Delivered Online: An Application of Multiphase Optimization Strategy,COMPLETED,2020-09-22,2023-05-18,384,ACTUAL,ALL,18 Years,70 Years,The Miriam Hospital,OTHER,False,NO_DRUG_OR_BIOLOGICAL;NO_OBESITY_TREATMENT_INTENT;NON_PHARMACOLOGICAL_PRIMARY_INTENT,,BEHAVIORAL,ORAL,18.0,70.0,2020
NCT05194124,Phase 3 Crossover Trial of Two Formulations of Setmelanotide in Participants With Specific Gene Defects in the MC4R Pathway,"A Phase 3, Randomized, Double-Blind Trial of Two Formulations of Setmelanotide (Daily and Weekly) With a Crossover to Open-Label Once Weekly Setmelanotide in Patients With Specific Gene Defects in the Melanocortin-4 Receptor Pathway Who Are Currently on a Stable Dose of the Once Daily Formulation",COMPLETED,2021-12-21,2023-10-19,19,ACTUAL,ALL,6 Years,,"Rhythm Pharmaceuticals, Inc.",INDUSTRY,True,,INCLUDES_MINORS_AND_ADULTS,DRUG,INJECTABLE,6.0,,2021
NCT05882045,A Study of Retatrutide (LY3437943) in Participants With Obesity and Cardiovascular Disease,"A Randomized, Double-Blind, Phase 3 Study to Investigate the Efficacy and Safety of LY3437943 Once Weekly Compared to Placebo in Participants With Severe Obesity and Established Cardiovascular Disease",COMPLETED,2023-05-30,2026-05-14,1946,ACTUAL,ALL,18 Years,,Eli Lilly and Company,INDUSTRY,True,,DIABETES_IN_ELIGIBILITY_ONLY,DRUG,UNKNOWN,18.0,,2023
NCT00990457,Evaluating the Effects Two Diets Combined With Exercise in Persons With Abdominal Obesity (The SHAPE5 Study),Two Diets With Exercise in Abdominal Obesity: Cardiovascular Effects,COMPLETED,2009-10,2011-09,77,ACTUAL,ALL,30 Years,65 Years,Johns Hopkins University,OTHER,False,NO_DRUG_OR_BIOLOGICAL;OUTSIDE_RECENCY_WINDOW;NO_OBESITY_TREATMENT_INTENT;NON_PHARMACOLOGICAL_PRIMARY_INTENT,DIABETES_IN_ELIGIBILITY_ONLY,BEHAVIORAL,UNKNOWN,30.0,65.0,2009
NCT00324545,Cardiovascular Outcomes Of Diet Counseling,Long-term Adherence and Cardiovascular Outcomes of a Randomized Controlled Trial of Medium-intensity Minimally-directive Counseling for Different Diets,COMPLETED,2000-01-01,2002-12-31,120,ACTUAL,ALL,30 Years,59 Years,The Camelot Foundation,OTHER,False,NO_DRUG_OR_BIOLOGICAL;OUTSIDE_RECENCY_WINDOW;NO_OBESITY_TREATMENT_INTENT;NON_PHARMACOLOGICAL_PRIMARY_INTENT,DIABETES_IN_ELIGIBILITY_ONLY,BEHAVIORAL,UNKNOWN,30.0,59.0,2000
NCT06896981,Semaglutide in Women With Polycystic Ovary Syndrome and Obesity,Comparison Between the Effects of Low-Dose Semaglutide With Metformin vs. Metformin Alone Over Metabolic Profile in Obese Polycystic Ovary Syndrome: A Phase II Randomized Controlled Trial,RECRUITING,2025-02-01,2025-12-31,30,ESTIMATED,FEMALE,10 Years,45 Years,"Bangabandhu Sheikh Mujib Medical University, Dhaka, Bangladesh",OTHER,False,OFF_TARGET_THERAPEUTIC_INTENT,INCLUDES_MINORS_AND_ADULTS,DRUG,UNKNOWN,10.0,45.0,2025
NCT00261911,A Study of Sibutramine in Overweight Adolescents to Assess Weight Loss and Safety.,A 12 Month Study to Assess Safety and Efficacy of Meridia (Sibutramine Hydrochloride Monohydrate) 10 and 15 mg in Obese Adolescents,COMPLETED,2000-07,2002-02,498,ACTUAL,ALL,12 Years,16 Years,Abbott,INDUSTRY,False,EXCLUSIVELY_PEDIATRIC;OUTSIDE_RECENCY_WINDOW,MISSING_LOCATIONS;DIABETES_IN_ELIGIBILITY_ONLY,DRUG,UNKNOWN,12.0,16.0,2000
NCT03611582,Research Study to Look at How Well Semaglutide is at Lowering Weight When Taken Together With an Intensive Lifestyle Program,Effect and Safety of Semaglutide 2.4 mg Once-weekly as Adjunct to Intensive Behavioural Therapy in Subjects With Overweight or Obesity,COMPLETED,2018-08-01,2020-04-28,611,ACTUAL,ALL,18 Years,,Novo Nordisk A/S,INDUSTRY,False,NON_PHARMACOLOGICAL_PRIMARY_INTENT,,DRUG,INJECTABLE,18.0,,2018
NCT02956590,Dyslipidemia of Obesity Intervention in Teens,Dyslipidemia of Obesity Intervention in Teens Trial,COMPLETED,2018-05-01,2023-06-30,122,ACTUAL,ALL,10 Years,19 Years,Carelon Research,OTHER,False,NO_OBESITY_TREATMENT_INTENT,INCLUDES_MINORS_AND_ADULTS;DIABETES_IN_ELIGIBILITY_ONLY,DRUG,UNKNOWN,10.0,19.0,2018
NCT01043718,Delivering an Evidence-Based Lifestyle Intervention Via the Internet: A Randomized Controlled Study,Delivering an Evidence-Based Lifestyle Intervention Via the Internet: A Randomized Controlled Study,COMPLETED,2010-03,2012-12,120,ACTUAL,ALL,18 Years,80 Years,University of Pittsburgh,OTHER,False,NO_DRUG_OR_BIOLOGICAL;NO_OBESITY_TREATMENT_INTENT;NON_PHARMACOLOGICAL_PRIMARY_INTENT,,BEHAVIORAL,ORAL,18.0,80.0,2010
NCT03196791,Compare the Oncological Benefit of Deep Neuromuscular Block in Gastric Cancer Obesity Patient,"A Double-blind, Randomized and Controlled Multicenter Prospective Trial to Compare the Oncological Benefit of Deep Neuromuscular Block in Gastric Cancer Obesity Patient",COMPLETED,2017-10-10,2020-09-09,196,ACTUAL,ALL,19 Years,75 Years,Korea University Anam Hospital,OTHER,False,NO_OBESITY_TREATMENT_INTENT,,DRUG,INJECTABLE,19.0,75.0,2017
NCT01047657,Effects of Weight Loss in Obese Difficult-to-treat Asthmatics,Effects of Weight Loss in Obese Difficult-to-treat Asthmatics: a Pilot Study,COMPLETED,2009-11,2010-12,33,ACTUAL,ALL,18 Years,65 Years,University of Sao Paulo General Hospital,OTHER,False,NO_DRUG_OR_BIOLOGICAL;OUTSIDE_RECENCY_WINDOW,,BEHAVIORAL,UNKNOWN,18.0,65.0,2009
NCT06499857,Semaglutide for Metabolic Intervention and Adipose Loss to Treat Atrial Fibrillation,Semaglutide for Metabolic Intervention and Adipose Loss to Treat Atrial Fibrillation,RECRUITING,2025-04-14,2028-06,200,ESTIMATED,ALL,18 Years,75 Years,University of Chicago,OTHER,True,,DIABETES_IN_ELIGIBILITY_ONLY,DRUG,INJECTABLE,18.0,75.0,2025
NCT00948402,"PED/PEA-15 Protein, PCOS, Obesity, Insulin Sensitivity Indexes, Metformin, Oral Contraceptives",Effects of Metformin Versus Oral Contraceptives on PED/PEA-15 Protein Expression in Obese Women With Polycystic Ovary Syndrome,COMPLETED,2006-12,2009-01,20,ACTUAL,FEMALE,21 Years,28 Years,Federico II University,OTHER,False,OUTSIDE_RECENCY_WINDOW;OFF_TARGET_THERAPEUTIC_INTENT;NO_OBESITY_TREATMENT_INTENT,MISSING_LOCATIONS;DIABETES_IN_ELIGIBILITY_ONLY,DRUG,ORAL,21.0,28.0,2006
NCT00284557,A Primary Care Behavioral Approach for Addressing Childhood Overweight,Evaluation of a Primary Care-Based Behavioral Intervention for Improving Physical Activity and Nutrition Behaviors Among High-Risk African-American Youth,COMPLETED,2006-01,2010-07,130,ACTUAL,ALL,7 Years,11 Years,Emory University,OTHER,False,NO_DRUG_OR_BIOLOGICAL;EXCLUSIVELY_PEDIATRIC;OUTSIDE_RECENCY_WINDOW;NO_OBESITY_TREATMENT_INTENT;NON_PHARMACOLOGICAL_PRIMARY_INTENT,MISSING_LOCATIONS,BEHAVIORAL,ORAL,7.0,11.0,2006
NCT02823912,Capsaicin Effect on Cytokines Profile in Dyslipidemia,"Effect of Administration of Capsaicin on Inflammatory Cytokines Profile(TNFα , IL - 1β , IL - 6, IL -8 , MIP - 1β) in Individuals With Dyslipidemia.",UNKNOWN,2016-10,2017-10,17,ESTIMATED,ALL,25 Years,45 Years,University of Guadalajara,OTHER,False,NO_OBESITY_TREATMENT_INTENT,MISSING_LOCATIONS,DRUG,UNKNOWN,25.0,45.0,2016
NCT06952530,A Master Protocol Study of Orforglipron (LY3502970) in Participants With Hypertension and Obesity or Overweight (ATTAIN-Hypertension) GZL2,"A Master Protocol to Investigate the Efficacy and Safety of Orforglipron Once Daily in Participants With Hypertension and Obesity or Overweight: Randomized, Double-Blind, Placebo-Controlled Trials (ATTAIN-HYPERTENSION)",ACTIVE_NOT_RECRUITING,2025-04-30,2027-09,487,ESTIMATED,ALL,18 Years,,Eli Lilly and Company,INDUSTRY,True,,,DRUG,ORAL,18.0,,2025
NCT00131391,A Study of MK0364 in Obese Patients (0364-014),"A 2-Year Study (1-Year Weight Loss Followed by 1-Year Prevention of Weight Regain) to Assess the Safety, Tolerability and Efficacy of Taranabant (MK0364) in Obese Patients Followed by a 1-Year Extension",TERMINATED,2005-07,2008-12,2400,ACTUAL,ALL,18 Years,,Merck Sharp & Dohme LLC,INDUSTRY,False,OUTSIDE_RECENCY_WINDOW,MISSING_LOCATIONS,DRUG,ORAL,18.0,,2005
NCT01934036,"Obex, a Nutritional Supplement, in Overweight and Obese Spanish Women","Efficacy and Safety of Obex®, a Nutritional Supplement, in Overweight or Obese Women",COMPLETED,2013-08,2014-02,92,ACTUAL,FEMALE,35 Years,60 Years,Catalysis SL,INDUSTRY,True,,,DIETARY_SUPPLEMENT;DRUG,UNKNOWN,35.0,60.0,2013
NCT05564117,Research Study Looking at How Well Semaglutide Tablets Taken Once Daily Work in People Who Have a Body Weight Above the Healthy Range,Efficacy and Safety of Oral Semaglutide 25 mg Once Daily in Adults With Overweight or Obesity,COMPLETED,2022-10-11,2024-05-07,307,ACTUAL,ALL,18 Years,,Novo Nordisk A/S,INDUSTRY,True,,,DRUG,ORAL,18.0,,2022
NCT00859989,A Weight-Loss Program in Helping Obese Black Women Lose Weight,Obesity Reduction Black Intervention Trial (ORBIT),UNKNOWN,2004-07,,200,ESTIMATED,FEMALE,30 Years,50 Years,University of Illinois at Chicago,OTHER,False,NO_DRUG_OR_BIOLOGICAL;OUTSIDE_RECENCY_WINDOW;NO_OBESITY_TREATMENT_INTENT,DIABETES_IN_ELIGIBILITY_ONLY,BEHAVIORAL;OTHER;PROCEDURE,ORAL,30.0,50.0,2004
NCT07298915,The Effect of Exercise and Tirzepatide on Weight and Health Outcomes (EXER-MED),The Effect of Exercise and Tirzepatide on Weight and Health Outcomes (EXER-MED),NOT_YET_RECRUITING,2026-08,2027-06,24,ESTIMATED,ALL,30 Years,65 Years,University of Virginia,OTHER,False,NON_PHARMACOLOGICAL_PRIMARY_INTENT,DIABETES_IN_ELIGIBILITY_ONLY,BEHAVIORAL;DRUG,UNKNOWN,30.0,65.0,2026
NCT00355979,Comparative Study of Intragastric Balloon and Pharmacotherapy for Non-Morbid Obesity,Randomized Trial of Intragastric Balloon and Pharmacotherapy for Non-Morbid Obesity,UNKNOWN,2006-03,2008-03,100,,ALL,18 Years,60 Years,Chinese University of Hong Kong,OTHER,False,NO_DRUG_OR_BIOLOGICAL;OUTSIDE_RECENCY_WINDOW;NO_OBESITY_TREATMENT_INTENT,DIABETES_IN_ELIGIBILITY_ONLY,DEVICE,UNKNOWN,18.0,60.0,2006
NCT05965908,Effect of Liraglutide in Obese Women With Polycystic Ovary Syndrome,"Effect of Liraglutide on Different Parameters (Clinical , Metabolic and Hormonal) in Obese Women With Polycystic Ovary Syndrome",COMPLETED,2024-01-30,2025-03-30,150,ACTUAL,FEMALE,20 Years,40 Years,Beni-Suef University,OTHER,False,OFF_TARGET_THERAPEUTIC_INTENT,,DRUG,UNKNOWN,20.0,40.0,2024
NCT07294950,Impact of Semaglutide Withdrawal on Cardiometabolic Profile and Physiology of Energy Balance: Recovery Effects After Semaglutide Termination,Impact of Semaglutide Withdrawal on Cardiometabolic Profile and Physiology of Energy Balance: a Randomized Controlled Trial Comparing Gradual Dose Reduction With Immediate Treatment Cessation.,RECRUITING,2026-02-01,2029-05,98,ESTIMATED,ALL,18 Years,75 Years,"Mount Sinai Hospital, Canada",OTHER,True,,DIABETES_IN_ELIGIBILITY_ONLY,DRUG,UNKNOWN,18.0,75.0,2026
NCT00522964,Educational Intervention on Weight Management in Chinese-American Children,Educational Intervention on Weight Management in Chinese American Children,COMPLETED,2006-05,2009-04,80,ESTIMATED,ALL,8 Years,10 Years,"University of California, San Francisco",OTHER,False,NO_DRUG_OR_BIOLOGICAL;EXCLUSIVELY_PEDIATRIC;OUTSIDE_RECENCY_WINDOW,DIABETES_IN_ELIGIBILITY_ONLY,BEHAVIORAL,ORAL,8.0,10.0,2006
NCT02145442,Effects of Obex in Overweight and Obese Patients,Effects and Safety of Obex in Overweight and Obese Subjects With or Without Impaired Fasting Glucose,COMPLETED,2014-06,2014-11,40,ACTUAL,ALL,20 Years,60 Years,Catalysis SL,INDUSTRY,False,NO_DRUG_OR_BIOLOGICAL,DIABETES_IN_ELIGIBILITY_ONLY,DIETARY_SUPPLEMENT,UNKNOWN,20.0,60.0,2014
NCT07528027,Phase III Study of HRS-7535 for Hypertension With Overweight or Obesity,"A Multicenter, Randomized, Double-blind, Placebo-controlled Phase III Clinical Study to Evaluate the Efficacy and Safety of HRS-7535 for the Treatment of Hypertension in Participants With Obesity or Overweight",RECRUITING,2026-05-29,2028-01,648,ESTIMATED,ALL,18 Years,70 Years,"Shandong Suncadia Medicine Co., Ltd.",INDUSTRY,True,,DIABETES_IN_ELIGIBILITY_ONLY,DRUG,UNKNOWN,18.0,70.0,2026
NCT00402584,A Study to Examine the Efficacy and Safety of Meridia® (Sibutramine Hydrochloride) in Binge-Eating Disorder,"A Multicenter, Double-Blind, Randomized, Placebo-Controlled, Parallel Group Study to Examine the Efficacy and Safety of Meridia (Sibutramine Hydrochloride) in Binge-Eating Disorder",COMPLETED,2000-08,,304,ACTUAL,ALL,18 Years,65 Years,Abbott,INDUSTRY,False,OUTSIDE_RECENCY_WINDOW;NO_OBESITY_TREATMENT_INTENT,MISSING_LOCATIONS,DRUG,UNKNOWN,18.0,65.0,2000
NCT01249872,Patients-Controlled Epidural Analgesia After Gastric Bypass for Morbid Obesity Using Morphine-Levobupivacaine Regimens,"Postoperative Thoracic Epidural Analgesia in Super Obese Patients (~BMI 60 kg m-2) Undergoing Open Weight Loss Surgery :Does the Addition of Morphine to 0.1% and 0.2% Levobupivacaine Affect Postoperative Pain Relief, Perioperative Lung Function, Return of Normal Gastrointestinal Mobility and Ambulation?",COMPLETED,2010-01,2012-09,96,ACTUAL,ALL,18 Years,50 Years,University of Patras,OTHER,False,OFF_TARGET_THERAPEUTIC_INTENT;NON_PHARMACOLOGICAL_PRIMARY_INTENT,,DRUG,UNKNOWN,18.0,50.0,2010
NCT07357415,A Study of Retatrutide (LY3437943) in Participants Without Type 2 Diabetes Who Have Obesity or Overweight,"A Phase 3b Study to Investigate the Efficacy and Safety of Different Retatrutide Dose Escalation Schemes in Participants Without Type 2 Diabetes Who Have Obesity or Overweight: A Randomized, Controlled, Double-Blind Trial",ACTIVE_NOT_RECRUITING,2026-01-24,2028-11,600,ESTIMATED,ALL,18 Years,,Eli Lilly and Company,INDUSTRY,True,,DIABETES_IN_ELIGIBILITY_ONLY,DRUG,UNKNOWN,18.0,,2026
NCT00907660,A Randomized Trial Comparing Two Doses of Portion-Controlled Foods Within a Primary Care Weight Loss Program,A Randomized Trial Comparing Two Doses of Portion-Controlled Foods Within a Primary Care Weight Loss Program,COMPLETED,2009-05,2010-03,50,ACTUAL,ALL,18 Years,,Kaiser Permanente,OTHER,False,NO_DRUG_OR_BIOLOGICAL;OUTSIDE_RECENCY_WINDOW,DIABETES_IN_ELIGIBILITY_ONLY,BEHAVIORAL;DIETARY_SUPPLEMENT,UNKNOWN,18.0,,2009
NCT07219485,A Study of Pitolisant in Participants With Prader-Willi Syndrome,An Open-Label Study to Evaluate Safety of Pitolisant in Participants With Prader-Willi Syndrome,ENROLLING_BY_INVITATION,2025-08-20,2030-08,150,ESTIMATED,ALL,7 Years,,"Harmony Biosciences Management, Inc.",INDUSTRY,False,NO_OBESITY_TREATMENT_INTENT,INCLUDES_MINORS_AND_ADULTS,DRUG,ORAL,7.0,,2025
NCT04971720,PRECISION-BP: Precision Chronopharamacotherapy Targeting NP-RAAS-BP Rhythm Axis,Natriuretic Peptide-Renin-Angiotensin-Aldosterone System Rhythm Axis and Nocturnal Blood Pressure,RECRUITING,2022-02-18,2027-01-01,160,ESTIMATED,ALL,18 Years,,University of Alabama at Birmingham,OTHER,False,NO_OBESITY_TREATMENT_INTENT,DIABETES_IN_ELIGIBILITY_ONLY,DRUG,ORAL,18.0,,2022
NCT00782262,Weight Loss Effects on Heart and Blood Vessel Function in Obesity,"Effects of Obesity and Diet Induced Weight Loss on Cardiovascular Risk Factors, Vascular and Ventricular Structure and Function in Obese Men",UNKNOWN,2005-04,,60,ESTIMATED,MALE,18 Years,65 Years,University of Adelaide,OTHER,False,NO_DRUG_OR_BIOLOGICAL;OUTSIDE_RECENCY_WINDOW;NON_PHARMACOLOGICAL_PRIMARY_INTENT,,DIETARY_SUPPLEMENT,UNKNOWN,18.0,65.0,2005
NCT00603291,BLOOM-DM: Behavioral Modification and Lorcaserin for Overweight and Obesity Management in Diabetes Mellitus,"A 52-Week, Double-blind, Randomized, Placebo-controlled, Parallel-group Study to Assess the Safety and Efficacy of Lorcaserin Hydrochloride in Overweight and Obese Patients With Type 2 Diabetes Mellitus Managed With Oral Hypoglycemic Agent(s)",COMPLETED,2007-12,2010-10,604,ACTUAL,ALL,18 Years,65 Years,Eisai Inc.,INDUSTRY,False,OUTSIDE_RECENCY_WINDOW;DIABETES_PRIMARY_OVERLAP;NON_PHARMACOLOGICAL_PRIMARY_INTENT,,DRUG,ORAL,18.0,65.0,2007
NCT00219115,A Clinical Study to Compare Combination of Aliskiren+ HCTZ to Irbesartan+ HCTZ or Amlodipine+ HCTZ or HCTZ Alone in Obese Hypertensive Not Responsive to HCTZ 25 mg,A 12-week Randomized Double-blind Parallel Group Study to Evaluate the Efficacy and Safety of the Combination Aliskiren With HCTZ Compared to Irbesartan or Amlodipine With HCTZ or HCTZ Alone in Hypertensive Patients With BMI ≥ 30 kg/m2 Not Adequately Responsive to HCTZ 25 mg,COMPLETED,2005-01,2006-03,493,ACTUAL,ALL,18 Years,,Novartis,INDUSTRY,False,OUTSIDE_RECENCY_WINDOW;NO_OBESITY_TREATMENT_INTENT,,DRUG,UNKNOWN,18.0,,2005
NCT01208558,Grain Exercise Trial - Whole Grain Versus no Grain With or Without Physiotherapy-promoted Exercise for Waist Loss,Whole Grain Versus no Grain With or Without Physiotherapy-promoted Exercise for Waist Loss,COMPLETED,2010-08,2014-11,105,ACTUAL,ALL,20 Years,90 Years,Lund University,OTHER,False,NO_DRUG_OR_BIOLOGICAL;NO_OBESITY_TREATMENT_INTENT;NON_PHARMACOLOGICAL_PRIMARY_INTENT,DIABETES_IN_ELIGIBILITY_ONLY,BEHAVIORAL,UNKNOWN,20.0,90.0,2010
NCT05726227,A Research Study on How Well Semaglutide Helps Children and Teenagers With Excess Body Weight Lose Weight,Long-term Safety and Efficacy of Semaglutide s.c. Once-weekly on Weight Management in Children and Adolescents (Aged 6 to <18 Years) With Obesity or Overweight,ACTIVE_NOT_RECRUITING,2023-07-07,2026-12-07,210,ESTIMATED,ALL,6 Years,18 Years,Novo Nordisk A/S,INDUSTRY,True,,INCLUDES_MINORS_AND_ADULTS;DIABETES_IN_ELIGIBILITY_ONLY,DRUG,INJECTABLE,6.0,18.0,2023
NCT01015976,A Preliminary Comparison of the Blood Levels of Medications in Obese Subjects Compared to Post-Gastric Bypass Subjects,A Preliminary Comparison of the Blood Levels of Medications in Obese Subjects Compared to Post-Gastric Bypass Subjects,COMPLETED,2009-02,2010-04,10,ACTUAL,ALL,18 Years,60 Years,"Neuropsychiatric Research Institute, Fargo, North Dakota",OTHER,False,NO_DRUG_OR_BIOLOGICAL;OUTSIDE_RECENCY_WINDOW;OFF_TARGET_THERAPEUTIC_INTENT;NO_OBESITY_TREATMENT_INTENT,,OTHER;PROCEDURE,UNKNOWN,18.0,60.0,2009
NCT01677923,Obesity in Children and Adolescents: Associated Risks and Early Intervention,"Phase 3: Effect of Diet, Physical Activity and Insulin Sensitizer Metformin on Obesity and Associated Risks in Children and Adolescents.",COMPLETED,2013-05,2015-12,182,ACTUAL,ALL,10 Years,18 Years,Lithuanian University of Health Sciences,OTHER,False,NO_OBESITY_TREATMENT_INTENT;NON_PHARMACOLOGICAL_PRIMARY_INTENT,INCLUDES_MINORS_AND_ADULTS;DIABETES_IN_ELIGIBILITY_ONLY,DRUG,UNKNOWN,10.0,18.0,2013
NCT00826774,Improving the Management of Obesity in Primary Care Practice (The Power-UP Trial),Practice-based Opportunities for Weight Reduction Trial at University of Pennsylvania,COMPLETED,2008-01,2011-06,390,ACTUAL,ALL,21 Years,,University of Pennsylvania,OTHER,False,NO_DRUG_OR_BIOLOGICAL;OUTSIDE_RECENCY_WINDOW,MISSING_LOCATIONS;DIABETES_IN_ELIGIBILITY_ONLY,BEHAVIORAL,UNKNOWN,21.0,,2008
NCT05952882,"Liraglutide and Metformin Combination on Weight Loss, Metabolic - Endocrine Parameters and Pregnancy Rate in Women With PCOS, Obesity and Infertility","Effectiveness of the Combination Liraglutide and Metformin on Weight Loss, Metabolic - Endocrine Parameters and Pregnancy Rate in Women With Polycystic Ovarian Syndrome, Obesity and Infertility",UNKNOWN,2023-11-01,2025-12-31,188,ESTIMATED,FEMALE,18 Years,65 Years,Mỹ Đức Hospital,OTHER,False,OFF_TARGET_THERAPEUTIC_INTENT,MISSING_LOCATIONS;DIABETES_IN_ELIGIBILITY_ONLY,DRUG,INJECTABLE,18.0,65.0,2023
NCT00504673,Comparison of Insulin Detemir Versus Insulin NPH on Weight Change in Overweight and Obese With Type 2 Diabetes,Comparison of the Effect of Insulin Detemir Versus Insulin NPH Both With Insulin Aspart on Weight Change in Overweight and Obese Subjects With Type 2 Diabetes,COMPLETED,2005-04,2006-12,277,ACTUAL,ALL,18 Years,,Novo Nordisk A/S,INDUSTRY,False,OUTSIDE_RECENCY_WINDOW;DIABETES_PRIMARY_OVERLAP,,DRUG,UNKNOWN,18.0,,2005
NCT01530724,Diet and Body Composition,Effect of Weight-loss Diet Strategies and Exercise on Dynamics of Body Fat Depots and Metabolic Rate,COMPLETED,2012-10,2014-04,224,ACTUAL,MALE,18 Years,70 Years,Ben-Gurion University of the Negev,OTHER,False,NO_DRUG_OR_BIOLOGICAL;NO_OBESITY_TREATMENT_INTENT;NON_PHARMACOLOGICAL_PRIMARY_INTENT,,OTHER,UNKNOWN,18.0,70.0,2012
NCT00440180,Aromatase Inhibitors in the Treatment of Male Infertility,The Role of Aromatase Inhibitors in the Treatment of Infertility in Obese Male,TERMINATED,2007-03,2014-06,20,ACTUAL,MALE,16 Years,80 Years,University of Utah,OTHER,False,OUTSIDE_RECENCY_WINDOW;NO_OBESITY_TREATMENT_INTENT,INCLUDES_MINORS_AND_ADULTS,DRUG,UNKNOWN,16.0,80.0,2007
NCT04916470,"Research Study to Look at How Well Semaglutide Works in People Living With Heart Failure, Obesity and Type 2 Diabetes","Effect of Semaglutide 2.4 mg Once-weekly on Function and Symptoms in Subjects With Obesity-related Heart Failure With Preserved Ejection Fraction, and Type 2 Diabetes",COMPLETED,2021-06-15,2023-10-11,617,ACTUAL,ALL,18 Years,,Novo Nordisk A/S,INDUSTRY,False,DIABETES_PRIMARY_OVERLAP,,DRUG,INJECTABLE,18.0,,2021
NCT04274608,"Intra-gastric Fundal and Body Injection of Botulinum Toxin A for Weight Loss, a Randomized Controlled Trial","Intra-gastric Fundal and Body Injection of Botulinum Toxin A for Weight Loss, a Randomized Controlled Trial",UNKNOWN,2020-01-01,2022-07,18,ESTIMATED,ALL,21 Years,65 Years,Tan Tock Seng Hospital,OTHER,True,,,BEHAVIORAL;DRUG,INJECTABLE,21.0,65.0,2020
NCT03516968,Monthly Boluses Versus Daily Doses for Correcting Blood Vitamin D Deficit in Obese Children and Adolescents,Treatment of Vitamin D Deficit in Obese Children and Adolescents: an Open Label Randomized Controlled Study Comparing the Efficacy of Two Oral Supplementation Regimens: Monthly Boluses Versus Daily Doses for Correcting Blood Vitamin D Level: OBEVIDOS,RECRUITING,2023-12-04,2027-03,68,ESTIMATED,ALL,5 Years,18 Years,Hospices Civils de Lyon,OTHER,False,NO_OBESITY_TREATMENT_INTENT,INCLUDES_MINORS_AND_ADULTS,DRUG,UNKNOWN,5.0,18.0,2023
NCT00231660,"A Study of the Efficacy and Safety of Topiramate in the Treatment fo Obese, Type 2 Diabetic Patients Treated With Metformin","A Multicenter, Randomized, Double-Blind, Placebo-Controlled, Parallel-Group Study of the Efficacy and Safety of Topiramate in the Treatment of Obese, Type 2 Diabetic Patients Treated With Metformin",COMPLETED,2000-10,2002-06,211,ACTUAL,ALL,18 Years,75 Years,"Johnson & Johnson Pharmaceutical Research & Development, L.L.C.",INDUSTRY,False,OUTSIDE_RECENCY_WINDOW,MISSING_LOCATIONS;DIABETES_IN_ELIGIBILITY_ONLY,DRUG,UNKNOWN,18.0,75.0,2000
NCT06738979,A Clinical Study Comparing Semaglutide Injection and Wegovy® for Weight Management in Obese Subjects,"A Multicenter, Randomized, Open, Parallel Controlled Phase III Study Comparing the Efficacy and Safety of Semaglutide Injection and Wegovy® for Weight Management in Obese Subjects",NOT_YET_RECRUITING,2025-03,2026-08,408,ESTIMATED,ALL,18 Years,70 Years,"Chia Tai Tianqing Pharmaceutical Group Co., Ltd.",INDUSTRY,True,,DIABETES_IN_ELIGIBILITY_ONLY,DRUG,INJECTABLE,18.0,70.0,2025
NCT01601574,Weight Loss Study for People With Type 2 Diabetes,Effects on Glycemic Control and Weight of a Modified Commercial Weight Control Program for People With Type 2 Diabetes,COMPLETED,2012-05,2014-09,563,ACTUAL,ALL,18 Years,70 Years,Medical University of South Carolina,OTHER,False,NO_DRUG_OR_BIOLOGICAL;DIABETES_PRIMARY_OVERLAP,,BEHAVIORAL;OTHER,UNKNOWN,18.0,70.0,2012
NCT01387126,"Effects of a High Viscosity Dietary Fibre, as Part of a Medically Supervised Weight Management Program","A Randomized, Controlled Trial Evaluating the Effects of a High Viscosity Dietary Fibre, as Part of a Medically Supervised Weight Management Program, on Body Weight in Overweight and Obese Individuals",WITHDRAWN,,,0,ACTUAL,ALL,20 Years,55 Years,Canadian Center for Functional Medicine,OTHER,False,NO_DRUG_OR_BIOLOGICAL;OUTSIDE_RECENCY_WINDOW;NON_PHARMACOLOGICAL_PRIMARY_INTENT,DIABETES_IN_ELIGIBILITY_ONLY,DIETARY_SUPPLEMENT,UNKNOWN,20.0,55.0,
NCT00040287,Theory-Based Interventions for Smoking and Obesity (Challenge) Trial,,COMPLETED,1999-01,,1778,,ALL,18 Years,60 Years,National Institute of Neurological Disorders and Stroke (NINDS),NIH,False,NO_DRUG_OR_BIOLOGICAL;OUTSIDE_RECENCY_WINDOW;NO_OBESITY_TREATMENT_INTENT,,BEHAVIORAL,UNKNOWN,18.0,60.0,1999
NCT04717726,"Exercise, Milk Thistle, and Lactobacillus to Influence Plasma Bilirubin",Milk Thistle and Lactobacillus Supplementation to Improve Exercise Outcomes in Obese Patients,COMPLETED,2021-02-24,2023-07-19,42,ACTUAL,ALL,18 Years,50 Years,Kyle Flack,OTHER,False,NO_DRUG_OR_BIOLOGICAL;NO_OBESITY_TREATMENT_INTENT;NON_PHARMACOLOGICAL_PRIMARY_INTENT,,BEHAVIORAL;DIETARY_SUPPLEMENT,ORAL,18.0,50.0,2021
NCT06780449,A Research Study to Look Into the Long-term Effect on Weight Loss of CagriSema in People With Obesity,Long-term Efficacy and Safety of Cagrilintide s.c. 2.4 mg in Combination With Semaglutide s.c. 2.4 mg (CagriSema 2.4 mg/2.4 mg) Once Weekly Versus Placebo in Participants With Obesity,ACTIVE_NOT_RECRUITING,2025-02-10,2028-10-31,400,ESTIMATED,ALL,18 Years,,Novo Nordisk A/S,INDUSTRY,True,,DIABETES_IN_ELIGIBILITY_ONLY,DRUG,INJECTABLE,18.0,,2025
NCT01755676,Evaluation of Orlistat as Adjuvant Treatment of Obesity in Adults,"A Prospective Study, Parallel, Double-blind, Multicenter for Evaluation of Efficacy of Orlistat 60 mg as Adjuvant Treatment of Obesity in Adults",COMPLETED,2016-09,2017-12-21,638,ACTUAL,ALL,18 Years,,EMS,INDUSTRY,True,,DIABETES_IN_ELIGIBILITY_ONLY,DRUG;OTHER,ORAL,18.0,,2016
NCT03440814,A Study of Diazoxide Choline in Patients With Prader-Willi Syndrome,"A Randomized, Double-Blind, Placebo-Controlled Study of Diazoxide Choline Controlled-Release Tablet (DCCR) in Patients With Prader-Willi Syndrome",COMPLETED,2018-05-09,2020-05-01,127,ACTUAL,ALL,4 Years,,"Soleno Therapeutics, Inc.",INDUSTRY,False,NO_OBESITY_TREATMENT_INTENT,INCLUDES_MINORS_AND_ADULTS,DRUG,ORAL,4.0,,2018
NCT03574597,Semaglutide Effects on Heart Disease and Stroke in Patients With Overweight or Obesity,SELECT - Semaglutide Effects on Cardiovascular Outcomes in People With Overweight or Obesity,COMPLETED,2018-10-24,2023-06-29,17604,ACTUAL,ALL,45 Years,,Novo Nordisk A/S,INDUSTRY,True,,DIABETES_IN_ELIGIBILITY_ONLY,DRUG,UNKNOWN,45.0,,2018
NCT03516188,Efficacy of Gaviscon-Advance® in Suppressing Post-supper Acid-pocket and Night-time Acid-reflux in Obese Participants,"Open-label Antacid-controlled Randomized Study on Effectiveness of Alginate-antacid Preparation (Gaviscon-Advance®) in Suppression of Post-supper Acid-pocket, Night-time Acid-reflux and Symptoms in Obese Participants",COMPLETED,2016-07,2017-06,24,ACTUAL,ALL,18 Years,70 Years,Universiti Sains Malaysia,OTHER,False,NO_OBESITY_TREATMENT_INTENT,,DRUG,UNKNOWN,18.0,70.0,2016
NCT00032760,Meditation-Based Treatment for Binge Eating Disorder,Meditation-Based Treatment for Binge Eating Disorder,COMPLETED,2002-03,2004-03,160,,ALL,18 Years,,National Center for Complementary and Integrative Health (NCCIH),NIH,False,NO_DRUG_OR_BIOLOGICAL;OUTSIDE_RECENCY_WINDOW;NO_OBESITY_TREATMENT_INTENT,DIABETES_IN_ELIGIBILITY_ONLY,BEHAVIORAL,UNKNOWN,18.0,,2002
NCT02564627,PENS T6 With Ambulatory Self-applied Patch vs Conventional Procedure,Percutaneous Electrical Neurostimulation (PENS) of Dermatome T6 With an Ambulatory Self-applied Patch vs PENS of Dermatome T6 With Conventional Procedure: Effect on Appetite and Weight Loss in Moderately Obese Patients,COMPLETED,2015-07,2015-09,90,ACTUAL,ALL,18 Years,,Abdel Kadar Clinic,OTHER,False,NO_DRUG_OR_BIOLOGICAL,MISSING_LOCATIONS,DIETARY_SUPPLEMENT;PROCEDURE,UNKNOWN,18.0,,2015
NCT04662801,Weight Regain Treatment Post-Bariatric Surgery,A Behavioral Treatment With Sequenced Adjunctive Pharmacotherapy for Weight Regain After Bariatric Surgery: A Pilot Study,COMPLETED,2021-08-05,2022-09-13,26,ACTUAL,ALL,18 Years,70 Years,Yale University,OTHER,False,NO_DRUG_OR_BIOLOGICAL;OFF_TARGET_THERAPEUTIC_INTENT;NON_PHARMACOLOGICAL_PRIMARY_INTENT,DIABETES_IN_ELIGIBILITY_ONLY,BEHAVIORAL;COMBINATION_PRODUCT,ORAL,18.0,70.0,2021
NCT06075667,A Study of Tirzepatide (LY3298176) Once Weekly in Adolescent Participants Who Have Obesity or Overweight With Weight-Related Comorbidities,"Efficacy, Safety, and Pharmacokinetics of Tirzepatide Once Weekly Versus Placebo in Adolescent Participants Who Have Obesity, or Are Overweight With Weight-Related Comorbidities: A Randomized, Double-Blind Trial (SURMOUNT-ADOLESCENTS)",ACTIVE_NOT_RECRUITING,2023-10-16,2029-07,160,ACTUAL,ALL,12 Years,17 Years,Eli Lilly and Company,INDUSTRY,False,EXCLUSIVELY_PEDIATRIC,DIABETES_IN_ELIGIBILITY_ONLY,DRUG,UNKNOWN,12.0,17.0,2023
NCT00073242,Low-Dose Leptin and the Formerly-Obese,Effects of Low-Dose Leptin on the Metabolic/Behavioral Phenotypes of the Formerly-Obese,UNKNOWN,2000-07,2015-07,25,ESTIMATED,ALL,19 Years,45 Years,National Institute of Diabetes and Digestive and Kidney Diseases (NIDDK),NIH,False,OUTSIDE_RECENCY_WINDOW;NO_OBESITY_TREATMENT_INTENT;NON_PHARMACOLOGICAL_PRIMARY_INTENT,,BEHAVIORAL;DRUG,UNKNOWN,19.0,45.0,2000
NCT00185770,Reducing Television Viewing to Prevent Childhood Obesity,Reducing Television Viewing to Prevent Childhood Obesity,COMPLETED,1999-04,,900,,ALL,0 Years,,Stanford University,OTHER,False,NO_DRUG_OR_BIOLOGICAL;OUTSIDE_RECENCY_WINDOW;NO_OBESITY_TREATMENT_INTENT,INCLUDES_MINORS_AND_ADULTS,BEHAVIORAL,UNKNOWN,0.0,,1999
NCT01667783,Improving Diabetes Through Lifestyle and Surgery,Improving Diabetes Through Lifestyle and Surgery Study,COMPLETED,2012-08,2015-02,15,ACTUAL,ALL,21 Years,64 Years,Johns Hopkins University,OTHER,False,NO_DRUG_OR_BIOLOGICAL;NO_OBESITY_TREATMENT_INTENT;NON_PHARMACOLOGICAL_PRIMARY_INTENT,DIABETES_IN_ELIGIBILITY_ONLY,BEHAVIORAL;PROCEDURE,ORAL,21.0,64.0,2012
NCT00284167,Efficacy of a Web-based Tailored Weight Management Program,Efficacy of a Web-based Tailored Weight Management Program With and Without Tailored Nutrition and Goal Setting Support,COMPLETED,2003-09,2006-07,1848,,ALL,18 Years,75 Years,Robert Wood Johnson Foundation,OTHER,False,NO_DRUG_OR_BIOLOGICAL;OUTSIDE_RECENCY_WINDOW,DIABETES_IN_ELIGIBILITY_ONLY,BEHAVIORAL,UNKNOWN,18.0,75.0,2003
NCT00456521,A Safety and Efficacy Study of Naltrexone SR/Bupropion SR and Placebo in Overweight and Obese Subjects Participating in an Intensive Behavior Modification Program,"A Multicenter, Randomized, Double-Blind, Placebo-Controlled Study Comparing the Safety and Efficacy of Naltrexone Sustained Release (SR)/Bupropion SR and Placebo in Subjects With Obesity Participating in a Behavior Modification Program",COMPLETED,2007-03,2008-12,793,ACTUAL,ALL,18 Years,65 Years,"Orexigen Therapeutics, Inc",INDUSTRY,False,OUTSIDE_RECENCY_WINDOW,DIABETES_IN_ELIGIBILITY_ONLY,BEHAVIORAL;DRUG,UNKNOWN,18.0,65.0,2007
NCT06366464,A Study of Pitolisant in Patients With Prader-Willi Syndrome,"A Phase 3, Randomized, Double-Blind, Placebo-controlled, Efficacy and Safety Study of Pitolisant Followed by an Open-Label Extension in Patients With Prader-Willi Syndrome",RECRUITING,2024-05-28,2027-07,134,ESTIMATED,ALL,6 Years,,"Harmony Biosciences Management, Inc.",INDUSTRY,False,NO_OBESITY_TREATMENT_INTENT,INCLUDES_MINORS_AND_ADULTS,DRUG;OTHER,ORAL,6.0,,2024
NCT07668401,AMAZE 13: A Research Study Investigating How Well the Medicine Zenagamtide Helps People in Asia With Excess Body Weight Lose Weight,Efficacy and Safety of Zenagamtide s.c. Once-weekly in Asian Participants With Overweight or Obesity (AMAZE 13),NOT_YET_RECRUITING,2027-01-07,2029-01-11,400,ESTIMATED,ALL,18 Years,,Novo Nordisk A/S,INDUSTRY,True,,DIABETES_IN_ELIGIBILITY_ONLY,DRUG,INJECTABLE,18.0,,2027
NCT00528164,Team PLAY (Positive Lifestyles for Active Youngsters),Treating Childhood Obesity With Family Lifestyle Change,COMPLETED,2006-09,2012-06,270,ACTUAL,ALL,4 Years,7 Years,University of Tennessee,OTHER,False,NO_DRUG_OR_BIOLOGICAL;EXCLUSIVELY_PEDIATRIC;OUTSIDE_RECENCY_WINDOW;NO_OBESITY_TREATMENT_INTENT;NON_PHARMACOLOGICAL_PRIMARY_INTENT,DIABETES_IN_ELIGIBILITY_ONLY,BEHAVIORAL,ORAL,4.0,7.0,2006
NCT03085394,Preoperative Hexakapron Reduces Bleeding in Bariatric Surgery,Preoperative Hexakapron Reduces Bleeding in Bariatric Surgery,TERMINATED,2017-09-01,2022-11-21,152,ACTUAL,ALL,18 Years,70 Years,Sheba Medical Center,OTHER_GOV,False,OFF_TARGET_THERAPEUTIC_INTENT;NO_OBESITY_TREATMENT_INTENT;NON_PHARMACOLOGICAL_PRIMARY_INTENT,,DRUG,UNKNOWN,18.0,70.0,2017
NCT05819853,Role of Semaglutide in Restoring Ovulation in Youth and Adults With Polycystic Ovary Syndrome,Role of Semaglutide in Restoring Ovulation in Youth and Adults With Polycystic Ovary Syndrome,RECRUITING,2023-11-03,2028-06-30,80,ESTIMATED,FEMALE,12 Years,35 Years,"University of Colorado, Denver",OTHER,False,OFF_TARGET_THERAPEUTIC_INTENT,INCLUDES_MINORS_AND_ADULTS;DIABETES_IN_ELIGIBILITY_ONLY,DRUG,INJECTABLE,12.0,35.0,2023
NCT03693430,Two-year Research Study Investigating How Well Semaglutide Works in People Suffering From Overweight or Obesity,Two-year Effect and Safety of Semaglutide 2.4 mg Once-weekly in Subjects With Overweight or Obesity,COMPLETED,2018-10-05,2021-03-23,304,ACTUAL,ALL,,,Novo Nordisk A/S,INDUSTRY,True,,MISSING_OR_UNPARSED_MINIMUM_AGE,DRUG,INJECTABLE,,,2018
NCT07469800,Efficacy and Safety of IBI362 in Hypertensive Patients With Overweight/Obesity,"A Multicenter, Randomized, Double-blind, Placebo-controlled Clinical Study to Evaluate the Efficacy and Safety of IBI362 in Participants With Mild to Moderate Hypertension Complicated by Overweight/Obesity Who Have Not Received Antihypertensive Drug Treatment",RECRUITING,2026-04-23,2027-04-15,336,ESTIMATED,ALL,18 Years,,Innovent Biologics (Suzhou) Co. Ltd.,INDUSTRY,True,,DIABETES_IN_ELIGIBILITY_ONLY,DRUG,INJECTABLE,18.0,,2026
NCT01272219,Effect of Liraglutide on Body Weight in Non-diabetic Obese Subjects or Overweight Subjects With Co-morbidities: SCALE™ - Obesity and Pre-diabetes,"Effect of Liraglutide on Body Weight in Non-diabetic Obese Subjects or Overweight Subjects With Co-morbidities: A Randomised, Double-blind, Placebo Controlled, Parallel Group, Multi-centre, Multinational Trial With Stratification of Subject to Either 56 or 160 Weeks of Treatment Based on Pre-diabetes Status at Randomisation",COMPLETED,2011-06-01,2015-03-02,3731,ACTUAL,ALL,18 Years,,Novo Nordisk A/S,INDUSTRY,True,,DIABETES_IN_ELIGIBILITY_ONLY,DRUG,INJECTABLE,18.0,,2011
NCT03961360,Effectiveness of Higher Aspirin Dosing for Prevention of Preeclampsia in High Risk Obese Gravida,"Effectiveness of Higher Aspirin Dosing for Prevention of Preeclampsia in High Risk Obese Gravida: An Open Label, Comparative Effectiveness, Randomized Controlled Trial (ASPREO Trial)",COMPLETED,2019-05-06,2023-04-10,220,ACTUAL,FEMALE,18 Years,45 Years,"The University of Texas Health Science Center, Houston",OTHER,False,NO_OBESITY_TREATMENT_INTENT,DIABETES_IN_ELIGIBILITY_ONLY,DRUG,UNKNOWN,18.0,45.0,2019
NCT07351058,A Clinical Study to Evaluate the Effects of Enicepatide (RO7795068) in Participants With Obesity or Overweight and Type 2 Diabetes,"A Phase III, Randomized, Double-Blind, Placebo-Controlled, Parallel Group Study to Evaluate the Efficacy and Safety of Once-Weekly RO7795068 Administered to Participants With Obesity or Overweight and Type 2 Diabetes",RECRUITING,2026-03-23,2028-08-07,1600,ESTIMATED,ALL,18 Years,,Hoffmann-La Roche,INDUSTRY,False,NO_DRUG_OR_BIOLOGICAL;DIABETES_PRIMARY_OVERLAP,,COMBINATION_PRODUCT,UNKNOWN,18.0,,2026
NCT05935826,Effect of Amino Acids on Hepatic Fat Content in Adolescents (AMINOS Study),Effect of Amino Acids on Hepatic Fat Content in Adolescents (AMINOS Study),RECRUITING,2024-06-18,2026-08-31,55,ESTIMATED,ALL,13 Years,18 Years,"University of Colorado, Denver",OTHER,False,NO_OBESITY_TREATMENT_INTENT,INCLUDES_MINORS_AND_ADULTS;DIABETES_IN_ELIGIBILITY_ONLY,DRUG;OTHER,UNKNOWN,13.0,18.0,2024
NCT00696228,High Fat Diet: Oxidative and Cardiovascular Effects,High Fat Diet: Oxidative Effects and Cardiovascular Risk,COMPLETED,2008-08,2013-12,144,ACTUAL,FEMALE,21 Years,40 Years,Vanderbilt University,OTHER,False,NO_DRUG_OR_BIOLOGICAL;OUTSIDE_RECENCY_WINDOW;NO_OBESITY_TREATMENT_INTENT;NON_PHARMACOLOGICAL_PRIMARY_INTENT,,DIETARY_SUPPLEMENT,UNKNOWN,21.0,40.0,2008
NCT07493057,Evaluate the Efficacy and Safety of GZR18 Injection in Obese Subjects With Obstructive Sleep Apnea Not Treated With Positive Airway Pressure (PAP) Therapy,"A Multicenter, Randomized, Double-Blind, Parallel, Placebo-Controlled Phase 3 Study to Evaluate the Efficacy and Safety of GZR18 Injection in Obese Subjects With Moderate to Severe Obstructive Sleep Apnea（OSA） Not Treated With Positive Airway Pressure（PAP）",NOT_YET_RECRUITING,2026-04-27,2027-11-14,140,ESTIMATED,ALL,18 Years,,Gan & Lee Pharmaceuticals.,INDUSTRY,False,NO_OBESITY_TREATMENT_INTENT,DIABETES_IN_ELIGIBILITY_ONLY,DRUG,INJECTABLE,18.0,,2026
NCT00687739,Prevention of Obesity in Women Via Estradiol Regulation,Estrogen Deficiency and Mechanisms of Fat Accumulation,COMPLETED,2008-05,2014-06,79,ACTUAL,FEMALE,18 Years,49 Years,"University of Colorado, Denver",OTHER,False,OUTSIDE_RECENCY_WINDOW;NO_OBESITY_TREATMENT_INTENT,DIABETES_IN_ELIGIBILITY_ONLY,BEHAVIORAL;DRUG,INJECTABLE,18.0,49.0,2008
NCT06948422,A Master Protocol for Orforglipron (LY3502970) in Participants With Hypertension and Obesity or Overweight: (ATTAIN-Hypertension Screening),"A Master Protocol to Investigate the Efficacy and Safety of Orforglipron Once Daily in Participants With Hypertension and Obesity or Overweight: Randomized, Double-Blind, Placebo-Controlled Trials (ATTAIN-HYPERTENSION)",ACTIVE_NOT_RECRUITING,2025-04-30,2027-09,974,ESTIMATED,ALL,18 Years,,Eli Lilly and Company,INDUSTRY,True,,DIABETES_IN_ELIGIBILITY_ONLY,DRUG,ORAL,18.0,,2025
NCT07667803,A Master Protocol to Investigate Efficacy and Safety of Elecoglipron in Participants With Obesity or Overweight With or Without T2DM,"A Phase III Randomized, Double-blind, Placebo-controlled Multicenter Master Protocol to Evaluate the Efficacy and Safety of Elecoglipron in Participants With Obesity or Overweight With or Without Type 2 Diabetes Mellitus (Embold)",RECRUITING,2026-06-29,2029-07-30,4500,ESTIMATED,ALL,18 Years,,AstraZeneca,INDUSTRY,True,,DIABETES_IN_ELIGIBILITY_ONLY,DRUG,ORAL,18.0,,2026
NCT07709910,A Trial of Ribupatide Injection in Participants With Obesity and Knee Osteoarthritis,"A Multicenter, Randomized, Double-blind, Placebo-parallel-controlled Phase III Clinical Study to Evaluate the Efficacy and Safety of Ribupatide Injection in Participants With Obesity and Knee Osteoarthritis",NOT_YET_RECRUITING,2026-07,2028-12,382,ESTIMATED,ALL,18 Years,,"Fujian Shengdi Pharmaceutical Co., Ltd.",INDUSTRY,True,,,DRUG,INJECTABLE,18.0,,2026
NCT07622810,BALANCE-OBS: Bofanglutide (GZR18) Versus Semaglutide in Latin American Adults With Overweight or Obesity,"BALANCE-OBS: A Multiregional, Randomized, Multicenter, Active-Controlled Confirmatory Phase III Study to Evaluate the Efficacy and Safety of Bofanglutide (GZR18) Versus Semaglutide in Latin American Adults With Overweight or Obesity",NOT_YET_RECRUITING,2026-09,2027-12,352,ESTIMATED,ALL,18 Years,,Carnot Laboratories,INDUSTRY,True,,DIABETES_IN_ELIGIBILITY_ONLY,DRUG,INJECTABLE,18.0,,2026
NCT00454610,Family Lifestyle Overweight Prevention Program,Family Lifestyle Overweight Prevention Program: Evaluation of a Weight Management Program for Mexican American Youth,COMPLETED,2005-01,2007-03,100,,ALL,10 Years,16 Years,Baylor College of Medicine,OTHER,False,NO_DRUG_OR_BIOLOGICAL;EXCLUSIVELY_PEDIATRIC;OUTSIDE_RECENCY_WINDOW;NON_PHARMACOLOGICAL_PRIMARY_INTENT,MISSING_LOCATIONS,BEHAVIORAL,UNKNOWN,10.0,16.0,2005
NCT05488288,Bariatric SUrgery With Mesh REpair of Ventral Hernia: a Randomized Controlled Trial,Bariatric Surgery With Mesh Repair of Ventral Hernia: a Randomized Controlled Trial,RECRUITING,2023-07-24,2030-01,354,ESTIMATED,ALL,18 Years,60 Years,Assistance Publique - Hôpitaux de Paris,OTHER,False,NO_DRUG_OR_BIOLOGICAL;OFF_TARGET_THERAPEUTIC_INTENT;NO_OBESITY_TREATMENT_INTENT;NON_PHARMACOLOGICAL_PRIMARY_INTENT,,PROCEDURE,UNKNOWN,18.0,60.0,2023
NCT03414762,PICO Negative Pressure Wound Therapy in Obese Women Undergoing Elective Cesarean Delivery.,PICO Negative Pressure Wound Therapy in Obese Women Undergoing Elective Cesarean Delivery.,COMPLETED,2019-04-01,2022-09-30,153,ACTUAL,FEMALE,18 Years,50 Years,Northwell Health,OTHER,False,NO_DRUG_OR_BIOLOGICAL;NO_OBESITY_TREATMENT_INTENT,,DEVICE,UNKNOWN,18.0,50.0,2019
NCT00941382,Sibutramine-metformin Combination Versus Sibutramine and Metformin Monotherapy in Obese Patients,"Double-blind, Randomized Clinical Trial to Evaluate Effect of Combination Therapy of Metformin and Sibutramine Versus Metformin or Sibutramine Monotherapy Over Weight, Adiposity, Glucose Metabolism and Inflammatory State in Obese Patients",UNKNOWN,2008-11,2009-09,60,ESTIMATED,ALL,30 Years,50 Years,Laboratorios Silanes S.A. de C.V.,INDUSTRY,False,OUTSIDE_RECENCY_WINDOW;NO_OBESITY_TREATMENT_INTENT,DIABETES_IN_ELIGIBILITY_ONLY,DRUG,ORAL,30.0,50.0,2008
NCT01872182,Efficacy and Safety Study of ALS-L1023 in Patients With Abdominal Obesity of Metabolic Syndrome,"A Randomized, Double-Blind, Placebo Controlled, Multicenter, 12-week Phase 3 Study to Evaluate Efficacy and Safety of ALS-L1023 Tablet in Patients With Abdominal Obesity of Metabolic Syndrome",TERMINATED,2013-05,2015-01,200,ACTUAL,ALL,20 Years,64 Years,Hanmi Pharmaceutical Company Limited,INDUSTRY,False,NO_OBESITY_TREATMENT_INTENT,,DRUG,UNKNOWN,20.0,64.0,2013
NCT01766791,"Resistance Exercise, Muscle Mass, Strength and Body Composition","Effects of Resistance Exercise on Muscle Mass, Strength, Body Composition and Heart in Men 30-50 Years Old.",COMPLETED,2013-01,2014-03,120,ACTUAL,MALE,30 Years,50 Years,University of Erlangen-Nürnberg Medical School,OTHER,False,NO_DRUG_OR_BIOLOGICAL;NO_OBESITY_TREATMENT_INTENT;NON_PHARMACOLOGICAL_PRIMARY_INTENT,,OTHER,UNKNOWN,30.0,50.0,2013
NCT07021937,Brain Plasticity and GLP-1 Receptor Agonist Treatment for Obesity,Investigating Brain PLASTICity and GLP-1 Receptor Agonists in the Treatment of Obesity: The PLASTIC Trial,NOT_YET_RECRUITING,2026-06-15,2031-04-30,120,ESTIMATED,ALL,12 Years,45 Years,"University of Colorado, Denver",OTHER,True,,INCLUDES_MINORS_AND_ADULTS;DIABETES_IN_ELIGIBILITY_ONLY,DRUG,INJECTABLE,12.0,45.0,2026
NCT00236639,A Study on Efficacy and Safety of Topiramate in the Treatment of Patients With Obesity,"A Randomized, Double-Blind, Placebo-Controlled, Multicenter, Parallel Group, Dose-Response Study to Assess the Efficacy and Safety of Topiramate in the Treatment of Patients With Obesity",COMPLETED,2000-07,2002-06,1293,ACTUAL,ALL,18 Years,75 Years,"Johnson & Johnson Pharmaceutical Research & Development, L.L.C.",INDUSTRY,False,OUTSIDE_RECENCY_WINDOW,MISSING_LOCATIONS;DIABETES_IN_ELIGIBILITY_ONLY,DRUG,UNKNOWN,18.0,75.0,2000
NCT06496100,"Effect of Triticum Aestivum on Appetite, Ghrelin, Leptin, Adiponectin Hormonal Axis in Patients With Obesity","Effect of Triticum Aestivum on Appetite Regulation and the Ghrelin, Leptin, Adiponectin Hormonal Axis in Patients With Obesity",UNKNOWN,2024-01-03,2024-12-24,38,ESTIMATED,ALL,30 Years,50 Years,"Coordinación de Investigación en Salud, Mexico",OTHER_GOV,False,NO_OBESITY_TREATMENT_INTENT,DIABETES_IN_ELIGIBILITY_ONLY,DRUG,UNKNOWN,30.0,50.0,2024
NCT01279499,Sevoflurane Versus Intravenous Anaesthetic Agents in Morbid Obese Patients,Propofol Versus Sevoflurane as Sole Anesthetic Agent in Gastric By-Pass Surgery for Morbid Obesity: A Prospective Randomized Clinical Trial,UNKNOWN,2010-04,2011-07,100,ESTIMATED,ALL,18 Years,50 Years,University of Patras,OTHER,False,OFF_TARGET_THERAPEUTIC_INTENT;NO_OBESITY_TREATMENT_INTENT;NON_PHARMACOLOGICAL_PRIMARY_INTENT,,DRUG,UNKNOWN,18.0,50.0,2010
NCT00289705,Surgical Intervention for Morbidly Obese Adolescents,Surgical Intervention With Laparoscopic Roux-en-Y Gastric Bypass for Morbid Obesity in Adolescence - a Matched Control Study,UNKNOWN,2006-02,2018-02,80,ESTIMATED,ALL,13 Years,17 Years,Göteborg University,OTHER,False,NO_DRUG_OR_BIOLOGICAL;EXCLUSIVELY_PEDIATRIC;OUTSIDE_RECENCY_WINDOW;OFF_TARGET_THERAPEUTIC_INTENT;NO_OBESITY_TREATMENT_INTENT;NON_PHARMACOLOGICAL_PRIMARY_INTENT,,PROCEDURE,UNKNOWN,13.0,17.0,2006
NCT05316467,Weight Management Plus Megestrol Acetate in Early-stage Endometrioid Carcinoma,"Weight Management Plus Megestrol Acetate in Early-stage Endometrioid Carcinoma: Two Single-arm, Prospective and Open-label Clinical Study",TERMINATED,2022-05-01,2026-02-28,8,ACTUAL,FEMALE,18 Years,45 Years,Xiaojun Chen,OTHER,True,,,BEHAVIORAL;DRUG,ORAL,18.0,45.0,2022
NCT06987695,Efficacy and Safety of Maridebart Cafraglutide in Adult Participants in Japan Who Have Obesity Disease,"A Phase 3 Randomized, Double-blind, Placebo-controlled Study to Evaluate the Efficacy, Safety, and Tolerability of Maridebart Cafraglutide in Adult Participants in Japan Who Have Obesity Disease (MARITIME 3-J)",ACTIVE_NOT_RECRUITING,2025-06-13,2027-07-21,279,ACTUAL,ALL,18 Years,99 Years,Amgen,INDUSTRY,True,,DIABETES_IN_ELIGIBILITY_ONLY,DRUG,UNKNOWN,18.0,99.0,2025
NCT03968224,Effectiveness of Dapagliflozin for Weight Loss,Effectiveness of the Treatment With Dapagliflozin and Metformin Compared to Metformin Monotherapy for Weight Loss on Diabetic and Prediabetic Patients With Obesity Class III,COMPLETED,2018-08-04,2024-07-31,160,ACTUAL,ALL,18 Years,60 Years,Centro Medico Nacional Siglo XXI IMSS,OTHER,True,,DIABETES_IN_ELIGIBILITY_ONLY,DRUG,ORAL,18.0,60.0,2018
NCT00532779,A Study of the Safety and Efficacy of Two Doses of Naltrexone SR/Bupropion SR and Placebo in Overweight and Obese Subjects,"A Multicenter, Randomized, Double Blind, Placebo Controlled Study Comparing the Safety and Efficacy of Two Doses of Naltrexone Sustained Release (SR)/Bupropion Sustained Release (SR) and Placebo in Obese Subjects",COMPLETED,2007-10,2009-05,1742,ACTUAL,ALL,18 Years,65 Years,"Orexigen Therapeutics, Inc",INDUSTRY,False,OUTSIDE_RECENCY_WINDOW,DIABETES_IN_ELIGIBILITY_ONLY,BEHAVIORAL;DRUG,UNKNOWN,18.0,65.0,2007
NCT07220759,Weight Loss in People Living With Overweight or Obesity and Type 2 Diabetes Following Treatment With Cagrilintide,Efficacy and Safety of Cagrilintide for Weight Management in Participants With Overweight or Obesity and Type 2 Diabetes,ACTIVE_NOT_RECRUITING,2025-11-05,2027-06-30,330,ESTIMATED,ALL,18 Years,,Novo Nordisk A/S,INDUSTRY,False,DIABETES_PRIMARY_OVERLAP,,DRUG,INJECTABLE,18.0,,2025
NCT00092859,A 2-Year Study of an Investigational Drug in Obese Patients (0557-011),"A Double-Blind, Randomized, Placebo-Controlled, Multicenter Study to Assess the Safety, Tolerability, and Efficacy of MK0557 in Obese Patients",COMPLETED,2003-08,2005-06,1500,ACTUAL,ALL,18 Years,,Merck Sharp & Dohme LLC,INDUSTRY,False,OUTSIDE_RECENCY_WINDOW;NO_OBESITY_TREATMENT_INTENT,MISSING_LOCATIONS;DIABETES_IN_ELIGIBILITY_ONLY,DRUG,UNKNOWN,18.0,,2003
NCT03650582,Intranasal Glucagon and Energy Balance,Assessing the Effects of Intranasal Glucagon on Energy Balance in Humans,UNKNOWN,2017-06-06,2018-10-30,20,ESTIMATED,ALL,18 Years,65 Years,"University Health Network, Toronto",OTHER,False,NO_OBESITY_TREATMENT_INTENT,,DRUG,UNKNOWN,18.0,65.0,2017
NCT00994513,Effect of Alpha Lipoic Acid on Obesity Related Comorbidities,Effect of Alpha Lipoic Acid on Obesity Related Comorbidities,COMPLETED,2009-07,2010-05,70,ESTIMATED,ALL,18 Years,60 Years,Augusta University,OTHER,False,NO_DRUG_OR_BIOLOGICAL;OUTSIDE_RECENCY_WINDOW;NO_OBESITY_TREATMENT_INTENT,DIABETES_IN_ELIGIBILITY_ONLY,DIETARY_SUPPLEMENT,UNKNOWN,18.0,60.0,2009
NCT02857660,Effect of Whole Body Electromyostimulation and/or Protein Supplementation on Sarcopenic Obesity in 70+,Effect of Whole-body Electromyostimulation (WB-EMS) and/or Protein Supplementation on Sarcopenic Obesity in Community Dwelling Males 70+ With Sarcopenic Obesity,COMPLETED,2016-08,2017-04,100,ACTUAL,MALE,70 Years,,University of Erlangen-Nürnberg Medical School,OTHER,False,NO_DRUG_OR_BIOLOGICAL;NO_OBESITY_TREATMENT_INTENT,,DIETARY_SUPPLEMENT;OTHER,UNKNOWN,70.0,,2016
NCT06728124,A Phase III Clinical Study to Evaluate the Efficacy and Safety of GZR18 Injection in Adult Obese/Overweight Subjects,"A Multicenter, Randomized, Double-Blind, Parallel, Placebo-Controlled Phase III Clinical Study to Evaluate the Efficacy and Safety of GZR18 Injection in Adult Obese/Overweight Subjects",ACTIVE_NOT_RECRUITING,2024-12-30,2026-05,630,ESTIMATED,ALL,18 Years,,Gan & Lee Pharmaceuticals.,INDUSTRY,False,NO_OBESITY_TREATMENT_INTENT,,DRUG;OTHER,UNKNOWN,18.0,,2024
NCT01812694,Lifestyle Interventions for Expectant Mothers (LIFE-Moms Phoenix) - Phoenix,Lifestyle Interventions for Expectant Moms (LIFE-Moms) Phoenix,COMPLETED,2013-03-28,2017-03-27,123,ACTUAL,ALL,,,National Institute of Diabetes and Digestive and Kidney Diseases (NIDDK),NIH,False,NO_DRUG_OR_BIOLOGICAL;NO_OBESITY_TREATMENT_INTENT;NON_PHARMACOLOGICAL_PRIMARY_INTENT,MISSING_OR_UNPARSED_MINIMUM_AGE;DIABETES_IN_ELIGIBILITY_ONLY,BEHAVIORAL,UNKNOWN,,,2013
NCT00458081,Evaluation of the Rimonabant Impact on the Regression of Asymptomatic Damage Caused by Cardiovascular Risk Factors,"A 12-month Multicentre, Randomised, Double-blind, Placebo-controlled Study With Two Parallel Groups to Assess the Effects of Rimonabant 20 mg in Patients With Abdominal Obesity and Microalbuminuria, With Type 2 Diabetes Mellitus or Dyslipidaemia With or Without Other Cardiometabolic Risk Factors.",TERMINATED,2007-03,2009-01,174,ACTUAL,ALL,30 Years,75 Years,Sanofi,INDUSTRY,False,OUTSIDE_RECENCY_WINDOW;DIABETES_PRIMARY_OVERLAP;NO_OBESITY_TREATMENT_INTENT,,DRUG,UNKNOWN,30.0,75.0,2007
NCT07571005,AMAZE 3: A Research Study Investigating How Well the Medicine NNC0487-0111 Helps People With Excess Body Weight and Obstructive Sleep Apnoea Not Treated With Positive Airway Pressure Lose Weight and Improve Sleep Apnoea,"Efficacy and Safety of NNC0487-0111 s.c. Once-weekly in Participants With Overweight or Obesity, and Obstructive Sleep Apnoea Not Treated With Positive Airway Pressure (AMAZE 3)",RECRUITING,2026-05-05,2028-10-04,300,ESTIMATED,ALL,18 Years,,Novo Nordisk A/S,INDUSTRY,True,,DIABETES_IN_ELIGIBILITY_ONLY,DRUG,INJECTABLE,18.0,,2026
NCT06439277,A Study of Tirzepatide in Adolescents With Obesity and Weight-Related Comorbidities (SURMOUNT-ADOLESCENTS-2),"Efficacy and Safety of Tirzepatide Once Weekly Versus Placebo for the Treatment of Obesity and Weight-Related Comorbidities in Adolescents: A Randomized, Double-Blind, Placebo- Controlled Trial (SURMOUNT-ADOLESCENTS-2)",RECRUITING,2024-06-03,2030-12,300,ESTIMATED,ALL,12 Years,17 Years,Eli Lilly and Company,INDUSTRY,False,EXCLUSIVELY_PEDIATRIC,DIABETES_IN_ELIGIBILITY_ONLY,DRUG,UNKNOWN,12.0,17.0,2024
NCT07284875,Efficacy and Safety of Ribupatide in Participants Living With Obesity or Overweight With Weight-Related Comorbidities Who Do Not Have Diabetes,"A Phase 3, Randomized, Double-Blind, Placebo-Controlled Study to Evaluate the Efficacy and Safety of KAI-9531 Administered Once Weekly in Participants Living With Obesity or Overweight With Weight-Related Comorbidities Who Do Not Have Diabetes",RECRUITING,2025-12-18,2028-03,2340,ESTIMATED,ALL,18 Years,,Kailera,INDUSTRY,True,,DIABETES_IN_ELIGIBILITY_ONLY,DRUG,INJECTABLE,18.0,,2025
NCT02492698,Changes in Body Adiposity by Dual Probiotic Strains Positively Correlated With Changes in Lp-PLA2 Activity in Overweight Adults,Changes in Body Adiposity by Dual Probiotic Strains Positively Correlated With Changes in Lp-PLA2 Activity in Overweight Adults,COMPLETED,2014-06,2015-01,120,ACTUAL,ALL,20 Years,65 Years,Yonsei University,OTHER,False,NO_DRUG_OR_BIOLOGICAL;NO_OBESITY_TREATMENT_INTENT,MISSING_LOCATIONS;DIABETES_IN_ELIGIBILITY_ONLY,DIETARY_SUPPLEMENT,UNKNOWN,20.0,65.0,2014
NCT07035093,A Study of Retatrutide (LY3437943) in Participants Who Have Obesity or Overweight and Chronic Low Back Pain,"A Phase 3, Randomized, Double-Blind, Placebo-Controlled Study to Investigate the Efficacy and Safety of Retatrutide Once Weekly in Participants Who Have Obesity or Overweight and Chronic Low Back Pain",ACTIVE_NOT_RECRUITING,2025-05-29,2027-09,586,ESTIMATED,ALL,18 Years,,Eli Lilly and Company,INDUSTRY,True,,DIABETES_IN_ELIGIBILITY_ONLY,DRUG,UNKNOWN,18.0,,2025
NCT05872620,A Study of Orforglipron in Adult Participants With Obesity or Overweight and Type 2 Diabetes,"A Phase 3, Randomized, Double-Blind Study to Investigate the Efficacy and Safety of Once-Daily Oral LY3502970 Compared With Placebo in Adult Participants With Obesity or Overweight and Type 2 Diabetes (ATTAIN-2)",COMPLETED,2023-06-05,2025-08-08,1613,ACTUAL,ALL,18 Years,,Eli Lilly and Company,INDUSTRY,False,DIABETES_PRIMARY_OVERLAP,,DRUG,ORAL,18.0,,2023
NCT01180101,Effects of Intentional Weight Loss Interventions in Chronic Kidney Disease,Effects of Intentional Weight Loss Interventions in Chronic Kidney Disease,COMPLETED,2010-08,2014-12,37,ACTUAL,ALL,19 Years,99 Years,The Cleveland Clinic,OTHER,False,NO_DRUG_OR_BIOLOGICAL,,BEHAVIORAL;PROCEDURE,UNKNOWN,19.0,99.0,2010
NCT00796367,A Safety and Efficacy Study of VI-0521 to Evaluate the Long Term Treatment of Obesity in Adults With Obesity-Related Co-Morbid Conditions. An Extension Study of Protocol OB-303 (NCT00553787),"A Phase 3, Double-Blind, Placebo-Controlled, Multicenter Extension Study (From Study OB-303 [NCT00553787]) to Determine the Safety and Efficacy Of VI-0521 for the Long-Term Treatment Of Obesity in Adults With Obesity-Related Co-Morbid Conditions.",COMPLETED,2008-12,2010-07,676,ACTUAL,ALL,18 Years,70 Years,VIVUS LLC,INDUSTRY,False,OUTSIDE_RECENCY_WINDOW,MISSING_LOCATIONS,DRUG,UNKNOWN,18.0,70.0,2008
NCT02896192,Setmelanotide for the Treatment of Early-Onset Pro-Opiomelanocortin (POMC) Deficiency Obesity,"An Open-Label, 1-Year Trial, Including a Double-Blind Placebo-Controlled Withdrawal Period, of Setmelanotide (RM-493), a Melanocortin 4 Receptor (MC4R) Agonist, in Early Onset POMC Deficiency Obesity Due to Bi-Allelic Loss-of-Function POMC or PCSK1 Genetic Mutation",COMPLETED,2017-02-14,2020-05-25,15,ACTUAL,ALL,6 Years,,"Rhythm Pharmaceuticals, Inc.",INDUSTRY,True,,INCLUDES_MINORS_AND_ADULTS,DRUG,INJECTABLE,6.0,,2017
NCT03924193,Cognitive-Behavioral and Pharmacologic (LDX) Treatment of Binge-Eating Disorder and Obesity: Acute Treatment,Cognitive-Behavioral and Pharmacologic (LDX) Treatment of Binge-Eating Disorder and Obesity,COMPLETED,2019-03-25,2023-09-13,141,ACTUAL,ALL,18 Years,64 Years,Yale University,OTHER,False,NO_OBESITY_TREATMENT_INTENT;NON_PHARMACOLOGICAL_PRIMARY_INTENT,DIABETES_IN_ELIGIBILITY_ONLY,BEHAVIORAL;DRUG;OTHER,ORAL,18.0,64.0,2019
NCT00444964,Growth Hormone Use in Adults With Prader-Willi Syndrome,Growth Hormone Use in Adults With Prader-Willi Syndrome,COMPLETED,2005-04,2012-01-01,11,ACTUAL,ALL,16 Years,60 Years,Children's Mercy Hospital Kansas City,OTHER,False,OUTSIDE_RECENCY_WINDOW;NO_OBESITY_TREATMENT_INTENT,INCLUDES_MINORS_AND_ADULTS;DIABETES_IN_ELIGIBILITY_ONLY,DRUG,UNKNOWN,16.0,60.0,2005
NCT00612599,Comparison of Pharmacodynamics and Pharmacokinetics of Biphasic Insulin Aspart 50 to Biphasic Insulin Aspart 70 in Type 2 Diabetes,Comparison of the Pharmacodynamics and Pharmacokinetics of Biphasic Insulin Aspart 50 to Biphasic Insulin Aspart 70 in Non-obese and Obese With Type 2 Diabetes Mellitus,COMPLETED,2003-09,2004-06,75,ACTUAL,ALL,30 Years,70 Years,Novo Nordisk A/S,INDUSTRY,False,OUTSIDE_RECENCY_WINDOW;DIABETES_PRIMARY_OVERLAP;NO_OBESITY_TREATMENT_INTENT,,DRUG,UNKNOWN,30.0,70.0,2003
NCT07575399,"Efficacy, Safety and Tolerability of Switching From Glucagon-like Peptide-1 Receptor Agonists (GLP-1RA) to Maridebart Cafraglutide in Adults With Obesity or Overweight (MARITIME-SWITCH)","A Phase 3, Open-label Trial to Evaluate the Efficacy, Safety and Tolerability of Switching From the Glucagon-like Peptide-1 Receptor Agonists to Maridebart Cafraglutide in Adult Participants With Obesity or Overweight",RECRUITING,2026-05-11,2028-02-28,300,ESTIMATED,ALL,18 Years,99 Years,Amgen,INDUSTRY,True,,DIABETES_IN_ELIGIBILITY_ONLY,DRUG,INJECTABLE,18.0,99.0,2026
NCT03986008,Effects of Benaglutide on Weight and Gut Microbiota in Obese Patients,Effects of Benaglutide on Weight and Gut Microbiota in Obese Patients,UNKNOWN,2019-12-01,2021-12-23,60,ESTIMATED,ALL,18 Years,65 Years,Xiangya Hospital of Central South University,OTHER,True,,DIABETES_IN_ELIGIBILITY_ONLY,DRUG,UNKNOWN,18.0,65.0,2019
NCT07481630,A Research Study Investigating How Well the Medicine NNC0487-0111 Helps People With Excess Body Weight and Knee Osteoarthritis Lose Weight and Reduce Pain,"Efficacy and Safety of NNC0487-0111 s.c. Once-weekly in Participants With Overweight or Obesity, and Knee Osteoarthritis (AMAZE 5)",RECRUITING,2026-04-13,2028-08-14,400,ESTIMATED,ALL,18 Years,,Novo Nordisk A/S,INDUSTRY,True,,DIABETES_IN_ELIGIBILITY_ONLY,DRUG,INJECTABLE,18.0,,2026
NCT03918564,ReShape Vest™ for the Treatment of Obesity (Europe),"An Investigative, Prospective, Non-randomized, Multi-center Study to Assess the Safety and Effectiveness of a Novel Gastric Restrictive Device, Call the ReShape Vest™, in People Who Are Obese.",UNKNOWN,2019-03-25,2021-12,65,ESTIMATED,ALL,22 Years,65 Years,ReShape Lifesciences,INDUSTRY,False,NO_DRUG_OR_BIOLOGICAL;NON_PHARMACOLOGICAL_PRIMARY_INTENT,DIABETES_IN_ELIGIBILITY_ONLY,DEVICE,UNKNOWN,22.0,65.0,2019
NCT06934655,Early Re-Initiation of Semaglutide Post Sleeve Gastrectomy in Youth,Early Re-Initiation of Semaglutide Post Sleeve Gastrectomy in Youth,NOT_YET_RECRUITING,2026-06-01,2033-11-01,150,ESTIMATED,ALL,12 Years,18 Years,Children's Hospital Los Angeles,OTHER,True,,INCLUDES_MINORS_AND_ADULTS;DIABETES_IN_ELIGIBILITY_ONLY,DRUG,UNKNOWN,12.0,18.0,2026
NCT06937099,Mirikizumab and Tirzepatide Administered in Adult Participants With Moderately to Severely Active Crohn's Disease and Obesity or Overweight,"A Phase 3b, Randomized, Multicenter, Controlled Study of Mirikizumab and Placebo or Mirikizumab Concomitantly Administered With Tirzepatide in Adult Participants With Moderately to Severely Active Crohn's Disease and Obesity or Overweight",RECRUITING,2025-06-26,2028-05,290,ESTIMATED,ALL,18 Years,70 Years,Eli Lilly and Company,INDUSTRY,True,,DIABETES_IN_ELIGIBILITY_ONLY,DRUG,UNKNOWN,18.0,70.0,2025
NCT01944098,Intraoperative Lidocaine Infusion for Postoperative Pain Management in Obese Patients,"Systemic Intraoperative Lidocaine Infusion for Postoperative Pain Management in Obese Patients: A Randomized, Placebo-Controlled Pilot Study",COMPLETED,2013-08,2014-09,20,ACTUAL,ALL,18 Years,,University of South Florida,OTHER,False,NO_OBESITY_TREATMENT_INTENT,,DRUG,UNKNOWN,18.0,,2013
NCT07668414,A Research Study Investigating How Well the Medicine Zenagamtide Helps People With Excess Body Weight Lose Weight Compared to Semaglutide,Efficacy and Safety of Zenagamtide s.c. Once-weekly Compared to Semaglutide s.c. Once-weekly in Participants With Obesity (AMAZE 7),NOT_YET_RECRUITING,2026-09-22,2028-10-10,650,ESTIMATED,ALL,18 Years,,Novo Nordisk A/S,INDUSTRY,True,,DIABETES_IN_ELIGIBILITY_ONLY,DRUG,INJECTABLE,18.0,,2026
NCT04657016,A Study of Tirzepatide (LY3298176) In Participants After A Lifestyle Weight Loss Program,"Efficacy and Safety of Tirzepatide Once Weekly Versus Placebo After an Intensive Lifestyle Program in Participants Without Type 2 Diabetes Who Have Obesity or Are Overweight With Weight-Related Comorbidities: A Randomized, Double Blind, Placebo-Controlled Trial (SURMOUNT-3)",COMPLETED,2021-03-29,2023-05-12,579,ACTUAL,ALL,18 Years,,Eli Lilly and Company,INDUSTRY,False,NON_PHARMACOLOGICAL_PRIMARY_INTENT,DIABETES_IN_ELIGIBILITY_ONLY,DRUG;OTHER,UNKNOWN,18.0,,2021
NCT00856609,The Effects of Exenatide (Byetta ) on Energy Expenditure and Weight Loss in Nondiabetic Obese Subjects,The Effects of Exenatide (Byetta) on Energy Expenditure and Weight Loss in Non-Diabetic Obese Subjects,COMPLETED,2009-03-03,2016-09-19,150,ACTUAL,ALL,18 Years,55 Years,National Institute of Diabetes and Digestive and Kidney Diseases (NIDDK),NIH,False,OUTSIDE_RECENCY_WINDOW,DIABETES_IN_ELIGIBILITY_ONLY,BEHAVIORAL;DRUG;OTHER,INJECTABLE,18.0,55.0,2009
NCT00799643,Targeting Inflammation Using Salsalate for Type 2 Diabetes-Stage II,Targeting Inflammation in Type 2 Diabetes: Clinical Trial Using Salsalate,COMPLETED,2008-11,,638,ACTUAL,ALL,18 Years,75 Years,Joslin Diabetes Center,OTHER,False,OUTSIDE_RECENCY_WINDOW;DIABETES_PRIMARY_OVERLAP;NO_OBESITY_TREATMENT_INTENT,,DRUG,ORAL,18.0,75.0,2008
NCT00283816,Impact of Metformin in Teens With Polycystic Ovary Syndrome (PCOS) on Oral Contraceptive Therapy,Metabolic Impact of Oral Contraceptives With or Without Metformin in Obese Adolescents With Polycystic Ovary Syndrome (PCOS),COMPLETED,2006-01,2008-01,36,ACTUAL,FEMALE,12 Years,18 Years,University of Rochester,OTHER,False,OUTSIDE_RECENCY_WINDOW;OFF_TARGET_THERAPEUTIC_INTENT;NO_OBESITY_TREATMENT_INTENT,INCLUDES_MINORS_AND_ADULTS;DIABETES_IN_ELIGIBILITY_ONLY,BEHAVIORAL;DRUG;PROCEDURE,ORAL,12.0,18.0,2006
NCT06047548,A Study of LY3298176 (Tirzepatide) For the Maintenance of Body Weight Reduction in Participants Who Have Obesity or Overweight With Weight-Related Comorbidities,"A Phase 3b, Randomized Controlled Study to Evaluate the Efficacy and Safety of Tirzepatide Once Weekly 5 mg and/or Maximum Tolerated Dose Versus Placebo for Maintenance of Body Weight Reduction in Participants Who Have Obesity or Overweight With Weight-Related Comorbidities (SURMOUNT-MAINTAIN)",COMPLETED,2023-09-20,2026-01-20,441,ACTUAL,ALL,18 Years,,Eli Lilly and Company,INDUSTRY,True,,DIABETES_IN_ELIGIBILITY_ONLY,DRUG,UNKNOWN,18.0,,2023
NCT07292441,Extension Study of the Phase 3 Clinical Study of GZR18 Injection for Weight Loss,A Multicenter Extension Study of the Phase 3 Clinical Study of GZR18 Injection for Weight Loss,RECRUITING,2026-01-22,2027-10,500,ESTIMATED,ALL,18 Years,75 Years,Gan & Lee Pharmaceuticals.,INDUSTRY,True,,DIABETES_IN_ELIGIBILITY_ONLY,DRUG;OTHER,INJECTABLE,18.0,75.0,2026
NCT03047005,Behavioral and Pharmacologic Treatment of Binge Eating and Obesity: Maintenance Therapy,Behavioral and Pharmacologic Treatment of Binge Eating and Obesity,COMPLETED,2017-08-28,2022-12-16,68,ACTUAL,ALL,18 Years,70 Years,Yale University,OTHER,False,NON_PHARMACOLOGICAL_PRIMARY_INTENT,,DRUG;OTHER,UNKNOWN,18.0,70.0,2017
NCT07150975,Phase III Clinical Study Comparing the Efficacy and Safety of GZR18 Injection and Semaglutide (Wegovy®) in Adult Obese or Overweight Subjects,"A Multicenter, Randomized, Open-Label, Parallel-Group Phase III Clinical Study Comparing the Efficacy and Safety of GZR18 Injection and Semaglutide(Wegovy®) in Adult Obese or Overweight Subjects",RECRUITING,2025-09-23,2027-06-30,420,ESTIMATED,ALL,18 Years,,Gan & Lee Pharmaceuticals.,INDUSTRY,True,,DIABETES_IN_ELIGIBILITY_ONLY,DRUG,UNKNOWN,18.0,,2025
NCT03552757,Research Study Investigating How Well Semaglutide Works in People With Type 2 Diabetes Suffering From Overweight or Obesity,Effect and Safety of Semaglutide 2.4 mg Once-weekly in Subjects With Overweight or Obesity and Type 2 Diabetes,COMPLETED,2018-06-04,2020-05-01,1210,ACTUAL,ALL,18 Years,,Novo Nordisk A/S,INDUSTRY,False,DIABETES_PRIMARY_OVERLAP,,DRUG,INJECTABLE,18.0,,2018
NCT00661245,Transoral Gastroplasty for the Treatment of Morbid Obesity,,UNKNOWN,2008-07,,275,ESTIMATED,ALL,18 Years,60 Years,"Satiety, Inc.",INDUSTRY,False,NO_DRUG_OR_BIOLOGICAL;OUTSIDE_RECENCY_WINDOW;NO_OBESITY_TREATMENT_INTENT,,DEVICE,ORAL,18.0,60.0,2008
NCT06672939,"A Study of Orforglipron (LY3502970) in Adolescent Participants With Obesity, or Overweight With Related Comorbidities","Efficacy, Safety, and Pharmacokinetics of Orforglipron Once Daily Oral Versus Placebo in Adolescent Participants Who Have Obesity, or Overweight With Weight-Related Comorbidities: A Randomized, Double-Blind Trial (ADVANCE-ATTAIN-ADOLESCENTS)",RECRUITING,2024-11-18,2031-01,150,ESTIMATED,ALL,12 Years,17 Years,Eli Lilly and Company,INDUSTRY,False,EXCLUSIVELY_PEDIATRIC,DIABETES_IN_ELIGIBILITY_ONLY,DRUG,ORAL,12.0,17.0,2024
NCT02514629,"Testosterone, Metformin, or Both, for Hypogonadism in Obese Males","Randomized, Double-blind, Parallel, Placebo-controlled, Clinical Trial to Assess the Efficacy of Testosterone, Metformin, or Both, for the Treatment of Obesity-induced Male Hypogonadism",COMPLETED,2013-07-04,2016-07-12,107,ACTUAL,MALE,18 Years,50 Years,Fundación Pública Andaluza para la Investigación de Málaga en Biomedicina y Salud,OTHER,True,,DIABETES_IN_ELIGIBILITY_ONLY,DRUG,UNKNOWN,18.0,50.0,2013
NCT06423729,Effect of Nicorandil in Type 2 Diabetic Obese Patients,Clinical Study Evaluating the Effect of Nicorandil in Type 2 Diabetic Obese Patients Treated With Sulfonylurea,UNKNOWN,2024-06-01,2025-01,46,ESTIMATED,ALL,18 Years,60 Years,Tanta University,OTHER,False,NO_OBESITY_TREATMENT_INTENT,DIABETES_IN_ELIGIBILITY_ONLY,DRUG,ORAL,18.0,60.0,2024
NCT00414167,"Craving, Binge Eating and Obesity",Placebo-Controlled Trial of Bupropion for the Treatment of Binge Eating Disorder,COMPLETED,2005-12,2011-03,61,ACTUAL,FEMALE,18 Years,65 Years,Yale University,OTHER,False,OUTSIDE_RECENCY_WINDOW,DIABETES_IN_ELIGIBILITY_ONLY,DRUG;OTHER,UNKNOWN,18.0,65.0,2005
NCT06839664,A Study of HS-20094 in Chinese Adults With Overweight or Obesity,"A Randomized, Double-blind, Placebo-controlled Phase Ⅲ Clinical Study to Evaluate the Efficacy and Safety of HS-20094 in Overweight and Obese Subjects",COMPLETED,2024-11-16,2026-01-30,604,ACTUAL,ALL,18 Years,65 Years,"Jiangsu Hansoh Pharmaceutical Co., Ltd.",INDUSTRY,True,,DIABETES_IN_ELIGIBILITY_ONLY,DRUG,INJECTABLE,18.0,65.0,2024
NCT06077864,A Study to Test the Effect of Survodutide (BI 456906) on Cardiovascular Safety in People With Overweight or Obesity (SYNCHRONIZE™ - CVOT),"A Phase 3, Randomised, Double-blind, Parallel-group, Event-driven, Cardiovascular Safety Study With BI 456906 Administered Subcutaneously Compared With Placebo in Participants With Overweight or Obesity With Established Cardiovascular Disease (CVD) or Chronic Kidney Disease, and/or at Least Two Weight-related Complications or Risk Factors for CVD",COMPLETED,2023-11-20,2026-06-30,5531,ACTUAL,ALL,18 Years,,Boehringer Ingelheim,INDUSTRY,False,NO_DRUG_OR_BIOLOGICAL,DIABETES_IN_ELIGIBILITY_ONLY,COMBINATION_PRODUCT,INJECTABLE,18.0,,2023
NCT00942097,Homeopathic Medication and Nutritional Oriented Diet to Treat Overweight Pregnant Women With Mental Disorder,Homeopathic Treatment in Pregnant Women With Overweight and Mental Disorder: a Double Blinded Controlled Clinical Trial,COMPLETED,2009-08,2012-12,134,ACTUAL,FEMALE,18 Years,35 Years,Edgard Costa de Vilhena,OTHER,False,OUTSIDE_RECENCY_WINDOW;NO_OBESITY_TREATMENT_INTENT;NON_PHARMACOLOGICAL_PRIMARY_INTENT,DIABETES_IN_ELIGIBILITY_ONLY,DRUG,UNKNOWN,18.0,35.0,2009
NCT07153471,A Study of Orforglipron (LY3502970) in Participants With Obesity or Overweight and Osteoarthritis (OA) of the Knee,"A Phase 3 Study to Investigate the Efficacy and Safety of Orforglipron Once Daily in Participants Who Have Obesity or Overweight and Osteoarthritis of the Knee: A Multicenter, Randomized, Double-Blind, Parallel-Arm, Placebo-Controlled Trial",RECRUITING,2025-09-15,2028-05,800,ESTIMATED,ALL,18 Years,,Eli Lilly and Company,INDUSTRY,True,,DIABETES_IN_ELIGIBILITY_ONLY,DRUG,ORAL,18.0,,2025
NCT01858948,SGA-induced Metabolic Syndrome in Bipolar Youth,Risk and Protective Factors for SGA-induced Metabolic Syndrome in Bipolar Youth,COMPLETED,2013-07,2018-04,19,ACTUAL,ALL,10 Years,17 Years,University of Cincinnati,OTHER,False,EXCLUSIVELY_PEDIATRIC;NO_OBESITY_TREATMENT_INTENT,,DRUG,UNKNOWN,10.0,17.0,2013
NCT03671733,Effects of GLP-1 RAs on Weight and Metabolic Indicators in Obese Patients,Effects of GLP-1 RAs on Weight and Metabolic Indicators in Obese Patients,UNKNOWN,2018-09-01,2022-09-01,150,ESTIMATED,ALL,18 Years,65 Years,Xiangya Hospital of Central South University,OTHER,True,,DIABETES_IN_ELIGIBILITY_ONLY,DRUG,INJECTABLE,18.0,65.0,2018
NCT07202884,A Study of Orforglipron in Female Participants With Stress Urinary Incontinence Who Have Obesity or Overweight,A Master Protocol to Investigate the Efficacy and Safety of Orforglipron Tablet Once Daily Compared With Placebo in Female Participants With Stress Urinary Incontinence Who Have Obesity or Overweight,RECRUITING,2025-09-30,2028-03,1000,ESTIMATED,FEMALE,18 Years,,Eli Lilly and Company,INDUSTRY,True,,DIABETES_IN_ELIGIBILITY_ONLY,DRUG,ORAL,18.0,,2025
NCT01233349,Safety and Efficacy of Litramine in Overweight and Obese Subjects,"Double-blind, Randomized, Placebo-controlled, Bicentric Clinical Investigation to Evaluate Safety and Efficacy of LitramineTM in Reducing Body Weight in Overweight and Obese Subjects",COMPLETED,2010-07,2011-01,125,ACTUAL,ALL,18 Years,60 Years,InQpharm Group,INDUSTRY,False,NO_DRUG_OR_BIOLOGICAL,DIABETES_IN_ELIGIBILITY_ONLY,DEVICE,ORAL,18.0,60.0,2010
NCT01768481,Intima Media Thickness Regression in Dyslipidemic Teenagers,Intervention précoce Sur Les Indices d'athérogénèse Des Adolescents à Risque,COMPLETED,2004-01,2010-06,16,ACTUAL,ALL,14 Years,18 Years,Université de Montréal,OTHER,False,OUTSIDE_RECENCY_WINDOW;NO_OBESITY_TREATMENT_INTENT,INCLUDES_MINORS_AND_ADULTS;DIABETES_IN_ELIGIBILITY_ONLY,DRUG,ORAL,14.0,18.0,2004
NCT04184622,A Study of Tirzepatide (LY3298176) in Participants With Obesity or Overweight,"Efficacy and Safety of Tirzepatide Once Weekly in Participants Without Type 2 Diabetes Who Have Obesity or Are Overweight With Weight- Related Comorbidities: A Randomized, Double-Blind, Placebo-Controlled Trial (SURMOUNT-1)",COMPLETED,2019-12-04,2024-07-06,2539,ACTUAL,ALL,18 Years,,Eli Lilly and Company,INDUSTRY,True,,DIABETES_IN_ELIGIBILITY_ONLY,DRUG,UNKNOWN,18.0,,2019
NCT06828861,ARD-101 for Treatment of PWS: The Hunger Elimination or Reduction Objective Trial,"A Phase 3, Randomized, Double-blind, Placebo-controlled Study of ARD-101 for the Treatment of Hyperphagia in Patients With Prader-Willi Syndrome",TERMINATED,2024-12-20,2026-05-07,68,ACTUAL,ALL,7 Years,,"Aardvark Therapeutics, Inc.",INDUSTRY,False,NO_OBESITY_TREATMENT_INTENT,INCLUDES_MINORS_AND_ADULTS;DIABETES_IN_ELIGIBILITY_ONLY,DRUG,UNKNOWN,7.0,,2024
NCT01570829,Clinical Trial of Safety and Efficacy of New Dosage Schedule for Dietressa Drug in Treatment of Obese Patients,Multicentric Double-blind Placebo-controlled Randomized Parallel-group Clinical Trial of Safety and Efficacy of New Dosage Schedule for Dietressa Drug in Treatment of Obese Patients,COMPLETED,2011-12,2013-06,331,ACTUAL,ALL,18 Years,65 Years,Materia Medica Holding,INDUSTRY,False,NO_OBESITY_TREATMENT_INTENT;NON_PHARMACOLOGICAL_PRIMARY_INTENT,DIABETES_IN_ELIGIBILITY_ONLY,DRUG,ORAL,18.0,65.0,2011
NCT00933647,Cardioprotective Effects of Green Tea Versus Maté Intake,Effects of Yerba Mate and Green Tea Consumption on Cardiovascular Risk Factors in Dyslipidemic and Overweight Subjects,UNKNOWN,2007-11,2009-12,195,ESTIMATED,ALL,35 Years,60 Years,Instituto de Cardiologia do Rio Grande do Sul,OTHER,False,NO_DRUG_OR_BIOLOGICAL;OUTSIDE_RECENCY_WINDOW;NO_OBESITY_TREATMENT_INTENT,,DIETARY_SUPPLEMENT,UNKNOWN,35.0,60.0,2007
NCT05157698,Pharmacological and Behavioral Treatment After Bariatric Surgery,Behavioral and Pharmacological Treatments to Enhance Weight Outcomes After Metabolic and Bariatric Surgery,ACTIVE_NOT_RECRUITING,2022-01-13,2028-01-12,84,ACTUAL,ALL,18 Years,70 Years,Yale University,OTHER,False,OFF_TARGET_THERAPEUTIC_INTENT;NON_PHARMACOLOGICAL_PRIMARY_INTENT,DIABETES_IN_ELIGIBILITY_ONLY,BEHAVIORAL;DRUG;OTHER,ORAL,18.0,70.0,2022
NCT00000515,Randomized Trial of Dietary Intervention Therapy in Obese Hypertensives (DITOH),,COMPLETED,1984-07,1992-09,,,ALL,25 Years,55 Years,"National Heart, Lung, and Blood Institute (NHLBI)",NIH,False,NO_DRUG_OR_BIOLOGICAL;OUTSIDE_RECENCY_WINDOW;NO_OBESITY_TREATMENT_INTENT;NON_PHARMACOLOGICAL_PRIMARY_INTENT,MISSING_LOCATIONS,BEHAVIORAL,UNKNOWN,25.0,55.0,1984
NCT02235519,"Pleiotropic Effects of Azilsartan Medoxomil Over Insulin Resistance in Obese, Diabetic and Hypertensive Patients","A Randomized, Open Label Study to Evaluate the Pleiotropic Effects of Azilsartan Medoxomil 40 and 80 mg for 12 Weeks Over Metabolic Markers in Patients With Hypertension, Obesity or Type 2 Diabetes Mellitus",UNKNOWN,2014-01,2015-06,300,ESTIMATED,ALL,25 Years,65 Years,Hospital General de México Dr. Eduardo Liceaga,OTHER_GOV,False,DIABETES_PRIMARY_OVERLAP;NO_OBESITY_TREATMENT_INTENT,,DRUG,UNKNOWN,25.0,65.0,2014
NCT06858839,Evaluation of Maridebart Cafraglutide in Adult Participants Without Type 2 Diabetes Mellitus Who Have Obesity or Are Overweight,"A Phase 3 Randomized, Double-blind, Placebo-controlled Study to Evaluate the Efficacy, Safety, and Tolerability of Maridebart Cafraglutide in Adult Participants Without Type 2 Diabetes Mellitus Who Have Obesity or Are Overweight",ACTIVE_NOT_RECRUITING,2025-03-12,2027-04-16,3853,ACTUAL,ALL,18 Years,99 Years,Amgen,INDUSTRY,True,,DIABETES_IN_ELIGIBILITY_ONLY,DRUG,UNKNOWN,18.0,99.0,2025
NCT02129608,Low Level Laser Treatment (LLLT) and Lorcaserin for Weight Management,A Feasibility Pilot Comparing a Non-invasive Low Level Laser Therapy (LLLT) With Lorcaserin to Reduce Central Adiposity in Overweight Individuals.,COMPLETED,2014-06,2015-12,44,ACTUAL,ALL,18 Years,70 Years,Mayo Clinic,OTHER,True,,DIABETES_IN_ELIGIBILITY_ONLY,DEVICE;DRUG,ORAL,18.0,70.0,2014
NCT03548935,STEP 1: Research Study Investigating How Well Semaglutide Works in People Suffering From Overweight or Obesity,Effect and Safety of Semaglutide 2.4 mg Once-weekly in Subjects With Overweight or Obesity,COMPLETED,2018-06-04,2021-03-05,1961,ACTUAL,ALL,18 Years,,Novo Nordisk A/S,INDUSTRY,True,,,DRUG,INJECTABLE,18.0,,2018
NCT02742688,Effect of Intake of Pyrus Pyrifolia Var. Culta(Makino) NaKai Peel Extract on Body Fat and Blood Lipid.,,UNKNOWN,2016-03,2016-06,70,ACTUAL,ALL,19 Years,65 Years,Hanyang University,OTHER,False,NO_DRUG_OR_BIOLOGICAL;NO_OBESITY_TREATMENT_INTENT,,DIETARY_SUPPLEMENT,UNKNOWN,19.0,65.0,2016
NCT07400653,A Study to Learn About the Study Medicine (PF-08653944) in People With Obesity or Overweight and Type 2 Diabetes (T2D),"EVALUATING THE EFFICACY AND SAFETY OF MET097, A FULLY-BIASED ULTRA LONG-ACTING GLP-1RA, IN PEOPLE WITH OVERWEIGHT OR OBESITY AND TYPE 2 DIABETES: A PHASE 3, MULTI-CENTER RANDOMIZED PLACEBO-CONTROLLED TRIAL (VESPER-5)",ACTIVE_NOT_RECRUITING,2026-02-24,2028-05-16,1044,ACTUAL,ALL,18 Years,,Pfizer,INDUSTRY,False,DIABETES_PRIMARY_OVERLAP,,DRUG;OTHER,INJECTABLE,18.0,,2026
NCT00175305,Prader-Willi Syndrome and Appetite,"Effect of Somatostatin on Ghrelin Concentrations, Food Seeking Behaviour and Weight in Patients With Prader-Willi Syndrome",TERMINATED,2004-08,2007-10,10,ESTIMATED,ALL,10 Years,17 Years,University of British Columbia,OTHER,False,EXCLUSIVELY_PEDIATRIC;OUTSIDE_RECENCY_WINDOW;NO_OBESITY_TREATMENT_INTENT,,DRUG,UNKNOWN,10.0,17.0,2004
NCT06164873,A Study of IBI362 9 mg in Chinese Adults With Obesity,"A Randomized, Double-blind, Placebo-controlled Phase 3 Study Evaluating the Efficacy and Safety of IBI362 9 mg in Chinese Participants With Obesity (GLORY-2)",ACTIVE_NOT_RECRUITING,2023-12-27,2025-09-19,462,ACTUAL,ALL,18 Years,,Innovent Biologics (Suzhou) Co. Ltd.,INDUSTRY,True,,,DRUG,INJECTABLE,18.0,,2023
NCT05298085,Effect of Intranasal Oxytocin on Dysphagia in Children and Adolescents With Prader-Willi Syndrome,Effect of Intranasal Oxytocin on Dysphagia Related to Oropharyngo-oesophageal Dysmotility in Children and Adolescents With Prader-Willi Syndrome: a Phase 2B Study,COMPLETED,2022-04-05,2023-04-11,25,ACTUAL,ALL,2 Years,17 Years,"University Hospital, Toulouse",OTHER,False,EXCLUSIVELY_PEDIATRIC;NO_OBESITY_TREATMENT_INTENT,,DRUG,UNKNOWN,2.0,17.0,2022
NCT07392190,A Study of Eloralintide (LY3841136) in Participants With Persistent Obesity Who Are Treated With a Weekly Incretin,"A Phase 3 Randomized, Double-Blind, Placebo-Controlled Study to Investigate the Efficacy and Safety of Once Weekly Eloralintide in Adult Participants With Persistent Obesity or Overweight Treated With a Weekly Incretin, With and Without Type 2 Diabetes",RECRUITING,2026-02-10,2028-07,900,ESTIMATED,ALL,18 Years,,Eli Lilly and Company,INDUSTRY,False,NO_OBESITY_TREATMENT_INTENT,DIABETES_IN_ELIGIBILITY_ONLY,DRUG,ORAL,18.0,,2026
NCT03905018,Effect of Tadalafil Administration on Vasodilatation Mediated by Flow in Patients With Obesity Grade I-II,Acute and Subacute Effect of Tadalafil Administration on Vasodilatation Mediated by Flow in Patients With Obesity Grade I-ii and Erectil Dysfunction,UNKNOWN,2019-05-01,2019-09-01,80,ESTIMATED,MALE,25 Years,60 Years,"Centro Universitario de Ciencias de la Salud, Mexico",OTHER,False,OFF_TARGET_THERAPEUTIC_INTENT;NO_OBESITY_TREATMENT_INTENT,,DRUG,ORAL,25.0,60.0,2019
NCT05701774,Open-Label Extension Study of DCCR in Patients With Prader-Willi Syndrome,An Open-Label Study of DCCR (Diazoxide Choline) Extended-Release Tablets in Patients With Prader-Willi Syndrome,ACTIVE_NOT_RECRUITING,2023-01-31,2028-06,83,ESTIMATED,ALL,4 Years,,"Soleno Therapeutics, Inc.",INDUSTRY,False,NO_OBESITY_TREATMENT_INTENT,INCLUDES_MINORS_AND_ADULTS,DRUG,ORAL,4.0,,2023
NCT02122874,Percutaneous Electric Neurostimulation of Dermatome T7 Improves Glycemic Profile in Obese and Typo 2 Diabetic Patients,,COMPLETED,2013-01,2014-04,60,ACTUAL,ALL,18 Years,,Hospital General Universitario Elche,OTHER,False,NO_DRUG_OR_BIOLOGICAL;NO_OBESITY_TREATMENT_INTENT,DIABETES_IN_ELIGIBILITY_ONLY,DEVICE;OTHER,UNKNOWN,18.0,,2013
NCT03229057,Comparing the Effects of Oral Contraceptive Pills Versus Metformin,Comparing the Effects of Oral Contraceptive Pills Versus Metformin in the Medical Management of Overweight/Obese Women With Polycystic Ovary Syndrome,COMPLETED,2018-01-15,2024-07-15,240,ACTUAL,FEMALE,18 Years,40 Years,Anuja Dokras,OTHER,False,OFF_TARGET_THERAPEUTIC_INTENT;NO_OBESITY_TREATMENT_INTENT,DIABETES_IN_ELIGIBILITY_ONLY,DRUG,UNKNOWN,18.0,40.0,2018
NCT06704581,A Study of BGM0504 Injection in Participants with Obesity or Overweight,"A Multicenter, Randomized, Double-blind, Placebo-parallel Controlled Phase III Clinical Study to Evaluate the Efficacy and Safety of BGM0504 Injection in Chinese Non-diabetes Participants with Overweight or Obese",RECRUITING,2024-10-28,2026-03-27,620,ESTIMATED,ALL,18 Years,65 Years,BrightGene New Bio-Medical Technology(Wuxi) Co.Ltd.,INDUSTRY,True,,DIABETES_IN_ELIGIBILITY_ONLY,DRUG,INJECTABLE,18.0,65.0,2024
NCT07533175,AMAZE 2: A Research Study Investigating How Well the Medicine NNC0487-0111 Helps People With Excess Body Weight and Type 2 Diabetes Lose Weight,"Efficacy and Safety of NNC0487-0111 s.c. Once-weekly in Participants With Overweight or Obesity, and Type 2 Diabetes (AMAZE 2)",RECRUITING,2026-04-13,2028-08-07,630,ESTIMATED,ALL,18 Years,,Novo Nordisk A/S,INDUSTRY,False,DIABETES_PRIMARY_OVERLAP,,DRUG,INJECTABLE,18.0,,2026
NCT05774756,A Trial of Setmelanotide in Acquired Hypothalamic Obesity,"A Phase 3, Double Blind, Randomized, Placebo-Controlled Trial to Evaluate the Efficacy and Safety of Setmelanotide in Patients With Acquired Hypothalamic Obesity",ACTIVE_NOT_RECRUITING,2023-04-26,2027-04-16,143,ACTUAL,ALL,4 Years,,"Rhythm Pharmaceuticals, Inc.",INDUSTRY,True,,INCLUDES_MINORS_AND_ADULTS,DRUG,INJECTABLE,4.0,,2023
NCT00307619,An Efficacy and Tolerability Study for Topiramate in Obese Patients With Binge Eating Disorder.,"Randomized, Double-blind Placebo Controlled Trial With Topiramate for the Treatment of Obese Patients With Binge Eating Disorder",COMPLETED,2003-11,2005-04,73,ACTUAL,ALL,18 Years,60 Years,Janssen-Cilag Farmaceutica Ltda.,INDUSTRY,False,OUTSIDE_RECENCY_WINDOW,MISSING_LOCATIONS,DRUG,UNKNOWN,18.0,60.0,2003
NCT07274137,A Phase III Study to Evaluate the Efficacy and Safety of MDR-001 in Adult Participants With Overweight or Obesity (MOBILE）,"A Multicenter, Randomized, Double-Blind, Placebo-Controlled, Phase III Clinical Study to Evaluate the Efficacy and Safety of MDR-001 Administered Orally Over 52 Weeks in Participants With Overweight or Obesity (MOBILE)",NOT_YET_RECRUITING,2026-02,2027-07,738,ESTIMATED,ALL,18 Years,65 Years,MindRank AI Ltd,INDUSTRY,True,,DIABETES_IN_ELIGIBILITY_ONLY,DRUG,ORAL,18.0,65.0,2026
NCT02043054,Effects of Liraglutide in Young Adults With Type 2 DIAbetes (LYDIA),"Impact of Liraglutide on Cardiac Function and Structure in Young Adults With Type 2 Diabetes: an Open-label, Randomised Active-comparator Trial",COMPLETED,2013-12-16,2017-09-29,90,ACTUAL,ALL,18 Years,60 Years,University of Leicester,OTHER,False,DIABETES_PRIMARY_OVERLAP,,DRUG,ORAL,18.0,60.0,2013
NCT06649045,A Master Protocol for Orforglipron in Participants With Obstructive Sleep Apnea and Obesity or Overweight,"A Master Protocol to Investigate the Efficacy and Safety of Orforglipron Once Daily in Participants Who Have Obstructive Sleep Apnea and Obesity or Overweight: A Randomized, Double-Blind, Placebo-Controlled Trial",ACTIVE_NOT_RECRUITING,2024-10-22,2027-01,600,ESTIMATED,ALL,18 Years,,Eli Lilly and Company,INDUSTRY,True,,DIABETES_IN_ELIGIBILITY_ONLY,DRUG,ORAL,18.0,,2024
NCT02081898,Effects of Long Term Calorie Restriction on Sphingomyelin and Amino Acids,Three-year Mild Calorie Restriction Partially Protects Against Age-related Increase in Sphingomyelin and Reduces Obesity-associated Amino Acids,COMPLETED,2010-06,2010-08,120,ACTUAL,ALL,40 Years,59 Years,Yonsei University,OTHER,False,NO_DRUG_OR_BIOLOGICAL;NO_OBESITY_TREATMENT_INTENT,DIABETES_IN_ELIGIBILITY_ONLY,DIETARY_SUPPLEMENT,UNKNOWN,40.0,59.0,2010
NCT03548987,Research Study Investigating How Well Semaglutide Works in People Suffering From Overweight or Obesity,Effect and Safety of Semaglutide 2.4 mg Once-weekly in Subjects With Overweight or Obesity Who Have Reached Target Dose During run-in Period,COMPLETED,2018-06-04,2020-03-20,902,ACTUAL,ALL,18 Years,,Novo Nordisk A/S,INDUSTRY,True,,,DRUG,INJECTABLE,18.0,,2018
NCT07230119,A Study of Zovaglutide in Subjects With Overweight or Obesity (HORIZON-1),"A Multicenter, Randomized, Double-Blind, Placebo-Controlled, Parallel-Group Phase 3 Study to Evaluate the Efficacy and Safety of Zovaglutide in Adults With Overweight or Obesity.",NOT_YET_RECRUITING,2026-03-08,2027-06-26,744,ESTIMATED,ALL,18 Years,75 Years,"Beijing QL Biopharmaceutical Co.,Ltd",INDUSTRY,True,,DIABETES_IN_ELIGIBILITY_ONLY,DRUG,INJECTABLE,18.0,75.0,2026
NCT05556512,A Study of Tirzepatide (LY3298176) on the Reduction on Morbidity and Mortality in Adults With Obesity,"A Phase 3, Randomized, Double-blind, Placebo-Controlled Study to Investigate the Effect of Tirzepatide on the Reduction of Morbidity and Mortality in Adults With Obesity",ACTIVE_NOT_RECRUITING,2022-10-11,2027-10,15374,ACTUAL,ALL,40 Years,,Eli Lilly and Company,INDUSTRY,True,,DIABETES_IN_ELIGIBILITY_ONLY,DRUG,UNKNOWN,40.0,,2022
NCT02214108,Effect of Physical Activity Through Interactive Video Games in Overweight Children,"Effect of Physical Activity Trough Interactive Video Games in Overweight, Randomized, Controlled Study.",COMPLETED,2012-11,2015-12,60,ACTUAL,ALL,5 Years,10 Years,Centro Pediatrico Albina de Patino,OTHER,False,NO_DRUG_OR_BIOLOGICAL;EXCLUSIVELY_PEDIATRIC;NO_OBESITY_TREATMENT_INTENT,,OTHER,UNKNOWN,5.0,10.0,2012
NCT00434525,Laparoscopic Sleeve Gastrectomy With and Without Omentectomy,Metabolic Effects of Laparoscopic Sleeve Gastrectomy With or Without Omentectomy: Prospective Randomized Trial,COMPLETED,2008-01,2009-12,30,ESTIMATED,ALL,18 Years,65 Years,North Texas Veterans Healthcare System,FED,False,NO_DRUG_OR_BIOLOGICAL;OUTSIDE_RECENCY_WINDOW;NO_OBESITY_TREATMENT_INTENT,,PROCEDURE,UNKNOWN,18.0,65.0,2008
NCT05316935,GnRHa + Letrozole in Non-obese Progestin-insensitive Endometrial Cancer and Atypical Hyperplasia Patients,Gonadotropin-releasing Hormone Agonist (GnRHa) Plus Letrozole in Non-obese Progestin-insensitive Early-stage Endometrial Cancer and Atypical Hyperplasia Patients With Conservative Treatment,RECRUITING,2022-07-13,2027-03-30,80,ESTIMATED,FEMALE,18 Years,45 Years,Xiaojun Chen,OTHER,False,NO_OBESITY_TREATMENT_INTENT,,DRUG,MIXED_OR_AMBIGUOUS,18.0,45.0,2022
NCT02048215,Effect on Energy Metabolism at Cellular Level of Diet Plus Treatment With Ephedrine and Caffeine in Obesity,"Evaluation of Diet and Treatment With a Combination of Ephedrine and Caffeine on Thermogenesis, Cardiac Function and on Uncoupling Proteins Expression in Adipose and Muscle Tissue of Morbid Obese Patients Undergoing Bariatric Surgery.",COMPLETED,2000-02,2007-11,13,ACTUAL,FEMALE,18 Years,55 Years,Istituto Auxologico Italiano,OTHER,False,OUTSIDE_RECENCY_WINDOW;OFF_TARGET_THERAPEUTIC_INTENT;NO_OBESITY_TREATMENT_INTENT;NON_PHARMACOLOGICAL_PRIMARY_INTENT,,DRUG;OTHER,UNKNOWN,18.0,55.0,2000
NCT04599504,Pharmacological and Behavioral Treatment After Bariatric Surgery: Medication Change for Non-Responders (Stage 2b),Pharmacological and Behavioral Treatments to Treat Loss-of-Control Eating and Improve Weight Outcomes After Bariatric Surgery: Medication Change for Non-Responders (Stage 2b),ACTIVE_NOT_RECRUITING,2022-01-02,2027-05,60,ESTIMATED,ALL,18 Years,64 Years,Yale University,OTHER,False,OFF_TARGET_THERAPEUTIC_INTENT;NO_OBESITY_TREATMENT_INTENT;NON_PHARMACOLOGICAL_PRIMARY_INTENT,DIABETES_IN_ELIGIBILITY_ONLY,DRUG;OTHER,ORAL,18.0,64.0,2022
NCT02804373,Effects of Intranasal Administration of Oxytocin in Adults With Prader-Willi Syndrome,Effects of Intranasal Administration of Oxytocin in Adults With Prader-Willi Syndrome,COMPLETED,2014-06,2019-06-18,50,ACTUAL,ALL,18 Years,50 Years,"University Hospital, Toulouse",OTHER,False,NO_OBESITY_TREATMENT_INTENT,,DRUG,UNKNOWN,18.0,50.0,2014
NCT00398060,GOAL Life-Style Change Intervention to Prevent Type 2 Diabetes,GOAL Life-Style Change Implementation Intervention to Prevent Type 2 Diabetes in Primary Health Care,COMPLETED,2003-01,2007-03,389,ACTUAL,ALL,50 Years,65 Years,Finnish Institute for Health and Welfare,OTHER_GOV,False,NO_DRUG_OR_BIOLOGICAL;OUTSIDE_RECENCY_WINDOW;DIABETES_PRIMARY_OVERLAP;NO_OBESITY_TREATMENT_INTENT,,BEHAVIORAL,ORAL,50.0,65.0,2003
NCT06859268,A Study of Retatrutide (LY3437943) in the Maintenance of Weight Reduction in Individuals With Obesity,"A Phase 3b, Randomized, Double-Blind, Placebo-Controlled Study to Evaluate Retatrutide Treatment in the Maintenance of Weight Reduction in Individuals With Obesity",ACTIVE_NOT_RECRUITING,2025-03-05,2028-04,643,ESTIMATED,ALL,18 Years,,Eli Lilly and Company,INDUSTRY,True,,DIABETES_IN_ELIGIBILITY_ONLY,DRUG,UNKNOWN,18.0,,2025
NCT04651361,Naldebain for Pain Control After Bariatric Surgery,Efficacy of Preoperative Injection of Naldebain® in Management of Acute and Chronic Pain After Laparoscopic Bariatric Surgery,UNKNOWN,2021-06-24,2022-06-30,60,ESTIMATED,ALL,20 Years,65 Years,E-DA Hospital,OTHER,False,OFF_TARGET_THERAPEUTIC_INTENT;NO_OBESITY_TREATMENT_INTENT;NON_PHARMACOLOGICAL_PRIMARY_INTENT,,DRUG,INJECTABLE,20.0,65.0,2021
NCT03115424,Effect of GLP-1 Receptor Agonism After Sleeve Gastrectomy,Effect of GLP-1 Receptor Agonism on Weight and Caloric Intake in Subjects After Sleeve Gastrectomy,COMPLETED,2017-06-22,2024-05-30,46,ACTUAL,ALL,20 Years,65 Years,Mayo Clinic,OTHER,False,NO_OBESITY_TREATMENT_INTENT,DIABETES_IN_ELIGIBILITY_ONLY,DRUG;PROCEDURE,UNKNOWN,20.0,65.0,2017
NCT00420589,A Weight Maintenance Study in Obese Patients (0364-012)(TERMINATED),A Study to Assess the Efficacy and Tolerability of Taranabant in Maintaining Weight Loss Induced by Diet in Obese Patients Followed by a 1-Year Extension,TERMINATED,2006-10,2008-11,1000,ACTUAL,ALL,18 Years,65 Years,Merck Sharp & Dohme LLC,INDUSTRY,False,OUTSIDE_RECENCY_WINDOW;NON_PHARMACOLOGICAL_PRIMARY_INTENT,MISSING_LOCATIONS;DIABETES_IN_ELIGIBILITY_ONLY,DRUG,ORAL,18.0,65.0,2006
NCT01027143,Obesity and Asthma: Nutrigenetic Response to Omega-3 Fatty Acids,Obesity & Asthma: Nutrigenetic Response to Omega-3 Fatty Acids,COMPLETED,2010-07,2016-10-22,143,ACTUAL,ALL,12 Years,25 Years,Nemours Children's Clinic,OTHER,False,NO_OBESITY_TREATMENT_INTENT,INCLUDES_MINORS_AND_ADULTS,DIETARY_SUPPLEMENT;DRUG,UNKNOWN,12.0,25.0,2010
NCT05073835,Semaglutide 2.4 mg in Patients With Poor Weight-loss,"BARI-STEP:A Double-blinded, Randomised, Placebo-controlled Trial of Semaglutide 2.4 mg in Patients With Poor Weight-loss Following Bariatric Surgery.",ACTIVE_NOT_RECRUITING,2022-11-01,2025-09,70,ACTUAL,ALL,18 Years,65 Years,"University College, London",OTHER,False,OFF_TARGET_THERAPEUTIC_INTENT;NON_PHARMACOLOGICAL_PRIMARY_INTENT,DIABETES_IN_ELIGIBILITY_ONLY,DRUG,INJECTABLE,18.0,65.0,2022
NCT05930184,Laparoscopic Guided Peri-wound Transversus Abdominis Plane Block With Bupivacaine Versus Local Wound Infiltration on Post-op Opioid Use in Laparoscopic Sleeve Gastrectomy,"Comparison of Laparoscopic Guided Peri-wound Transversus Abdominis Plane Block With Bupivacaine Versus Local Wound Infiltration on Post-op Opioid Use in Laparoscopic Sleeve Gastrectomy, A Prospective Randomized Controlled Study",UNKNOWN,2023-04-29,2024-12,98,ESTIMATED,ALL,18 Years,60 Years,Khon Kaen University,OTHER,False,NO_DRUG_OR_BIOLOGICAL;NO_OBESITY_TREATMENT_INTENT,,PROCEDURE,INJECTABLE,18.0,60.0,2023
NCT00408148,High Density Lipoprotein Turnover,"A Randomized, Double-blind, Two Arm, Parallel, Placebo Controlled Study of Rimonabant 20 mg Effect on High Density Lipoprotein Kinetics in Patients With Abdominal Obesity and Additional Cardiometabolic Risk Factors",TERMINATED,2006-10,2008-12,64,ACTUAL,ALL,35 Years,65 Years,Sanofi,INDUSTRY,False,OUTSIDE_RECENCY_WINDOW;NO_OBESITY_TREATMENT_INTENT,DIABETES_IN_ELIGIBILITY_ONLY,DRUG,ORAL,35.0,65.0,2006
NCT06162715,GLP-1 Receptor Agonists Post-Bariatric Surgery (GRABS) Pilot Trial,GLP-1 Receptor Agonists Post-Bariatric Surgery (GRABS) Pilot Trial,ENROLLING_BY_INVITATION,2024-10-30,2027-12-01,30,ESTIMATED,ALL,25 Years,65 Years,Vanderbilt University Medical Center,OTHER,False,OFF_TARGET_THERAPEUTIC_INTENT;NON_PHARMACOLOGICAL_PRIMARY_INTENT,DIABETES_IN_ELIGIBILITY_ONLY,DRUG;OTHER,UNKNOWN,25.0,65.0,2024
NCT02036138,The Efficacy of Bariatric Surgery Compared to Medical Therapy in Controlling Type2 Diabetes Mellitus in Patients With Non Morbid Obesity.,,UNKNOWN,2015-01,2019-07,76,ACTUAL,ALL,18 Years,70 Years,Hadassah Medical Organization,OTHER,False,DIABETES_PRIMARY_OVERLAP;OFF_TARGET_THERAPEUTIC_INTENT;NO_OBESITY_TREATMENT_INTENT;NON_PHARMACOLOGICAL_PRIMARY_INTENT,,DRUG;PROCEDURE,UNKNOWN,18.0,70.0,2015
NCT00146133,Weight Loss and Exercise in Physically Limited Obese Elderly Subjects,"Effect of Weight Loss and Physical Training on Musculoskeletal Status, Physical Function, and Quality-of-Life in Physically Limited, Obese, Elderly Subjects",COMPLETED,2003-01,2004-12,28,,ALL,65 Years,85 Years,Washington University School of Medicine,OTHER,False,NO_DRUG_OR_BIOLOGICAL;OUTSIDE_RECENCY_WINDOW;NON_PHARMACOLOGICAL_PRIMARY_INTENT,,BEHAVIORAL,UNKNOWN,65.0,85.0,2003
NCT00030238,Supplemental Calcium in Overweight People,Supplemental Calcium in Overweight Out-Patients,COMPLETED,2002-02-06,2007-12-14,540,ACTUAL,ALL,18 Years,,Eunice Kennedy Shriver National Institute of Child Health and Human Development (NICHD),NIH,False,OUTSIDE_RECENCY_WINDOW;NO_OBESITY_TREATMENT_INTENT,,DRUG,ORAL,18.0,,2002
NCT00405808,Rimonabant in Abdominally Obese Patients With Impaired Fasting Blood Glucose,"A Pan-European Randomized, Parallel Group, Two-arm Placebo-controlled, Double-blind Multicenter Study of Rimonabant 20mg Once Daily in the Treatment of Abdominally Obese Patients With Impaired Fasting Blood Glucose With or Without Other Comorbidities",TERMINATED,2006-12,2009-02,2666,ACTUAL,ALL,18 Years,75 Years,Sanofi,INDUSTRY,False,OUTSIDE_RECENCY_WINDOW;NO_OBESITY_TREATMENT_INTENT,DIABETES_IN_ELIGIBILITY_ONLY,DRUG,UNKNOWN,18.0,75.0,2006
NCT06616961,Efficacy and Safety of Semaglutide for Weight Loss in Overweight or Obese Adults in Bangladesh With or Without Type 2 Diabetes Mellitus,Efficacy and Safety of Semaglutide in Weight Reduction in Overweight or Obese Bangladeshi Adults With or Without Type 2 Diabetes Mellitus,NOT_YET_RECRUITING,2024-11-01,2026-10,480,ESTIMATED,ALL,18 Years,,Popular Medical College Hospital,OTHER,True,,,DRUG,INJECTABLE,18.0,,2024
NCT02179151,"Double-Blind, Placebo Controlled, Phase 3 Trial of ZGN-440 (Beloranib) in Obese Subjects With Prader-Willi Syndrome","Randomized, Double-Blind, Placebo Controlled, Phase 3 Trial of ZGN-440 (Subcutaneous Beloranib in Suspension) in Obese Subjects With Prader-Willi Syndrome to Evaluate Total Body Weight, Food-related Behavior, and Safety Over 6 Months",TERMINATED,2014-09,2016-10,108,ACTUAL,ALL,12 Years,65 Years,"Zafgen, Inc.",INDUSTRY,False,NO_OBESITY_TREATMENT_INTENT,INCLUDES_MINORS_AND_ADULTS,DRUG,INJECTABLE,12.0,65.0,2014
NCT06604624,Semaglutide in Treatment of Obesity,"To Evaluate a Multicenter, Randomized, Open, Positive Parallel Controlled Phase III Clinical Trial of Semaglutide Injection (HD1916) in the Treatment of Obesity",COMPLETED,2024-09-20,2025-09-24,462,ACTUAL,ALL,18 Years,,"CSPC Baike (Shandong) Biopharmaceutical Co., Ltd.",INDUSTRY,True,,DIABETES_IN_ELIGIBILITY_ONLY,DRUG,UNKNOWN,18.0,,2024
NCT03714373,"Open-Label Extension Study of DCCR in PWS Followed by Double-Blind, Placebo-Controlled, Randomized Withdrawal Period","An Open-Label, Long-Term Safety and Efficacy Evaluation of Diazoxide Choline Extended-Release Tablets in Participants With Prader-Willi Syndrome With a Double-Blind, Placebo-Controlled, Randomized Withdrawal Period",COMPLETED,2018-10-01,2023-08-17,115,ACTUAL,ALL,4 Years,,"Soleno Therapeutics, Inc.",INDUSTRY,False,NO_OBESITY_TREATMENT_INTENT,INCLUDES_MINORS_AND_ADULTS,DRUG,ORAL,4.0,,2018
NCT07654361,Efficacy and Safety of Aleniglipron in Participants With Obesity or Overweight With a Weight-Related Comorbidity (ACCOMPLISH-1),"A Randomized, Double-Blind, Placebo-Controlled, Pivotal Phase 3 Study to Evaluate the Long-Term Efficacy and Safety of Multiple Maintenance Doses of Once Daily Oral Aleniglipron for Chronic Weight Management in Adults With Obesity or Overweight and a Weight-Related Comorbidity",NOT_YET_RECRUITING,2026-07,2028-11,3600,ESTIMATED,ALL,18 Years,79 Years,"Gasherbrum Bio, Inc., a wholly owned subsidiary of Structure Therapeutics",INDUSTRY,True,,DIABETES_IN_ELIGIBILITY_ONLY,DRUG,ORAL,18.0,79.0,2026
NCT07353931,Efficacy and Safety of Eloralintide (LY3841136) in Participants With Osteoarthritis Knee Pain and Obesity or Overweight,"A Master Protocol for Phase 3 Randomized, Double-Blind, Placebo-Controlled Studies to Investigate the Efficacy and Safety of Once Weekly Eloralintide in Adult Participants With Osteoarthritis Knee Pain, and Obesity or Overweight (ENLIGHTEN-4)",RECRUITING,2026-02-09,2028-05,900,ESTIMATED,ALL,18 Years,,Eli Lilly and Company,INDUSTRY,False,NO_OBESITY_TREATMENT_INTENT,DIABETES_IN_ELIGIBILITY_ONLY,DRUG,ORAL,18.0,,2026
NCT03336086,Effect of Weight Reduction on Immunity,Reduction of Natural Killer Cell (CD16/56) and T-lymphocyte (CD3) Subset Counts After a Weight Loss Program Using Anti-obesity Drugs in Obese Women: a Non-randomized Controlled Trial,COMPLETED,2012-03-20,2012-12-25,29,ACTUAL,FEMALE,20 Years,45 Years,Shiraz University of Medical Sciences,OTHER,False,NO_DRUG_OR_BIOLOGICAL,MISSING_LOCATIONS,COMBINATION_PRODUCT,UNKNOWN,20.0,45.0,2012
NCT06388187,A Research Study to See How Well Different Doses of CagriSema Help People With Excess Body Weight Lose Weight,Efficacy and Safety of Cagrilintide s.c. in Combination With Semaglutide s.c.(CagriSema s.c. 1.0 mg/1.0 mg and 1.7 mg/1.7 mg) Once-weekly in Participants With Overweight or Obesity,COMPLETED,2024-06-24,2026-04-22,300,ACTUAL,ALL,18 Years,,Novo Nordisk A/S,INDUSTRY,True,,DIABETES_IN_ELIGIBILITY_ONLY,DRUG,INJECTABLE,18.0,,2024
NCT07192263,Study to Evaluate the Efficacy and Safety of IN-B00009 Injection in Adults With Obesity or Overweight Without Diabetes Mellitus,"A Phase 3, Multi-center, Randomized, Double-Blind, Placebo-Controlled, Parallel Study to Evaluate the Efficacy and Safety of IN-B00009 Injection in Adults With Obesity or Overweight Without Diabetes Mellitus",NOT_YET_RECRUITING,2025-09-22,2027-09-30,300,ESTIMATED,ALL,19 Years,75 Years,HK inno.N Corporation,INDUSTRY,False,NO_OBESITY_TREATMENT_INTENT,MISSING_LOCATIONS;DIABETES_IN_ELIGIBILITY_ONLY,DRUG,UNKNOWN,19.0,75.0,2025
NCT02223949,"Labor Induction and Maternal BMI, Comparison of Different Pre-induction Cervical Ripening Methods","Labor Induction and Maternal BMI: Comparison of Different Pre-induction Cervical Ripening Methods: The Cook Double Balloon Catheter vs PGE1 Tablets in Lean, Overweight, and Obese Women. A Prospective Randomized Study.",UNKNOWN,2014-10,2016-11,624,ESTIMATED,FEMALE,18 Years,45 Years,Hillel Yaffe Medical Center,OTHER_GOV,False,NO_OBESITY_TREATMENT_INTENT,DIABETES_IN_ELIGIBILITY_ONLY,DEVICE;DRUG,ORAL,18.0,45.0,2014
NCT04576975,Ketamine Infusion vs Dexmedetomidine Infusion in Obese Patients Undergoing Bariatric Surgery,Perioperative Use of Ketamine Infusion vs Dexmedetomidine Infusion as Analgesic in Obese Patients Undergoing Bariatric Surgery,UNKNOWN,2021-04-20,2022-07-01,90,ACTUAL,ALL,21 Years,45 Years,Ain Shams University,OTHER,False,OFF_TARGET_THERAPEUTIC_INTENT;NO_OBESITY_TREATMENT_INTENT;NON_PHARMACOLOGICAL_PRIMARY_INTENT,DIABETES_IN_ELIGIBILITY_ONLY,DRUG,UNKNOWN,21.0,45.0,2021
NCT06131437,A Research Study to See How Well CagriSema Compared to Tirzepatide Helps People With Obesity Lose Weight,Efficacy and Safety of Cagrilintide 2.4 mg s.c. in Combination With Semaglutide 2.4 mg s.c. (CagriSema s.c. 2.4 mg/2.4 mg) Once-weekly Compared to Tirzepatide 15 mg s.c. Once-weekly in Participants With Obesity,COMPLETED,2023-11-27,2026-01-09,809,ACTUAL,ALL,18 Years,,Novo Nordisk A/S,INDUSTRY,True,,DIABETES_IN_ELIGIBILITY_ONLY,DRUG,INJECTABLE,18.0,,2023
NCT03872245,Association of Probiotics With Neurostimulation of Dermatome T6: Effect on Weight Loss in Obese Patients,Association of Probiotics Intake With Percutaneous Electrical Neurostimulation of Dermatome T6 (PENS T6): Effect on Weight Loss in Obese Patients,UNKNOWN,2019-03-11,2019-05-31,20,ESTIMATED,ALL,18 Years,,Hospital General Universitario Elche,OTHER,True,,MISSING_LOCATIONS,BIOLOGICAL;PROCEDURE,UNKNOWN,18.0,,2019
NCT04104321,A Clinical Study to Evaluate the Efficacy and Safety of Aramchol in Subjects With NASH (ARMOR),"A Phase 3, Multinational, Multicenter, Randomized, Double-Blind, Placebo-Controlled Clinical Study to Evaluate the Efficacy PK, Kinetics and Safety of Aramchol in Nonalcoholic Steatohepatitis (NASH) With Open-Label Part",SUSPENDED,2019-09-23,2027-06-30,157,ACTUAL,ALL,18 Years,75 Years,"Galmed Research and Development, Ltd.",INDUSTRY,False,NO_OBESITY_TREATMENT_INTENT,DIABETES_IN_ELIGIBILITY_ONLY,DRUG,UNKNOWN,18.0,75.0,2019
NCT01306214,Safety and Efficacy of BI 10773 as add-on to Insulin Regimen in Patients With Type 2 Diabetes Mellitus,"A Phase III, Randomized, Double-blind, Placebo-controlled, Parallel Group Safety and Efficacy Study of BI 10773 (10 mg and 25 mg Administered Orally Once Daily) During 52 Weeks in Patients With Type 2 Diabetes Mellitus and Insufficient Glycemic Control on MDI Insulin Regimen Alone or With Metformin",COMPLETED,2011-02,2013-04,566,ACTUAL,ALL,18 Years,,Boehringer Ingelheim,INDUSTRY,False,DIABETES_PRIMARY_OVERLAP;NO_OBESITY_TREATMENT_INTENT,,DRUG,UNKNOWN,18.0,,2011
NCT06993792,A Master Protocol for Orforglipron (LY3502970) in Participants With Obesity or Overweight With and Without Type 2 Diabetes,A Master Protocol to Investigate the Efficacy and Safety of Orforglipron Tablet Once Daily Compared With Placebo in Participants With Obesity or Overweight With and Without Type 2 Diabetes,ACTIVE_NOT_RECRUITING,2025-05-15,2027-08,1400,ESTIMATED,ALL,18 Years,,Eli Lilly and Company,INDUSTRY,True,,DIABETES_IN_ELIGIBILITY_ONLY,DRUG,ORAL,18.0,,2025
NCT06596135,Open-Label Extension Study of Setmelanotide,"Open-Label Extension Study of Setmelanotide in Patients With a Rare Genetic, Syndromic or Acquired Disease of the MC4R Pathway",COMPLETED,2024-10-21,2026-06-24,28,ACTUAL,ALL,2 Years,,"Rhythm Pharmaceuticals, Inc.",INDUSTRY,True,,INCLUDES_MINORS_AND_ADULTS,DRUG,INJECTABLE,2.0,,2024
NCT03433040,17OHP-C Dosing Among Obese Pregnant Women,Impact of a Higher Dose on the Pharmacokinetics of 17-alpha Hydroxyprogesterone Caproate in Obese Women,COMPLETED,2017-08-23,2021-07-14,44,ACTUAL,FEMALE,18 Years,55 Years,University of South Florida,OTHER,False,NO_OBESITY_TREATMENT_INTENT,,DRUG,UNKNOWN,18.0,55.0,2017
NCT00392678,Targeting INflammation Using SALsalate in Type 2 Diabetes (TINSAL-T2D),Targeting Inflammation in Type 2 Diabetes: Clinical Trial Using Salsalate,COMPLETED,2006-10,2010-12,277,ACTUAL,ALL,18 Years,75 Years,Joslin Diabetes Center,OTHER,False,OUTSIDE_RECENCY_WINDOW;DIABETES_PRIMARY_OVERLAP;NO_OBESITY_TREATMENT_INTENT,,DRUG,ORAL,18.0,75.0,2006
NCT02675699,The Optimising Family Engagement in HENRY (OFTEN) Study,"Effectiveness of an Implementation Optimisation Intervention Aimed at Increasing Parent Engagement in HENRY, a Childhood Obesity Prevention Programme: a Cluster Randomised Controlled Trial",COMPLETED,2015-10,2017-10,126,ACTUAL,ALL,,,University of Leeds,OTHER,False,NO_DRUG_OR_BIOLOGICAL;NO_OBESITY_TREATMENT_INTENT,MISSING_OR_UNPARSED_MINIMUM_AGE,BEHAVIORAL,ORAL,,,2015
NCT02137330,Obalon in Children With Severe Obesity,Tolerance and Efficacy of the Swallowable Obalon® Gastric Balloons System in Children With Severe Obesity,COMPLETED,2014-01,2014-06,10,ACTUAL,ALL,9 Years,17 Years,Bambino Gesù Hospital and Research Institute,OTHER,False,NO_DRUG_OR_BIOLOGICAL;EXCLUSIVELY_PEDIATRIC;NO_OBESITY_TREATMENT_INTENT,,DEVICE,UNKNOWN,9.0,17.0,2014
NCT01277367,Vitality Health Incentives for Physical Activity,"A Prospective, Randomized Clinical Trial Comparing the Effectiveness of Different Types of Incentives in Increasing Physical Activity Behavior on the Vitality Health Promotion Programme",WITHDRAWN,2010-05,2013-02,0,ACTUAL,ALL,18 Years,,University of Pennsylvania,OTHER,False,NO_DRUG_OR_BIOLOGICAL;NO_OBESITY_TREATMENT_INTENT,,BEHAVIORAL,UNKNOWN,18.0,,2010
NCT00940628,A Study of Xenical (Orlistat) in Overweight and Obese Adolescents,Open-label Comparative Randomized Study of the Efficacy and Safety of Orlistat (Xenical) in Complex Therapy of Obesity and Metabolic Disorders in Adolescents,COMPLETED,2008-04,2010-09,60,ACTUAL,ALL,12 Years,14 Years,Hoffmann-La Roche,INDUSTRY,False,EXCLUSIVELY_PEDIATRIC;OUTSIDE_RECENCY_WINDOW,,BEHAVIORAL;DRUG,UNKNOWN,12.0,14.0,2008
NCT06921486,The Efficacy and Safety of Efsubaglutide Alfa Injection in Overweight and Obese Subjects (ENLIGHT),"A Multicenter, Randomized, Double-blind, Placebo-controlled Phase IIb/III Clinical Trial to Evaluate the Efficacy and Safety of Efsubaglutide Alfa Injection in Overweight and Obese Subjects",ACTIVE_NOT_RECRUITING,2025-03-31,2026-12-31,1003,ACTUAL,ALL,18 Years,,"Shanghai Yinnuo Pharmaceutical Technology Co., Ltd.",OTHER,True,,DIABETES_IN_ELIGIBILITY_ONLY,DRUG,UNKNOWN,18.0,,2025
NCT00647595,Effect of Physical Activity on Metabolic Syndrome in Pregnancy & Fetal Outcome,Effect of Physical Activity on Metabolic Syndrome in Pregnancy & Fetal Outcome,COMPLETED,2007-10,2008-12,100,ESTIMATED,FEMALE,18 Years,45 Years,National Institute of Diabetes and Digestive and Kidney Diseases (NIDDK),NIH,False,NO_DRUG_OR_BIOLOGICAL;OUTSIDE_RECENCY_WINDOW;NO_OBESITY_TREATMENT_INTENT,,BEHAVIORAL,UNKNOWN,18.0,45.0,2007
NCT06584916,A Study of Orforglipron for the Maintenance of Body Weight Reduction in Participants Who Have Obesity or Overweight With Weight-Related Comorbidities (ATTAIN-MAINTAIN),"A Phase 3b, Randomized, Double-Blind, Placebo-Controlled Study to Evaluate the Efficacy and Safety of Orforglipron Once Daily Versus Placebo for Maintenance of Body Weight Reduction in Participants Who Have Obesity or Overweight With Weight-Related Comorbidities",COMPLETED,2024-09-13,2025-11-21,376,ACTUAL,ALL,18 Years,,Eli Lilly and Company,INDUSTRY,True,,DIABETES_IN_ELIGIBILITY_ONLY,DRUG,ORAL,18.0,,2024
NCT01487993,Metformin in Obese Children and Adolescents,"An Efficacy, Safety and Pharmacokinetic Study on the Short-term and Long-term Use of Metformin in Obese Children and Adolescents",COMPLETED,2011-08,2017-02-28,62,ACTUAL,ALL,10 Years,16 Years,St. Antonius Hospital,OTHER,False,EXCLUSIVELY_PEDIATRIC;NO_OBESITY_TREATMENT_INTENT,DIABETES_IN_ELIGIBILITY_ONLY,BEHAVIORAL;DRUG,ORAL,10.0,16.0,2011
NCT06662383,A Study of Retatrutide (LY3437943) Compared to Tirzepatide (LY3298176) in Adults Who Have Obesity,"A Phase 3, Randomized, Double-Blind Study to Evaluate the Efficacy and Safety of Retatrutide Compared to Tirzepatide in Adults Who Have Obesity",ACTIVE_NOT_RECRUITING,2024-11-01,2026-12,800,ESTIMATED,ALL,18 Years,,Eli Lilly and Company,INDUSTRY,True,,,DRUG,UNKNOWN,18.0,,2024
NCT00306683,Effect of Diazoxide on the Obesity Secondary to Hypothalamic-pituitary Lesions,Clinical Assessment of the Treatment With Diazoxide in Children Suffering From Obesity and Hyperinsulinemia Secondary to Surgery of Hypothalamic-pituitary Lesions,COMPLETED,2006-04,2009-04,40,ACTUAL,ALL,6 Years,18 Years,Assistance Publique - Hôpitaux de Paris,OTHER,False,OUTSIDE_RECENCY_WINDOW;NO_OBESITY_TREATMENT_INTENT;NON_PHARMACOLOGICAL_PRIMARY_INTENT,INCLUDES_MINORS_AND_ADULTS;DIABETES_IN_ELIGIBILITY_ONLY,DRUG,UNKNOWN,6.0,18.0,2006
NCT00380445,Effect of Vildagliptin on Fat and Muscle Metabolism in Patients With Type 2 Diabetes,Effect of Vildagliptin on Adipose Tissue and Skeletal Muscle Metabolism in Obese Patients With Type 2 Diabetes,COMPLETED,2006-01,2007-04,21,ACTUAL,ALL,30 Years,65 Years,Novartis,INDUSTRY,False,OUTSIDE_RECENCY_WINDOW;DIABETES_PRIMARY_OVERLAP;NO_OBESITY_TREATMENT_INTENT,,DRUG,UNKNOWN,30.0,65.0,2006
NCT00128336,The Heat Study: 2 Year Lifestyle Intervention in Overweight Women to Encourage Weight Management,The Heat Study: A 2-year Lifestyle Intervention in Overweight Women to Determine Optimal Approaches for Successful Maintenance of Weight Loss,COMPLETED,2004-05,2006-10,200,ACTUAL,FEMALE,25 Years,70 Years,University of Otago,OTHER,False,NO_DRUG_OR_BIOLOGICAL;OUTSIDE_RECENCY_WINDOW;NON_PHARMACOLOGICAL_PRIMARY_INTENT,DIABETES_IN_ELIGIBILITY_ONLY,BEHAVIORAL,UNKNOWN,25.0,70.0,2004
NCT00317707,Risk and Prevention Study: Evaluation of the Efficacy of n-3 PUFA in Subjects at High Cardiovascular Risk,Risk and Prevention Study: Optimisation of the Preventive Strategies and Evaluation of the Efficacy of n-3 PUFA in Subjects at High Cardiovascular Risk,COMPLETED,2004-02,2011-10,12513,ACTUAL,ALL,18 Years,,Mario Negri Institute for Pharmacological Research,OTHER,False,OUTSIDE_RECENCY_WINDOW;NO_OBESITY_TREATMENT_INTENT,DIABETES_IN_ELIGIBILITY_ONLY,DRUG,ORAL,18.0,,2004
NCT04578652,Fiber and Metformin Combination Therapy in Adolescents With Severe Obesity and Insulin Resistance,Fiber Supplementation and Metformin Combination Therapy in Adolescents With Severe Obesity and Insulin Resistance: Interactions With the Gut Microbiome.,RECRUITING,2021-10-22,2026-09,90,ESTIMATED,ALL,12 Years,18 Years,University of Alberta,OTHER,False,NO_OBESITY_TREATMENT_INTENT,INCLUDES_MINORS_AND_ADULTS,DIETARY_SUPPLEMENT;DRUG,ORAL,12.0,18.0,2021
NCT05316493,Weight Management Plus LNG-IUS/Megestrol Acetate in Endometrial Atypical Hyperplasia,"Weight Management Plus Levonorgestrel Intrauterine System or Megestrol Acetate in Endometrial Atypical Hyperplasia: Multiple Single-arm, Prospective and Open-label Clinical Study",RECRUITING,2022-06-13,2027-02-28,172,ESTIMATED,FEMALE,18 Years,45 Years,Xiaojun Chen,OTHER,True,,,BEHAVIORAL;DRUG,ORAL,18.0,45.0,2022
NCT06390904,GnRHa + Letrozole in Obese Progestin-insensitive Endometrial Atypical Hyperplasia Patients,Gonadotropin-releasing Hormone Agonist (GnRHa) Plus Letrozole in Obese Progestin-insensitive Endometrial Atypical Hyperplasia Patients With Conservative Treatment,ACTIVE_NOT_RECRUITING,2022-07-13,2027-07-30,29,ESTIMATED,FEMALE,18 Years,45 Years,Xiaojun Chen,OTHER,False,NO_OBESITY_TREATMENT_INTENT,,DRUG,INJECTABLE,18.0,45.0,2022
NCT01044147,Online Counseling to Enable Lifestyle-focused Obesity Treatment in Primary Care,Online Counseling to Enable Lifestyle-focused Obesity Treatment in Primary Care,COMPLETED,2010-04,2012-09,360,ACTUAL,ALL,21 Years,75 Years,University of Pittsburgh,OTHER,False,NO_DRUG_OR_BIOLOGICAL;NO_OBESITY_TREATMENT_INTENT;NON_PHARMACOLOGICAL_PRIMARY_INTENT,,BEHAVIORAL,UNKNOWN,21.0,75.0,2010
NCT05931367,A Study of Retatrutide (LY3437943) Once Weekly in Participants Who Have Obesity or Overweight and Osteoarthritis of the Knee,"A Phase 3 Study to Investigate the Efficacy and Safety of LY3437943 Once Weekly in Participants Who Have Obesity or Overweight and Osteoarthritis of the Knee: A Randomized, Double-Blind, Placebo-Controlled Trial",COMPLETED,2023-08-01,2025-11-14,445,ACTUAL,ALL,18 Years,,Eli Lilly and Company,INDUSTRY,True,,DIABETES_IN_ELIGIBILITY_ONLY,DRUG,UNKNOWN,18.0,,2023
NCT02273804,Topiramate and Severe Obesity,Topiramate and Severe Obesity in Children and Adolescents,COMPLETED,2016-06-01,2018-01-23,18,ACTUAL,ALL,9 Years,17 Years,Assistance Publique - Hôpitaux de Paris,OTHER,False,EXCLUSIVELY_PEDIATRIC,,DRUG,ORAL,9.0,17.0,2016
NCT03211455,Intravenous Lidocaine in Bariatric Surgery.,Effect of Continuous Intravenous Lidocaine on Early Rehabilitation in Bariatric Surgery. A Randomized Double Blind Controlled Study,COMPLETED,2017-12-01,2019-05-01,180,ACTUAL,ALL,18 Years,75 Years,"University Hospital, Caen",OTHER,False,OFF_TARGET_THERAPEUTIC_INTENT;NO_OBESITY_TREATMENT_INTENT;NON_PHARMACOLOGICAL_PRIMARY_INTENT,,DRUG,UNKNOWN,18.0,75.0,2017
NCT00430742,An Investigational Drug Study to Assess Weight Loss in Patients With Type 2 Diabetes Mellitus (0364-011)(TERMINATED),"A Phase III Randomized, Placebo-Controlled Clinical Trial to Study the Safety and Efficacy of Taranabant (MK0364) in Overweight and Obese Patients With Type 2 Diabetes Mellitus (T2DM) Followed by a 1-Year Extension",TERMINATED,2006-11,2008-11,600,ACTUAL,ALL,18 Years,75 Years,Merck Sharp & Dohme LLC,INDUSTRY,False,OUTSIDE_RECENCY_WINDOW;DIABETES_PRIMARY_OVERLAP,MISSING_LOCATIONS,DRUG,ORAL,18.0,75.0,2006
NCT01451554,Portion Control Treatment for Obesity,Portion Control for the Treatment of Obesity in the Primary Care Setting,COMPLETED,2009-01,2010-12,65,ACTUAL,ALL,18 Years,75 Years,Mayo Clinic,OTHER,False,NO_DRUG_OR_BIOLOGICAL;OUTSIDE_RECENCY_WINDOW,,BEHAVIORAL,UNKNOWN,18.0,75.0,2009
NCT00134199,"A Study Of 6-Month Duration To Evaluate The Weight Loss Effect Of Various Doses Of CP-945,598 In Obese Subjects","A 6-Month, Randomized, Double-Blind, Placebo And Positive-Controlled Phase 2b Study To Evaluate The Effect Of Various Doses Of CP-945,598 On Weight Loss In Obese Subjects",COMPLETED,2005-03,2005-11,282,ACTUAL,ALL,18 Years,65 Years,Pfizer,INDUSTRY,False,OUTSIDE_RECENCY_WINDOW,DIABETES_IN_ELIGIBILITY_ONLY,DRUG,UNKNOWN,18.0,65.0,2005
NCT00231634,"A Study of the Efficacy and Safety of Topiramate in Obese, Type 2 Diabetic Patients Inadequately Controlled on Sulfonylurea Therapy","A Multicenter, Randomized, Double-Blind, Placebo-Controlled, Parallel Group Study of the Efficacy and Safety of Topiramate in the Treatment of Obese, Type 2 Diabetic Patients Inadequately Controlled on Sulfonylurea Therapy",TERMINATED,2001-05,2002-11,31,ACTUAL,ALL,18 Years,75 Years,"Johnson & Johnson Pharmaceutical Research & Development, L.L.C.",INDUSTRY,False,OUTSIDE_RECENCY_WINDOW,MISSING_LOCATIONS;DIABETES_IN_ELIGIBILITY_ONLY,DRUG,UNKNOWN,18.0,75.0,2001
NCT07232719,A Study of Retatrutide (LY3437943) in Participants With Obesity or Overweight,"A Phase 3b Study to Investigate the Efficacy and Safety of Retatrutide Once Weekly in Participants Without Type 2 Diabetes Who Have Obesity or Overweight: A Randomized, Double-Blind, Placebo-Controlled Trial",ACTIVE_NOT_RECRUITING,2025-11-17,2027-07,250,ESTIMATED,ALL,18 Years,,Eli Lilly and Company,INDUSTRY,True,,DIABETES_IN_ELIGIBILITY_ONLY,DRUG,UNKNOWN,18.0,,2025
NCT05780008,Eat My ABCs Project,Eat My ABCs: Integrate Healthy Eating Into School Readiness,COMPLETED,2023-01-01,2024-05-10,202,ACTUAL,ALL,3 Years,5 Years,Michigan State University,OTHER,False,NO_DRUG_OR_BIOLOGICAL;EXCLUSIVELY_PEDIATRIC;NO_OBESITY_TREATMENT_INTENT,,BEHAVIORAL,UNKNOWN,3.0,5.0,2023
NCT06066515,A Study to Test Whether Survodutide (BI 456906) Helps People Living With Overweight or Obesity Who do Not Have Diabetes to Lose Weight,"A Phase 3, Randomised, Double-blind, Parallel-group, 76-week, Efficacy and Safety Study of BI 456906 Administered Subcutaneously Compared With Placebo in Participants With Overweight or Obesity Without Type 2 Diabetes",COMPLETED,2023-11-25,2026-02-20,726,ACTUAL,ALL,18 Years,,Boehringer Ingelheim,INDUSTRY,False,NO_DRUG_OR_BIOLOGICAL,DIABETES_IN_ELIGIBILITY_ONLY,COMBINATION_PRODUCT,INJECTABLE,18.0,,2023
NCT06909006,Semaglutide Treatment in Type 1 Diabetes,"Obesity and Semaglutide in Type 1 Diabetes Therapy: A Multicentre, Randomised, Double-Blinded, Placebo-Controlled, Investigator-Initiated Trial",NOT_YET_RECRUITING,2025-10,2028-06,122,ESTIMATED,ALL,18 Years,,Nordsjaellands Hospital,OTHER,False,DIABETES_PRIMARY_OVERLAP,,DRUG,INJECTABLE,18.0,,2025
NCT05514535,"A Research Study to Look Into How Semaglutide, Together With a Lower Dose of Insulin Glargine, Compares to a Higher Dose of Insulin Glargine Alone in People With Type 2 Diabetes (SUSTAIN OPTIMIZE)",Efficacy and Safety of Once-weekly Semaglutide S.C. 2.0 mg as Add-on to Dose-reduced Insulin Glargine vs Titrated Insulin Glargine in Participants With Type 2 Diabetes and Overweight,COMPLETED,2022-08-29,2025-04-09,573,ACTUAL,ALL,18 Years,,Novo Nordisk A/S,INDUSTRY,False,DIABETES_PRIMARY_OVERLAP,,DRUG,UNKNOWN,18.0,,2022
NCT06905626,Weight Gain Prevention in Adolescents and Young Adults,Prevention of Obesity in Adolescents and Young Adults,NOT_YET_RECRUITING,2026-11-01,2031-10-31,140,ESTIMATED,ALL,18 Years,25 Years,University of Minnesota,OTHER,False,NO_OBESITY_TREATMENT_INTENT,MISSING_LOCATIONS;DIABETES_IN_ELIGIBILITY_ONLY,DRUG,ORAL,18.0,25.0,2026
NCT01535014,Clinical Trial of Safety and Efficacy of Various Dosage Schedules for Dietressa Drug in Treatment of Obese Patients,Multicentric Double-blind Placebo-controlled Randomized Parallel-group Clinical Trial of Safety and Efficacy of Various Dosage Schedules for Dietressa Drug in Treatment of Obese Patients,COMPLETED,2011-12-12,2013-06,493,ACTUAL,ALL,18 Years,65 Years,Materia Medica Holding,INDUSTRY,False,NO_OBESITY_TREATMENT_INTENT;NON_PHARMACOLOGICAL_PRIMARY_INTENT,DIABETES_IN_ELIGIBILITY_ONLY,DRUG,ORAL,18.0,65.0,2011
NCT01234649,Combined Liraglutide and Metformin Therapy in Women With Previous Gestational Diabetes Mellitus (GDM),Effects of Intervention With the Glucagon-like Peptide 1 (GLP-1) Analog Liraglutide Plus Metformin Versus Metformin Monotherapy in Overweight/Obese Women With Metabolic Defects and Recent History of Gestational Diabetes Mellitus (GDM),COMPLETED,2011-08-11,2019-06-14,153,ACTUAL,FEMALE,18 Years,45 Years,Woman's,OTHER,False,DIABETES_PRIMARY_OVERLAP,,DRUG,INJECTABLE,18.0,45.0,2011
NCT02750826,Breast Cancer WEight Loss Study (BWEL Study),Randomized Phase III Trial Evaluating the Role of Weight Loss in Adjuvant Treatment of Overweight and Obese Women with Early Breast Cancer,ACTIVE_NOT_RECRUITING,2016-09-16,2030-05-30,3177,ACTUAL,FEMALE,18 Years,,Alliance for Clinical Trials in Oncology,OTHER,False,NO_DRUG_OR_BIOLOGICAL,DIABETES_IN_ELIGIBILITY_ONLY,OTHER,UNKNOWN,18.0,,2016
NCT03811574,STEP 6: Research Study Investigating How Well Semaglutide Works in People Living With Overweight or Obesity,Effect and Safety of Semaglutide Once-weekly in East Asian Subjects With Overweight or Obesity,COMPLETED,2019-01-21,2020-11-20,401,ACTUAL,ALL,18 Years,,Novo Nordisk A/S,INDUSTRY,True,,,DRUG,INJECTABLE,18.0,,2019
NCT00447291,Safety & Efficacy of Omega-3 Fish Oil in Overweight Children & Adolescents,"Evaluation of the Safety and Efficacy of Omega-3 Fish Oil Dietary Supplementation in Biometric Measurement, Lipid Profile, Serum Markers for Inflammation, and Insulin Resistance in Overweight Children and Adolescents",TERMINATED,2006-12,2010-07,60,ACTUAL,ALL,8 Years,18 Years,Children's Heart Center,INDUSTRY,False,OUTSIDE_RECENCY_WINDOW;NO_OBESITY_TREATMENT_INTENT;NON_PHARMACOLOGICAL_PRIMARY_INTENT,INCLUDES_MINORS_AND_ADULTS;DIABETES_IN_ELIGIBILITY_ONLY,BEHAVIORAL;DRUG,UNKNOWN,8.0,18.0,2006
NCT02098317,DHA and Vitamin D in Children With Biopsy-proven NAFLD,Efficacy and Tolerability of Vitamin D and Docosahexaenoic Acid (DHA) in Children With Biopsy Proven NAFLD,COMPLETED,2014-01,2015-09,66,ACTUAL,ALL,4 Years,16 Years,Bambino Gesù Hospital and Research Institute,OTHER,False,EXCLUSIVELY_PEDIATRIC;NO_OBESITY_TREATMENT_INTENT,,DRUG,UNKNOWN,4.0,16.0,2014
NCT00239967,An International Study of Rimonabant in Dyslipidemia With AtheroGenic Risk In Abdominally Obese Patients,"A Randomized, Double-Blind, Two-Arm Placebo-Controlled, Parallel-Group, Multicenter Study of Rimonabant 20 mg Once Daily in the Treatment of Atherogenic Dyslipidemia in Abdominally Obese Patients",COMPLETED,2005-05,2007-02,803,ACTUAL,ALL,18 Years,,Sanofi,INDUSTRY,False,OUTSIDE_RECENCY_WINDOW;NO_OBESITY_TREATMENT_INTENT,DIABETES_IN_ELIGIBILITY_ONLY,DRUG,UNKNOWN,18.0,,2005
NCT05646199,Semaglutide vs Metformin in Polycystic Ovary Syndrome (PCOS),The Effect of Semaglutide Compared to Metformin in Obese Women With Polycystic Ovary Syndrome (PCOS): a Randomised Controlled Study (Semaglutide-PCOS Trial).,UNKNOWN,2025-03-01,2025-12-30,60,ESTIMATED,FEMALE,18 Years,45 Years,University of Hull,OTHER,False,OFF_TARGET_THERAPEUTIC_INTENT,DIABETES_IN_ELIGIBILITY_ONLY,DRUG,INJECTABLE,18.0,45.0,2025
NCT05816798,Photobiomodulation in Chronic Knee Pain in Patients Who Are in PreRehabilitation for Bariatric Surgery,"Photobiomodulation in Chronic Knee Pain in Patients Who Are in PreRehabilitation for Bariatric Surgery: Double Blind, Randomized, Controlled Placebo Clinical Trial",RECRUITING,2023-07-28,2026-02,62,ESTIMATED,ALL,18 Years,70 Years,University of Nove de Julho,OTHER,False,NO_DRUG_OR_BIOLOGICAL;OFF_TARGET_THERAPEUTIC_INTENT;NO_OBESITY_TREATMENT_INTENT;NON_PHARMACOLOGICAL_PRIMARY_INTENT,,DEVICE;OTHER,UNKNOWN,18.0,70.0,2023
NCT05638893,Metformin as Adjuvant Therapy in Obese Knee Osteoarthritis Patients,Metformin as Adjuvant Therapy in Obese Knee Osteoarthritis Patients,COMPLETED,2021-02-01,2022-04-15,50,ACTUAL,ALL,45 Years,,Tanta University,OTHER,False,NO_OBESITY_TREATMENT_INTENT,DIABETES_IN_ELIGIBILITY_ONLY,DRUG,ORAL,45.0,,2021
NCT00236665,A Study of Efficacy and Safety of Topiramate in the Treatment of Obese Patients With Mild to Moderate Essential Hypertension,"A Multicenter, Randomized, Double-Blind, Placebo-Controlled, Parallel Group Study of the Efficacy and Safety of Topiramate in the Treatment of Obese Patients With Mild to Moderate Essential Hypertension",COMPLETED,2001-03,2002-06,531,ACTUAL,ALL,18 Years,75 Years,"Johnson & Johnson Pharmaceutical Research & Development, L.L.C.",INDUSTRY,False,OUTSIDE_RECENCY_WINDOW,MISSING_LOCATIONS;DIABETES_IN_ELIGIBILITY_ONLY,DRUG,UNKNOWN,18.0,75.0,2001
NCT00147264,Telmisartan-Induced Reduction in Intra-Myocellular Lipids Trial,"A Randomized, Double Blind, 2X2 Factorial Design Study to Evaluate the Effects of Telmisartan vs Placebo, and of a Low-Glycemic Diet vs Control Diet, in Reducing Intra-Myocellular Lipids In Individuals With Abdominal Obesity",COMPLETED,2004-04,2006-11,120,,ALL,30 Years,70 Years,McMaster University,OTHER,False,OUTSIDE_RECENCY_WINDOW;NO_OBESITY_TREATMENT_INTENT;NON_PHARMACOLOGICAL_PRIMARY_INTENT,DIABETES_IN_ELIGIBILITY_ONLY,BEHAVIORAL;DRUG,UNKNOWN,30.0,70.0,2004
NCT01264393,State-wide Health Approach to Increase Reach and Effectiveness: Study 1,Using a State-Wide Initiative to Disseminate Effective Behavioral Weight Loss Strategies,COMPLETED,2011-01,2013-03,500,ACTUAL,ALL,18 Years,70 Years,The Miriam Hospital,OTHER,False,NO_DRUG_OR_BIOLOGICAL;NON_PHARMACOLOGICAL_PRIMARY_INTENT,,BEHAVIORAL,UNKNOWN,18.0,70.0,2011
NCT07481747,Efficacy and Safety of Tirzepatide Once Weekly Versus Placebo in Participants Who Are Either Obese or Overweight With Weight-Related Comorbidities (SURMOUNT-1),"Efficacy and Safety of Tirzepatide Once Weekly in Participants Without Type 2 Diabetes Who Have Obesity or Are Overweight With Weight-Related Comorbidities: A Randomized, Double-Blind, Placebo-Controlled Trial (SURMOUNT-1)",RECRUITING,2026-02-02,2028-03-17,2539,ESTIMATED,ALL,18 Years,,Hudson Biotech,INDUSTRY,True,,DIABETES_IN_ELIGIBILITY_ONLY,BEHAVIORAL;DRUG,INJECTABLE,18.0,,2026
NCT01763528,"High Protein Weight Loss Diet, High Sensitivity C-Reactive Protein and Cardiovascular Risks Among Obese Women","High Protein Diet , CRP and CVD Risk Factors",COMPLETED,2011-01,2012-08,63,ACTUAL,FEMALE,20 Years,65 Years,Isfahan University of Medical Sciences,OTHER,False,NO_DRUG_OR_BIOLOGICAL;NON_PHARMACOLOGICAL_PRIMARY_INTENT,MISSING_LOCATIONS;DIABETES_IN_ELIGIBILITY_ONLY,OTHER,UNKNOWN,20.0,65.0,2011
NCT01320722,Study of Vitamin D and Uric Acid Lowering on Kidney and Blood Vessel Function,Modifiable Effectors of Renin System Activation: Treatment Evaluation (MODERATE),COMPLETED,2011-03,2015-06,242,ACTUAL,ALL,18 Years,75 Years,Brigham and Women's Hospital,OTHER,False,NO_OBESITY_TREATMENT_INTENT,DIABETES_IN_ELIGIBILITY_ONLY,DRUG,ORAL,18.0,75.0,2011
NCT01030354,"Effects of Protein-Enriched Meal on Liver, Kidney or Bone: a Randomized Controlled Trial",,COMPLETED,2004-07,2005-12,100,ACTUAL,ALL,30 Years,,"University of California, Los Angeles",OTHER,False,NO_DRUG_OR_BIOLOGICAL;OUTSIDE_RECENCY_WINDOW;NO_OBESITY_TREATMENT_INTENT,,DIETARY_SUPPLEMENT,UNKNOWN,30.0,,2004
NCT02143349,The Effect of Coleus Forskohlii Extract on the Risk Factors of Metabolic Syndrome,Investigation of Appetite Suppressant Properties Associated With Coleus Forskohlii in Overweight and Obese Individuals,UNKNOWN,2014-04,2015-05,50,ESTIMATED,ALL,20 Years,60 Years,Olive Lifesciences Pvt Ltd,INDUSTRY,False,NO_DRUG_OR_BIOLOGICAL,DIABETES_IN_ELIGIBILITY_ONLY,DIETARY_SUPPLEMENT;OTHER,ORAL,20.0,60.0,2014
NCT05653258,Single Nuclei RNA-seq to Map Adipose Cellular Populations and Senescent Cells in Older Subjects,Single Nuclei RNA-sequencing to Map Adipose Cellular Populations and Senescent Cells in Older Subjects,RECRUITING,2023-10-17,2028-02-01,160,ESTIMATED,ALL,18 Years,,Cedars-Sinai Medical Center,OTHER,False,NO_OBESITY_TREATMENT_INTENT,DIABETES_IN_ELIGIBILITY_ONLY,DRUG;OTHER;PROCEDURE,MIXED_OR_AMBIGUOUS,18.0,,2023
NCT03758638,Healthy Eating and Active Living Taught at Home (HEALTH) Dissemination & Implementation (D&I),Disseminating and Implementing A Lifestyle Based Healthy Weight Program in a National Organization,COMPLETED,2019-01-25,2025-06-30,620,ACTUAL,ALL,18 Years,,Washington University School of Medicine,OTHER,False,NO_DRUG_OR_BIOLOGICAL;NO_OBESITY_TREATMENT_INTENT;NON_PHARMACOLOGICAL_PRIMARY_INTENT,,BEHAVIORAL,UNKNOWN,18.0,,2019
NCT06994650,"A Multicenter, Randomized, Double-blind, Placebo-controlled Phase III Clinical Study to Evaluate the Efficacy and Safety of HRS9531 Injection in Subjects With Obstructive Sleep Apnea (OSA) and Obesity Who Are on Positive Airway Pressure Ventilation (PAP) Therapy","A Multicenter, Randomized, Double-blind, Placebo-controlled Phase III Clinical Study to Evaluate the Efficacy and Safety of HRS9531 Injection in Subjects With Obstructive Sleep Apnea (OSA) and Obesity Who Are on Positive Airway Pressure Ventilation (PAP) Therapy",RECRUITING,2025-08-13,2027-01,140,ESTIMATED,ALL,18 Years,75 Years,"Fujian Shengdi Pharmaceutical Co., Ltd.",INDUSTRY,True,,DIABETES_IN_ELIGIBILITY_ONLY,DRUG,INJECTABLE,18.0,75.0,2025
NCT05032326,Long-term Interventional Follow-up Study of Children With Prader-Willi Syndrome Included in the OTBB3 Clinical Trial,Long-term Interventional Follow-up Study up to 4 Years of Age of Children With Prader-Willi Syndrome Included in the OTBB3 Clinical Trial and Comparison With an Untreated Cohort of Children With Prader-Willi Syndrome,UNKNOWN,2021-09-07,2025-04-01,80,ESTIMATED,ALL,12 Months,36 Months,"University Hospital, Toulouse",OTHER,False,EXCLUSIVELY_PEDIATRIC;NO_OBESITY_TREATMENT_INTENT,,DRUG;OTHER,UNKNOWN,1.0,3.0,2021
NCT02077517,Stapled vs Hand Sewn Anastomosis in Roux en Y Gastric Bypass for Morbid Obesity: Randomized Clinical Trial,Stapled vs Hand Sewn Anastomosis in Roux en Y Gastric Bypass for Morbid Obesity: Randomized Clinical Trial,UNKNOWN,2007-01,,400,ESTIMATED,ALL,18 Years,65 Years,Hospital Universitario Virgen de la Arrixaca,OTHER,False,NO_DRUG_OR_BIOLOGICAL;OUTSIDE_RECENCY_WINDOW;OFF_TARGET_THERAPEUTIC_INTENT;NO_OBESITY_TREATMENT_INTENT,,PROCEDURE,UNKNOWN,18.0,65.0,2007
NCT02478580,"Armodafinil (Nuvigil), Postoperative Recovery of OSA (Obstructive Sleep Apnea) and Obese Patients",The Effects of Armodafinil (Nuvigil) on Postoperative Recovery of OSA (Obstructive Sleep Apnea) and Obese Patients,COMPLETED,2011-08,2016-01,67,ACTUAL,ALL,18 Years,75 Years,University of Texas Southwestern Medical Center,OTHER,False,NO_OBESITY_TREATMENT_INTENT,,DRUG,UNKNOWN,18.0,75.0,2011
NCT01344161,Effect of Vitamin D on Metabolic Profile in Overweight or Obese Women,Effect of Vitamin D on Metabolic Profile in Overweight or Obese Women,COMPLETED,2009-10,2010-03,85,ACTUAL,FEMALE,18 Years,50 Years,Tehran University of Medical Sciences,OTHER,False,NO_DRUG_OR_BIOLOGICAL;OUTSIDE_RECENCY_WINDOW,DIABETES_IN_ELIGIBILITY_ONLY,DIETARY_SUPPLEMENT,UNKNOWN,18.0,50.0,2009
NCT00394212,Incisionless Treatment for Patients With Inadequate Weight Loss Following Roux-en-Y Gastric Bypass,Randomized Evaluation of Endoscopic Suturing Transorally for Anastomotic Outlet Reduction (RESTORe) for Patients With Inadequate Weight Loss Following Roux-en-Y Gastric Bypass Surgery,TERMINATED,2006-11,2009-05,77,ACTUAL,ALL,18 Years,,C. R. Bard,INDUSTRY,False,NO_DRUG_OR_BIOLOGICAL;OUTSIDE_RECENCY_WINDOW;OFF_TARGET_THERAPEUTIC_INTENT;NON_PHARMACOLOGICAL_PRIMARY_INTENT,,DEVICE;OTHER,ORAL,18.0,,2006
NCT02840916,Laser Acupuncture for Postpartum Weight Retention,Laser Acupuncture Therapy in Patients With Postpartum Weight Retention: A Randomized Controlled Trial,COMPLETED,2014-01,2015-12,66,ACTUAL,FEMALE,20 Years,50 Years,Chang Gung Memorial Hospital,OTHER,False,NO_DRUG_OR_BIOLOGICAL;NO_OBESITY_TREATMENT_INTENT,,PROCEDURE,UNKNOWN,20.0,50.0,2014
NCT04605081,Pharmacological and Behavioral Treatments After Bariatric Surgery: Maintenance Treatment (Stage 2a),Pharmacological and Behavioral Treatments to Treat Loss-of-Control Eating and Improve Weight Outcomes After Bariatric Surgery: Maintenance Treatment (Stage 2a),ACTIVE_NOT_RECRUITING,2022-01-10,2027-05,100,ESTIMATED,ALL,18 Years,70 Years,Yale University,OTHER,False,OFF_TARGET_THERAPEUTIC_INTENT;NON_PHARMACOLOGICAL_PRIMARY_INTENT,DIABETES_IN_ELIGIBILITY_ONLY,DRUG;OTHER,ORAL,18.0,70.0,2022
NCT07104500,VK2735 for Weight Management Phase 3,"A Phase 3 Randomized, Double-Blind, Placebo-Controlled, 78-Week Efficacy and Safety Study of VK2735 Administered Subcutaneously for Weight Management in Participants Without Type 2 Diabetes Who Are Obese, or Overweight With at Least One Weight-related Comorbid Condition",ACTIVE_NOT_RECRUITING,2025-06-23,2027-08-01,4500,ESTIMATED,ALL,18 Years,,"Viking Therapeutics, Inc.",INDUSTRY,True,,DIABETES_IN_ELIGIBILITY_ONLY,DRUG,UNKNOWN,18.0,,2025
NCT02042664,Effect of GLP-1 Receptor (GLP-1R) Agonists on Cardiac Function and on Epicardial Adipose Tissue (EAT) Volume and on Myocardial TG Content in Obese Diabetics,Effect of GLP-1 Receptor (GLP-1R) Agonists on Cardiac Function and on Epicardial Adipose Tissue (EAT) Volume and on Myocardial TG Content in Obese Diabetics,COMPLETED,2011-01,2015-06,44,ACTUAL,ALL,18 Years,,Assistance Publique Hopitaux De Marseille,OTHER,False,NO_OBESITY_TREATMENT_INTENT,DIABETES_IN_ELIGIBILITY_ONLY,DRUG,UNKNOWN,18.0,,2011
NCT01568437,Transversus Abdominis Plane (TAP) Block in Laparoscopic Gastric-bypass Surgery,Is the Analgesic Effect of the Transversus Abdominis Plane (TAP) Block in Laparoscopic Gastric-bypass Surgery Useful?,COMPLETED,2012-01,2013-03,70,ACTUAL,ALL,18 Years,70 Years,"University Health Network, Toronto",OTHER,False,NO_DRUG_OR_BIOLOGICAL;NO_OBESITY_TREATMENT_INTENT;NON_PHARMACOLOGICAL_PRIMARY_INTENT,,OTHER;PROCEDURE,UNKNOWN,18.0,70.0,2012
NCT05384431,Can We Achieve 'high-quality' Weight Loss Through Supplementation and Exercise? the TRIM MUSCLE Study,Can We Achieve 'high-quality' Weight Loss Through Supplementation and Exercise? the TRIM MUSCLE Study,COMPLETED,2022-08-15,2024-12-20,51,ACTUAL,ALL,18 Years,45 Years,Exerkine Corporation,INDUSTRY,False,NO_DRUG_OR_BIOLOGICAL;NON_PHARMACOLOGICAL_PRIMARY_INTENT,DIABETES_IN_ELIGIBILITY_ONLY,DIETARY_SUPPLEMENT;OTHER,UNKNOWN,18.0,45.0,2022
NCT06633783,A Phase III Study Comparing the Weight Loss Effects of Semaglutide Injection and Wegovy®,"A Multicenter, Randomized, Open-label, Parallel-controlled Phase III Study Comparing the Efficacy and Safety of Semaglutide Injection and Wegovy® for Weight Loss in Obese Subjects",NOT_YET_RECRUITING,2024-10-30,2026-10-30,370,ESTIMATED,ALL,18 Years,75 Years,"Hangzhou Jiuyuan Gene Engineering Co. Ltd.,",INDUSTRY,True,,DIABETES_IN_ELIGIBILITY_ONLY,DRUG,UNKNOWN,18.0,75.0,2024
NCT03554031,A Study to Evaluate the Efficacy and Safety of Recombinant Human Growth Hormone Injection in Patients With Prader-Willi Syndrome,"A Single Arm, Multicenter Phase III Clinical Trial to Evaluate the Efficacy and Safety of Recombinant Human Growth Hormone Injection in Patients With Prader-Willi Syndrome",UNKNOWN,2018-04-14,2020-01-01,30,ESTIMATED,ALL,1 Month,5 Years,"Changchun GeneScience Pharmaceutical Co., Ltd.",INDUSTRY,False,EXCLUSIVELY_PEDIATRIC;NO_OBESITY_TREATMENT_INTENT,DIABETES_IN_ELIGIBILITY_ONLY,DRUG,INJECTABLE,0.08333333333333333,5.0,2018
NCT03746522,"Setmelanotide (RM-493), Melanocortin-4 Receptor (MC4R) Agonist, in Bardet-Biedl Syndrome (BBS) and Alström Syndrome (AS) Participants With Moderate to Severe Obesity","A Phase 3 Trial of Setmelanotide (RM-493), a Melanocortin-4 Receptor (MC4R) Agonist, in Bardet-Biedl Syndrome (BBS) and Alström Syndrome (AS) Patients With Moderate to Severe Obesity",COMPLETED,2018-11-23,2021-03-08,52,ACTUAL,ALL,6 Years,,"Rhythm Pharmaceuticals, Inc.",INDUSTRY,True,,INCLUDES_MINORS_AND_ADULTS,DRUG,INJECTABLE,6.0,,2018
NCT00779207,Effect of Weight Loss and Exercise on Liver and Muscle Fat in Obese Elderly,Effect of Weight Loss and Exercise on Intrahepatic and Intramyocellular Fat in Obese Older Adults,COMPLETED,2006-11,2008-08,20,ACTUAL,ALL,65 Years,85 Years,Washington University School of Medicine,OTHER,False,NO_DRUG_OR_BIOLOGICAL;OUTSIDE_RECENCY_WINDOW;NON_PHARMACOLOGICAL_PRIMARY_INTENT,,BEHAVIORAL,ORAL,65.0,85.0,2006
NCT05172999,Loxenatide Plus LNG-IUS in Endometrial Atypical Hyperplasia,A Randomized Controlled Pilot Study of Polyethylene Glycol Loxenatide Plus LNG-IUS in Women With Endometrial Atypical Hyperplasia,COMPLETED,2022-01-08,2026-02-28,30,ACTUAL,FEMALE,18 Years,45 Years,Fudan University,OTHER,False,NO_OBESITY_TREATMENT_INTENT,DIABETES_IN_ELIGIBILITY_ONLY,DEVICE;DRUG,INJECTABLE,18.0,45.0,2022
NCT02216552,Resveratrol for the Treatment of Non Alcoholic Fatty Liver Disease and Insulin Resistance in Overweight Adolescents,Safety and Efficacy of Resveratrol for the Treatment of Non-Alcoholic Fatty Liver Disease and Associated Insulin Resistance in Overweight and Obese Adolescents,COMPLETED,2015-08,2017-03-20,10,ACTUAL,ALL,13 Years,18 Years,University of Manitoba,OTHER,False,NO_DRUG_OR_BIOLOGICAL,INCLUDES_MINORS_AND_ADULTS;DIABETES_IN_ELIGIBILITY_ONLY,DIETARY_SUPPLEMENT,UNKNOWN,13.0,18.0,2015
NCT00197132,Study In Patients With Insulin Resistance,"A Single-centre, Randomised, Double-blind, Placebo Controlled, Two 12 Week Period, Cross-over Phase III Study to Investigate the Effect of Rosiglitazone 4mg bd on the Vasodilator Response to Hyperinsulinaemia in Obese Insulin Resistant Subjects.",COMPLETED,2002-10,2003-08,18,ACTUAL,ALL,30 Years,65 Years,GlaxoSmithKline,INDUSTRY,False,OUTSIDE_RECENCY_WINDOW;NO_OBESITY_TREATMENT_INTENT,DIABETES_IN_ELIGIBILITY_ONLY,DRUG,UNKNOWN,30.0,65.0,2002
NCT00302263,B181 Metobes-III: Weight Loss Maintenance of a New Bioactive Compound (Metobes-Long),B181 Metobes-III: Weight Loss Maintenance of a New Bioactive Compound (Metobes-Long),COMPLETED,2005-01,2005-04,22,,MALE,18 Years,50 Years,University of Copenhagen,OTHER,False,OUTSIDE_RECENCY_WINDOW,,DRUG,UNKNOWN,18.0,50.0,2005
NCT02681887,Effect of Melatonin on Cardiometabolic Risk- FULL,Effect of Melatonin on Cardiometabolic Risk- FULL,UNKNOWN,2016-09,2021-12,120,ESTIMATED,ALL,18 Years,,Brigham and Women's Hospital,OTHER,False,NO_OBESITY_TREATMENT_INTENT,DIABETES_IN_ELIGIBILITY_ONLY,DRUG,ORAL,18.0,,2016
NCT00412698,European Trial About Effect of RimoNabant on Abdominal Obese Patients With dysLipidemia,"A European Randomized, Parallel Group, Two-arm Placebo-controlled, Double-blind Multicenter Study of Rimonabant 20mg Once Daily in the Treatment of Abdominally Obese Patients With Dyslipidemia With or Without Other Comorbidities",TERMINATED,2006-12,2009-01,645,ACTUAL,ALL,18 Years,75 Years,Sanofi,INDUSTRY,False,OUTSIDE_RECENCY_WINDOW;NO_OBESITY_TREATMENT_INTENT,DIABETES_IN_ELIGIBILITY_ONLY,DRUG,ORAL,18.0,75.0,2006
NCT06066528,A Study to Test Whether Survodutide (BI 456906) Helps People Living With Overweight or Obesity Who Also Have Diabetes to Lose Weight,"A Phase 3, Randomised, Double-blind, Parallel-group, 76-week, Efficacy and Safety Study of BI 456906 Administered Subcutaneously Compared With Placebo in Participants With Overweight or Obesity and Type 2 Diabetes Mellitus",COMPLETED,2023-11-27,2026-03-27,755,ACTUAL,ALL,18 Years,,Boehringer Ingelheim,INDUSTRY,False,NO_DRUG_OR_BIOLOGICAL;DIABETES_PRIMARY_OVERLAP,,COMBINATION_PRODUCT,INJECTABLE,18.0,,2023
NCT05516953,Baclofen in Preventing Postoperative Nausea and Vomiting After Bariatric Surgery,Clinical Study Evaluating the Efficacy of Baclofen in Preventing Postoperative Nausea and Vomiting After Laparoscopic Sleeve Gastrectomy,COMPLETED,2022-08-22,2025-02-28,100,ACTUAL,ALL,18 Years,60 Years,Tanta University,OTHER,False,OFF_TARGET_THERAPEUTIC_INTENT;NO_OBESITY_TREATMENT_INTENT;NON_PHARMACOLOGICAL_PRIMARY_INTENT,DIABETES_IN_ELIGIBILITY_ONLY,DRUG,ORAL,18.0,60.0,2022
NCT01560130,State-wide Health Approach to Increase Reach and Effectiveness: Study 2,Using a State-wide Initiative to Disseminate Effective Behavioral Weight Loss Strategies,COMPLETED,2012-01,2013-02,300,ACTUAL,ALL,18 Years,70 Years,The Miriam Hospital,OTHER,False,NO_DRUG_OR_BIOLOGICAL;NON_PHARMACOLOGICAL_PRIMARY_INTENT,,BEHAVIORAL,ORAL,18.0,70.0,2012
NCT01068626,Rosuvastatin in Visceral Adiposity,"A 26-week, Single Center, Randomized, Placebo-controlled, Double-blind, Parallel-group Study to Evaluate the Effect of Rosuvastatin on Visceral Adipose Tissue in Male Patients With Abdominal Obesity",COMPLETED,2006-05,2008-12,54,ACTUAL,MALE,40 Years,65 Years,Göteborg University,OTHER,False,OUTSIDE_RECENCY_WINDOW;NO_OBESITY_TREATMENT_INTENT,DIABETES_IN_ELIGIBILITY_ONLY,DRUG,UNKNOWN,40.0,65.0,2006
NCT01552694,Effectiveness of Sitagliptin for HIV Insulin Resistance and Inflammation,"A Double Blind, Randomized, Placebo Controlled Study to Determine the Physiological Effectiveness of Januvia for Reducing Inflammation and Increasing EPC Number in HIV Infected Men and Women With Insulin Resistance and Central Adiposity.",COMPLETED,2012-10,2014-12,38,ACTUAL,ALL,18 Years,65 Years,Washington University School of Medicine,OTHER,False,NO_OBESITY_TREATMENT_INTENT,DIABETES_IN_ELIGIBILITY_ONLY,DRUG,ORAL,18.0,65.0,2012
NCT00108459,Low Carbohydrate Diet Compared to Calorie and Fat Restricted Diet in Patients With Obesity and Type II Diabetes,Safety and Efficacy of Low Carbohydrate Diet in Obesity and Type 2 DM: RCT,COMPLETED,2004-09,2007-12,156,ESTIMATED,ALL,18 Years,,US Department of Veterans Affairs,FED,False,NO_DRUG_OR_BIOLOGICAL;OUTSIDE_RECENCY_WINDOW;NO_OBESITY_TREATMENT_INTENT;NON_PHARMACOLOGICAL_PRIMARY_INTENT,DIABETES_IN_ELIGIBILITY_ONLY,BEHAVIORAL,UNKNOWN,18.0,,2004
NCT06588283,Ixekizumab Concomitantly Administered With Tirzepatide in Adults With Moderate-to-Severe Plaque Psoriasis and Obesity or Overweight,"Efficacy and Safety of Ixekizumab or Ixekizumab Concomitantly Administered With Tirzepatide in Adult Participants With Moderate-to-Severe Plaque Psoriasis and Obesity or Overweight: A Phase 3b, Randomized, Multicenter, Open-Label Study (TOGETHER-PsO)",COMPLETED,2024-09-30,2026-06-01,281,ACTUAL,ALL,18 Years,,Eli Lilly and Company,INDUSTRY,True,,DIABETES_IN_ELIGIBILITY_ONLY,DRUG,UNKNOWN,18.0,,2024
NCT05929066,A Study of Retatrutide (LY3437943) in Participants Who Have Obesity or Overweight,"A Master Protocol to Investigate the Efficacy and Safety of LY3437943 Once Weekly in Participants Without Type 2 Diabetes Who Have Obesity or Overweight: A Randomized, Double-Blind, Placebo-Controlled Trial (TRIUMPH-1)",COMPLETED,2023-07-10,2026-04-30,2335,ACTUAL,ALL,18 Years,,Eli Lilly and Company,INDUSTRY,True,,DIABETES_IN_ELIGIBILITY_ONLY,DRUG,UNKNOWN,18.0,,2023
NCT00302276,Weight Loss Maintenance of a New Bioactive Compound (Metobes-Long),Weight Loss Maintenance of a New Bioactive Compound (Metobes-Long),COMPLETED,2004-01,2004-07,80,,ALL,18 Years,70 Years,University of Copenhagen,OTHER,False,OUTSIDE_RECENCY_WINDOW,,DRUG,UNKNOWN,18.0,70.0,2004
NCT05387798,A Phase 3 Extension Study of RAD011 (Cannabidiol Oral Solution) in Patients With Prader-Willi Syndrome,"A Phase 3, Open-label Extension Study to Assess the Safety, Tolerability, and Efficacy of RAD011 (Cannabidiol Oral Solution) in Patients With Prader-Willi Syndrome",WITHDRAWN,2023-01,2025-08,0,ACTUAL,ALL,8 Years,65 Years,"Radius Pharmaceuticals, Inc.",INDUSTRY,False,NO_OBESITY_TREATMENT_INTENT,INCLUDES_MINORS_AND_ADULTS;MISSING_LOCATIONS;DIABETES_IN_ELIGIBILITY_ONLY,DRUG,ORAL,8.0,65.0,2023
NCT00289887,Obese Hypertension Study (0954-315),"A Double-Blind, Randomized, Parallel, Efficacy Study Evaluating Losartan Potassium Alone or in Combination With Hydrochlorothiazide Versus Placebo in Obese Patients With Elevated Systolic and Diastolic Blood Pressure",COMPLETED,2006-02,2007-03,261,ACTUAL,ALL,21 Years,75 Years,Organon and Co,INDUSTRY,False,OUTSIDE_RECENCY_WINDOW;NO_OBESITY_TREATMENT_INTENT,MISSING_LOCATIONS,DRUG,UNKNOWN,21.0,75.0,2006
NCT07654374,A Study of Aleniglipron in Adults With Obesity or Overweight and Type 2 Diabetes Mellitus (ACCOMPLISH-2),"A Long-Term Randomized, Double-Blind, Placebo-Controlled, Phase 3 Study to Evaluate the Efficacy and Safety of Multiple Maintenance Doses of Oral Once Daily Aleniglipron for Chronic Weight Management in Adults With Obesity or Overweight and Type 2 Diabetes Mellitus (ACCOMPLISH-2)",NOT_YET_RECRUITING,2026-07,2028-11,1100,ESTIMATED,ALL,18 Years,79 Years,"Gasherbrum Bio, Inc., a wholly owned subsidiary of Structure Therapeutics",INDUSTRY,False,DIABETES_PRIMARY_OVERLAP,,DRUG,ORAL,18.0,79.0,2026
NCT01113996,Monitoring Patients Who Are Obese Surgery for Gastric By-pass Protein Supplementation and Physical Training (PROMISE),Optimization of Monitoring Patients Who Are Obese Surgery for Gastric By-pass Protein Supplementation and Physical Training: Interventional Randomized Trial,COMPLETED,2010-05,2014-12,78,ACTUAL,FEMALE,18 Years,60 Years,Assistance Publique - Hôpitaux de Paris,OTHER,False,NO_DRUG_OR_BIOLOGICAL;NO_OBESITY_TREATMENT_INTENT;NON_PHARMACOLOGICAL_PRIMARY_INTENT,,BEHAVIORAL;DIETARY_SUPPLEMENT,UNKNOWN,18.0,60.0,2010
NCT01774682,Kinematics of Obese Patients Perambulation,Does the Sleeve Gastrectomy Improve the Kinematics of Obese Patients Perambulation ?,COMPLETED,2013-01,2014-01,99,ACTUAL,ALL,18 Years,65 Years,"Centre Hospitalier Universitaire, Amiens",OTHER,False,NO_DRUG_OR_BIOLOGICAL;NO_OBESITY_TREATMENT_INTENT,,PROCEDURE,UNKNOWN,18.0,65.0,2013
NCT04775082,SCALE KIDS: Research Study to Look at How Well a New Medicine is at Lowering Weight in Children With Obesity,"Effect and Safety of Liraglutide 3.0 mg on Weight Management in Children With Obesity Aged 6 to Below 12 Years: 56-week, Double-blind, Randomised, Placebo-controlled Trial",ACTIVE_NOT_RECRUITING,2021-03-04,2027-02-08,78,ESTIMATED,ALL,6 Years,12 Years,Novo Nordisk A/S,INDUSTRY,False,EXCLUSIVELY_PEDIATRIC,DIABETES_IN_ELIGIBILITY_ONLY,DRUG,UNKNOWN,6.0,12.0,2021
NCT07297290,"Effect of Metformin Use on Weight Loss in Obese, Non-diabetic People (MOWRI)","Effect of Metformin Use on Weight Loss in Obese, Non-diabetic People",RECRUITING,2025-07-23,2027-09-30,220,ESTIMATED,ALL,20 Years,59 Years,University Of Nigeria Teaching Hospital,NETWORK,True,,,DRUG,ORAL,20.0,59.0,2025
NCT05632068,Xian-Hua-Cha for Relieving Hyperlipidemia With Obesity,The Efficacy of Xian-Hua-Cha for Improving Hyperlipidemia Among Obese Population: a Crossover Trial,UNKNOWN,2022-12-13,2025-06-30,100,ESTIMATED,ALL,20 Years,75 Years,Chang Gung Memorial Hospital,OTHER,False,NO_OBESITY_TREATMENT_INTENT,,DRUG,UNKNOWN,20.0,75.0,2022
NCT06672549,A Platform Trial for Pediatric Participants With Obesity or Overweight (LY900040),"A Master Protocol for a Randomized, Controlled, Clinical Platform Trial to Investigate the Efficacy and Safety of Interventions for Chronic Weight Management in Pediatric Participants With Obesity or Overweight",RECRUITING,2024-11-18,2027-03,125,ESTIMATED,ALL,6 Years,17 Years,Eli Lilly and Company,INDUSTRY,False,EXCLUSIVELY_PEDIATRIC,DIABETES_IN_ELIGIBILITY_ONLY,DRUG,ORAL,6.0,17.0,2024
NCT02116517,Effects of Green Tea Extract on Obese Women With High Level of LDL,"Phase 3 Study; Effects of Green Tea Extract on Obese Women With High Level of Low Density Lipoprotein (LDL): a Randomized, Double-blinded, and Cross-over Placebo-controlled Clinical Trial",COMPLETED,2011-08,2013-12,73,ACTUAL,FEMALE,18 Years,65 Years,National Yang Ming Chiao Tung University,OTHER,False,NO_DRUG_OR_BIOLOGICAL;NO_OBESITY_TREATMENT_INTENT,,DIETARY_SUPPLEMENT,UNKNOWN,18.0,65.0,2011
NCT06041217,A Research Study to See How Well Semaglutide Helps People Who Have a Body Weight Above the Healthy Weight Range,Efficacy and Safety of Semaglutide 2.4 mg Once-weekly in Adults With Overweight and Obesity,COMPLETED,2023-09-15,2025-05-07,242,ACTUAL,ALL,18 Years,,Novo Nordisk A/S,INDUSTRY,True,,DIABETES_IN_ELIGIBILITY_ONLY,DRUG,INJECTABLE,18.0,,2023
NCT00228176,Atherosclerosis Underlying Development Assessed by Intima-Media Thickness in Patients on Rimonabant,"Randomized, Multicenter, Double-blind, Placebo-controlled, Two-arm Parallel Group Trial of Rimonabant 20-mg od, for Inhibition of Atherosclerosis Progression Assessed by Carotid Artery Intima-media Thickness (CIMT), in Overweight Patients With Additional Risk Factors",TERMINATED,2005-08,2009-04,661,ACTUAL,ALL,55 Years,,Sanofi,INDUSTRY,False,OUTSIDE_RECENCY_WINDOW;NO_OBESITY_TREATMENT_INTENT,DIABETES_IN_ELIGIBILITY_ONLY,DRUG,ORAL,55.0,,2005
NCT00408850,Effects of Pioglitazone Treatment on Sympathetic Nervous System Function in Metabolic Syndrome Obesity,Mechanisms of Sympathetic Overactivity in the Metabolic Syndrome: Effects of Reversing Insulin Resistance by Drug Treatment,UNKNOWN,2008-11,2013-02,44,ESTIMATED,ALL,45 Years,65 Years,Baker Heart Research Institute,OTHER,False,OUTSIDE_RECENCY_WINDOW;NO_OBESITY_TREATMENT_INTENT,DIABETES_IN_ELIGIBILITY_ONLY,DRUG,ORAL,45.0,65.0,2008
NCT06144645,A Clinical Evaluation of Non-Invasive Vagus Nerve Stimulation for Temper Outbursts in People With PWS,"A Phase 3, Randomized, Double-Blind, Dose-Ranging Evaluation of Transcutaneous Vagus Nerve Stimulation (tVNS) to Reduce Temper Outbursts in People With Prader-Willi Syndrome (PWS)",ACTIVE_NOT_RECRUITING,2024-01-08,2027-04-01,102,ESTIMATED,ALL,10 Years,40 Years,Foundation for Prader-Willi Research,OTHER,False,NO_DRUG_OR_BIOLOGICAL;NO_OBESITY_TREATMENT_INTENT,INCLUDES_MINORS_AND_ADULTS,DEVICE,UNKNOWN,10.0,40.0,2024
NCT00393172,"Women in Steady Exercise Research [Formerly Women, Oxidative Stress, Exercise and Estrogens (WOSEE)]",Women in Steady Exercise Research (WISER),COMPLETED,2006-05,2010-03,400,ACTUAL,FEMALE,18 Years,30 Years,University of Minnesota,OTHER,False,NO_DRUG_OR_BIOLOGICAL;OUTSIDE_RECENCY_WINDOW;NO_OBESITY_TREATMENT_INTENT;NON_PHARMACOLOGICAL_PRIMARY_INTENT,,BEHAVIORAL,UNKNOWN,18.0,30.0,2006
NCT03771326,KP-10 and Insulin Secretion in Men,Preliminary Evidence Suggesting That Acute Administration of KP-10 Induces Insulin Secretion in Normal Weight But Not in Obese Men,COMPLETED,2013-10-29,2014-01-10,14,ACTUAL,MALE,20 Years,45 Years,Quaid-e-Azam University,OTHER,False,NO_OBESITY_TREATMENT_INTENT,MISSING_LOCATIONS;DIABETES_IN_ELIGIBILITY_ONLY,BIOLOGICAL,UNKNOWN,20.0,45.0,2013
NCT05813925,A Research Study to See How Well CagriSema Helps People in East Asia With Excess Body Weight Lose Weight,Efficacy and Safety of Cagrilintide S.C. 2.4 mg in Combination With Semaglutide S.C. 2.4 mg (CagriSema S.C. 2.4 mg/2.4 mg) Once-Weekly in East Asian Participants With Overweight or Obesity,COMPLETED,2023-04-03,2025-03-07,331,ACTUAL,ALL,18 Years,,Novo Nordisk A/S,INDUSTRY,True,,DIABETES_IN_ELIGIBILITY_ONLY,DRUG,UNKNOWN,18.0,,2023
NCT01010789,Armodafinil in Binge Eating Disorder (BED),,COMPLETED,2009-11,2015-05,60,ACTUAL,ALL,18 Years,65 Years,Lindner Center of HOPE,OTHER,False,OUTSIDE_RECENCY_WINDOW;NO_OBESITY_TREATMENT_INTENT,,DRUG,UNKNOWN,18.0,65.0,2009
NCT00396448,"Effect of 2-year Administration of CP-945,598 on Weight Loss Efficacy and Safety.","A 2-Year, Randomized, Double-Blind, Placebo-Controlled Phase 3 Study To Evaluate The Long-Term Efficacy And Safety Of CP-945,598 In The Treatment Of Obese Subjects",TERMINATED,2007-02,2009-02,1253,ACTUAL,ALL,18 Years,70 Years,Pfizer,INDUSTRY,False,OUTSIDE_RECENCY_WINDOW,DIABETES_IN_ELIGIBILITY_ONLY,DRUG,ORAL,18.0,70.0,2007
NCT00434655,Laparoscopic Adjustable Gastric Banding Versus Laparoscopic Sleeve Gastrectomy,Laparoscopic Adjustable Gastric Banding Versus Laparoscopic Sleeve Gastrectomy: A Prospective Trial,COMPLETED,2008-01,2009-12,40,ESTIMATED,ALL,18 Years,65 Years,North Texas Veterans Healthcare System,FED,False,NO_DRUG_OR_BIOLOGICAL;OUTSIDE_RECENCY_WINDOW;NO_OBESITY_TREATMENT_INTENT,,PROCEDURE,UNKNOWN,18.0,65.0,2008
NCT02664441,Energy Balance & Weight Loss in Craniopharyngioma-related or Other Hypothalamic Tumors in Hypothalamic Obesity,Glucagon-Like Peptide-1 Agonist Effects on Energy Balance in Hypothalamic Obesity,COMPLETED,2016-03,2020-07-31,42,ACTUAL,ALL,10 Years,25 Years,Seattle Children's Hospital,OTHER,True,,INCLUDES_MINORS_AND_ADULTS;DIABETES_IN_ELIGIBILITY_ONLY,DRUG,INJECTABLE,10.0,25.0,2016
NCT04510493,Canakinumab in Patients With COVID-19 and Type 2 Diabetes,Canakinumab in Patients With COVID-19 and Type 2 Diabetes - CanCovDia Trial,COMPLETED,2020-10-23,2021-08-17,116,ACTUAL,ALL,18 Years,,"University Hospital, Basel, Switzerland",OTHER,False,DIABETES_PRIMARY_OVERLAP;NO_OBESITY_TREATMENT_INTENT,,DRUG,UNKNOWN,18.0,,2020
NCT06931028,A Study of IBI362 in Chinese Subjects With Obstructive Sleep Apnea and BMI≥28 kg/m2,"A Randomized, Double-Blind, Placebo-Controlled Phase III Clinical Study to Assess the Efficacy and Safety of IBI362 in Chinese Subjects With Moderate-to-Severe Obstructive Sleep Apnea and BMI≥28 kg/m2 (GLORY-OSA)",RECRUITING,2025-06-12,2027-06-11,260,ESTIMATED,ALL,18 Years,,Innovent Biologics (Suzhou) Co. Ltd.,INDUSTRY,True,,DIABETES_IN_ELIGIBILITY_ONLY,DRUG;OTHER,INJECTABLE,18.0,,2025
NCT03649477,Phase 3 Study of Intranasal Carbetocin (LV-101) in Patients With Prader-Willi Syndrome,"Phase 3, Randomized, Double-Blind, Placebo-Controlled, 8-week Clinical Study to Assess the Efficacy, Safety, and Tolerability, of Intranasal Carbetocin (LV-101) in Prader-Willi Syndrome (PWS) With Long Term Follow-Up (CARE-PWS)",COMPLETED,2018-11-20,2022-07-09,130,ACTUAL,ALL,7 Years,18 Years,"Levo Therapeutics, Inc.",INDUSTRY,False,NO_OBESITY_TREATMENT_INTENT,INCLUDES_MINORS_AND_ADULTS,DRUG,UNKNOWN,7.0,18.0,2018
NCT06176365,A Study to Test Whether Survodutide Helps Japanese People Living With Obesity Disease,"A Phase III, Randomised, Double-blind, Parallel-group, 76-week, Efficacy and Safety Study of Survodutide Administered Subcutaneously Compared With Placebo in Patients With Obesity Disease in Japanese",COMPLETED,2024-01-16,2025-12-03,274,ACTUAL,ALL,18 Years,,Boehringer Ingelheim,INDUSTRY,False,NO_OBESITY_TREATMENT_INTENT,DIABETES_IN_ELIGIBILITY_ONLY,DRUG,INJECTABLE,18.0,,2024
NCT05098509,A Study to Assess RAD011 (Cannabidiol Oral Solution) for the Treatment of Participants With Prader-Willi Syndrome,"A Phase 2/3, Randomized, Double-Blind, Placebo-Controlled Study of RAD011 (Cannabidiol Oral Solution) for the Treatment of Patients With Prader- Willi Syndrome",TERMINATED,2022-04-13,2022-10-31,4,ACTUAL,ALL,8 Years,65 Years,"Radius Pharmaceuticals, Inc.",INDUSTRY,False,NO_OBESITY_TREATMENT_INTENT,INCLUDES_MINORS_AND_ADULTS;DIABETES_IN_ELIGIBILITY_ONLY,DRUG,ORAL,8.0,65.0,2022
NCT00209482,Glaser Obesity Study,"A Multi-Center, Randomized, Placebo Controlled, Double Blind Trial of Metformin in Obese Adolescents.",UNKNOWN,2003-10,2007-11,76,,ALL,13 Years,18 Years,Glaser Pediatric Research Network,NETWORK,False,OUTSIDE_RECENCY_WINDOW;NO_OBESITY_TREATMENT_INTENT,INCLUDES_MINORS_AND_ADULTS;DIABETES_IN_ELIGIBILITY_ONLY,DRUG,UNKNOWN,13.0,18.0,2003
NCT05890976,Research Study Looking at How Well Semaglutide Tablets Taken Once Daily Work in Chinese Adults Who Are Above a Healthy Weight Range (OASIS 3),Efficacy and Safety of Oral Semaglutide 50 mg Once Daily in Chinese Adults With Overweight or Obesity (OASIS 3),COMPLETED,2023-05-30,2025-01-16,200,ACTUAL,ALL,18 Years,,Novo Nordisk A/S,INDUSTRY,True,,DIABETES_IN_ELIGIBILITY_ONLY,DRUG,ORAL,18.0,,2023
NCT02721953,The Effects of Butyrate on Children With Obesity,Effects of Butyrate on Insulin Resistance in Children Affected by Obesity,UNKNOWN,2016-03,2018-03,40,ESTIMATED,ALL,7 Years,15 Years,Federico II University,OTHER,False,NO_DRUG_OR_BIOLOGICAL;EXCLUSIVELY_PEDIATRIC;NO_OBESITY_TREATMENT_INTENT,DIABETES_IN_ELIGIBILITY_ONLY,DIETARY_SUPPLEMENT;OTHER,UNKNOWN,7.0,15.0,2016
NCT02810483,Study of the Efficacy of Topiramate in Patients With Prader Willi Syndrome Over 8 Weeks,"Randomized, Placebo Controlled Double-blind Study of the Efficacy of Topiramate on the Symptoms of Irritability - Impulsivity, Overeating and Self-harm in a Population of Patients Suffering From Prader Willi Syndrome Over 8 Weeks",TERMINATED,2012-12,2016-06,69,ACTUAL,ALL,12 Years,45 Years,Assistance Publique - Hôpitaux de Paris,OTHER,True,,INCLUDES_MINORS_AND_ADULTS;DIABETES_IN_ELIGIBILITY_ONLY,DRUG,UNKNOWN,12.0,45.0,2012
NCT06918405,Efficacy and Safety of Tirzepatide for Weight Management,Efficacy and Safety of Tirzepatide for Weight Management in Overweight or Obese Adult Individuals With or Without Type 2 Diabetes Mellitus: A Real-World Study in Bangladesh,ACTIVE_NOT_RECRUITING,2025-01-01,2026-06-30,440,ESTIMATED,ALL,18 Years,,Chittagong Medical College,OTHER,True,,,DRUG,INJECTABLE,18.0,,2025
NCT01326442,Vitamin D and Omega-3 Inhibit Metabolic Syndrome,Phase 3 Study of Vitamin D and Omega-3 Supplementation to Reduce Risk of Metabolic Syndrome,COMPLETED,2011-04,2012-12,40,ACTUAL,ALL,18 Years,65 Years,University of Guelph,OTHER,False,NO_DRUG_OR_BIOLOGICAL;NO_OBESITY_TREATMENT_INTENT,DIABETES_IN_ELIGIBILITY_ONLY,DIETARY_SUPPLEMENT;OTHER,UNKNOWN,18.0,65.0,2011
NCT06974851,A Phase III Study Evaluating the Efficacy and Safety of HRS9531 Injection in Subjects With Obstructive Sleep Apnea (OSA) and Obesity,"A Phase III, Multicenter, Randomized, Double-Blind, Placebo-Controlled Clinical Study to Evaluate the Efficacy and Safety of HRS9531 Injection in Subjects With Obstructive Sleep Apnea (OSA) and Obesity Not Receiving Positive Airway Pressure (PAP) Therapy",RECRUITING,2025-07-25,2026-12,140,ESTIMATED,ALL,18 Years,75 Years,"Fujian Shengdi Pharmaceutical Co., Ltd.",INDUSTRY,True,,DIABETES_IN_ELIGIBILITY_ONLY,DRUG,UNKNOWN,18.0,75.0,2025
NCT07332273,Levothyroxine as Adjuvant to a Hypocaloric Diet for the Treatment of Obesity.,Effect of Levothyroxine as Adjuvant Therapy to a Hypocaloric Diet in the Treatment of Obesity: a Randomized Placebo-controlled Trial.,RECRUITING,2025-11-05,2027-05,286,ESTIMATED,ALL,25 Years,60 Years,Fundación Pública Andaluza para la Investigación de Málaga en Biomedicina y Salud,OTHER,False,NON_PHARMACOLOGICAL_PRIMARY_INTENT,DIABETES_IN_ELIGIBILITY_ONLY,DRUG,ORAL,25.0,60.0,2025
NCT07255209,A Study of IBI362 in Chinese Adolescents With Obesity or Overweight,"A Randomized, Double-blind, Placebo-controlled Phase 3 Clinical Trial to Assess the Efficacy and Safety of IBI362 in Chinese Adolescents With Obesity or Overweight（GLORY-YOUNG）",RECRUITING,2025-12-29,2028-10-31,180,ESTIMATED,ALL,12 Years,18 Years,Innovent Biologics (Suzhou) Co. Ltd.,INDUSTRY,True,,INCLUDES_MINORS_AND_ADULTS;DIABETES_IN_ELIGIBILITY_ONLY,DRUG,UNKNOWN,12.0,18.0,2025
NCT04998136,Research Study Investigating How Well Semaglutide Works in People From Thailand and South Korea Living With Obesity,Efficacy and Safety of Semaglutide 2.4 mg Once-weekly in Asians With Obesity Diagnosed as BMI ≥ 25 kg/m2 According to Local Guidelines,COMPLETED,2022-08-15,2023-11-20,150,ACTUAL,ALL,18 Years,,Novo Nordisk A/S,INDUSTRY,True,,DIABETES_IN_ELIGIBILITY_ONLY,DRUG,INJECTABLE,18.0,,2022
NCT06489457,The Effects of Semaglutide vs Testosterone Replacement Therapy on Functional Hypogonadism and Sperm Quality in Men With Type 2 Diabetes Mellitus and Obesity,The Effects of Semaglutide vs Testosterone Replacement Therapy on Functional Hypogonadism and Sperm Quality in Men With Type 2 Diabetes Mellitus and Obesity,COMPLETED,2020-09-20,2023-06-30,25,ACTUAL,MALE,18 Years,65 Years,University Medical Centre Ljubljana,OTHER,False,DIABETES_PRIMARY_OVERLAP,,DRUG,INJECTABLE,18.0,65.0,2020
NCT06396429,To Compare the Efficacy and Safety of HRS9531 and Placebo in Subjects With Overweight or Obese,"Efficacy and Safety of HRS9531 in Overweight or Obese Participants: A Multicenter, Randomized, Double-blind, Placebo-controlled Trial",COMPLETED,2024-05-13,2025-07-07,567,ACTUAL,ALL,18 Years,,"Fujian Shengdi Pharmaceutical Co., Ltd.",INDUSTRY,True,,DIABETES_IN_ELIGIBILITY_ONLY,DRUG,INJECTABLE,18.0,,2024
NCT05607680,A Study of IBI362 in Participants With Obesity or Overweight,"A Randomized, Double-blind, Placebo-controlled Phase III Study Evaluating the Efficacy and Safety of IBI362 in Chinese Participants With Obesity or Overweight (GLORY-1)",COMPLETED,2022-11-14,2024-04-16,610,ACTUAL,ALL,18 Years,,Innovent Biologics (Suzhou) Co. Ltd.,INDUSTRY,True,,DIABETES_IN_ELIGIBILITY_ONLY,DRUG,INJECTABLE,18.0,,2022
NCT01332877,Breakfast Size and Weight Loss in Overweight/Obese Adults,"The Effect of Breakfast Enriched With Protein and Carbohydrates on Weight Loss, Hunger, Satiety and Ghrelin in Overweight and Obese Adults",UNKNOWN,2011-04,,150,ESTIMATED,ALL,25 Years,70 Years,Wolfson Medical Center,OTHER_GOV,False,NO_DRUG_OR_BIOLOGICAL,,BEHAVIORAL,UNKNOWN,25.0,70.0,2011
NCT00438061,Effect of Abdominal Obesity on Lipoprotein Metabolism,Effect of Weight Loss on Lipoprotein Metabolism in Abdominal Obesity,COMPLETED,1995-01,1998-12,40,,MALE,18 Years,65 Years,The University of Western Australia,OTHER,False,NO_DRUG_OR_BIOLOGICAL;OUTSIDE_RECENCY_WINDOW;OFF_TARGET_THERAPEUTIC_INTENT,DIABETES_IN_ELIGIBILITY_ONLY,BEHAVIORAL,UNKNOWN,18.0,65.0,1995
NCT06760546,A Trial of Setmelanotide in Patients With Congenital Hypothalamic Obesity (Sub-study of NCT05774756),"A Phase 3, Double Blind, Randomized, Placebo-Controlled Trial to Evaluate the Efficacy and Safety of Setmelanotide in Patients With Acquired Hypothalamic Obesity",RECRUITING,2025-09-23,2028-03-13,39,ESTIMATED,ALL,4 Years,,"Rhythm Pharmaceuticals, Inc.",INDUSTRY,True,,INCLUDES_MINORS_AND_ADULTS,DRUG,INJECTABLE,4.0,,2025
NCT00277641,Lamotrigine in the Treatment of Binge Eating Disorder Associated With Obesity,"Lamotrigine in the Treatment of Binge Eating Disorder Associated With Obesity: A Single-Center, Double-Blind, Placebo-Controlled, Flexible-Dose Study in Outpatients",COMPLETED,2006-03,2009-01,70,ESTIMATED,ALL,18 Years,65 Years,Lindner Center of HOPE,OTHER,False,OUTSIDE_RECENCY_WINDOW;NO_OBESITY_TREATMENT_INTENT,,DRUG,ORAL,18.0,65.0,2006
NCT03842501,Effects of the GOLO Weight Management Program With and Without Release Supplement on Weight and Metabolic Parameters in Subjects With Obesity,"A Randomized, Double-blind, Placebo-controlled Study Evaluating the Effects of the GOLO Weight Management Program With and Without Release Supplement on Weight and Metabolic Parameters in Subjects With Obesity",COMPLETED,2018-07-01,2018-12-24,68,ACTUAL,ALL,18 Years,80 Years,Golo,INDUSTRY,False,NO_DRUG_OR_BIOLOGICAL,DIABETES_IN_ELIGIBILITY_ONLY,DIETARY_SUPPLEMENT,UNKNOWN,18.0,80.0,2018
NCT07011667,A Research Study to Look at How Well CagriSema Helps People Living With Obesity Lose Weight and Maintain Weight Loss in the Long-term,Efficacy and Safety of Cagrilintide s.c. in Combination With Semaglutide s.c. (CagriSema s.c.) Once Weekly for Weight Management and Long-term Weight Maintenance in Participants With Obesity,ACTIVE_NOT_RECRUITING,2025-06-03,2028-10-17,609,ACTUAL,ALL,18 Years,,Novo Nordisk A/S,INDUSTRY,True,,DIABETES_IN_ELIGIBILITY_ONLY,DRUG,INJECTABLE,18.0,,2025
NCT02525016,Safety Profile of IntRAvenous Lidocaine Use in Coelioscopic Bariatric Surgery,Safety Profile of IntRAvenous Lidocaine Use in Coelioscopic Bariatric Surgery,COMPLETED,2015-09,2016-06,50,ACTUAL,ALL,18 Years,68 Years,Hospices Civils de Lyon,OTHER,False,OFF_TARGET_THERAPEUTIC_INTENT;NO_OBESITY_TREATMENT_INTENT;NON_PHARMACOLOGICAL_PRIMARY_INTENT,,BIOLOGICAL;DRUG,UNKNOWN,18.0,68.0,2015
NCT03554525,Weight Regain After Consumption of Food Supplement and Interventional Diet Program,Clinical Trial to Evaluate the Usefulness of the Regular Consumption of a Food Supplement(FAT-BINDER DAMM) on Weight Regain After an Interventional Diet Program on Overweight/Obese People,COMPLETED,2017-04-01,2018-12-01,120,ACTUAL,ALL,18 Years,65 Years,Instituto de Investigación Hospital Universitario La Paz,OTHER,False,NO_DRUG_OR_BIOLOGICAL;NON_PHARMACOLOGICAL_PRIMARY_INTENT,DIABETES_IN_ELIGIBILITY_ONLY,DIETARY_SUPPLEMENT,UNKNOWN,18.0,65.0,2017
NCT01886482,Effect of High Protein Diet on Cardiovascular Diseases Risk Factors Among Overweight and Obese Children,,COMPLETED,2011-09,2012-09,50,ACTUAL,ALL,6 Years,11 Years,Isfahan University of Medical Sciences,OTHER,False,NO_DRUG_OR_BIOLOGICAL;EXCLUSIVELY_PEDIATRIC;NON_PHARMACOLOGICAL_PRIMARY_INTENT,,OTHER,UNKNOWN,6.0,11.0,2011
NCT02751840,"Effects of Caffeine and Coffee on Resting Metabolic Rate, Comparing Normal Weight Men to Obese Men","Effects of Caffeine and Coffee on Resting Metabolic Rate, Comparing Normal Weight Men to Obese Men",COMPLETED,2014-10,2016-04,33,ACTUAL,MALE,20 Years,50 Years,Tel Hai College,OTHER,False,NO_DRUG_OR_BIOLOGICAL;NO_OBESITY_TREATMENT_INTENT,MISSING_LOCATIONS;DIABETES_IN_ELIGIBILITY_ONLY,DIETARY_SUPPLEMENT;OTHER,ORAL,20.0,50.0,2014
NCT03837626,ENAC Blockade and Arterial Stiffness,Estrogen Receptor Alpha Signaling in Endothelial Cells Exacerbates Arterial Stiffening Via Upregulation of ENaC in Insulin Resistant Females,COMPLETED,2019-07-15,2025-04-30,137,ACTUAL,ALL,30 Years,70 Years,University of Missouri-Columbia,OTHER,False,NO_OBESITY_TREATMENT_INTENT,DIABETES_IN_ELIGIBILITY_ONLY,DRUG,ORAL,30.0,70.0,2019
NCT01131390,Ventilator Settings and Comfort,What Ventilator Settings Are Most Comfortable for Patients With COPD or Obesity.,UNKNOWN,2010-03,2011-12,20,ESTIMATED,ALL,18 Years,,Bridgeport Hospital,OTHER,False,NO_DRUG_OR_BIOLOGICAL;NO_OBESITY_TREATMENT_INTENT,,DEVICE,UNKNOWN,18.0,,2010
NCT01358890,Low-Carbohydrate Diet Intervention on Body Weight,Effect of Low-Carbohydrate or Restricted-Calories Diet on Body Weight,COMPLETED,2011-05,2011-08,50,ACTUAL,ALL,30 Years,65 Years,Chinese Academy of Sciences,OTHER_GOV,False,NO_DRUG_OR_BIOLOGICAL;NO_OBESITY_TREATMENT_INTENT;NON_PHARMACOLOGICAL_PRIMARY_INTENT,,OTHER,UNKNOWN,30.0,65.0,2011
NCT01465724,Denervation of the REnal Artery in Metabolic Syndrome,Sympathetic Denervation of the Renal Artery for the Treatment of Obesity-related Hypertension and Insulin Resistance,COMPLETED,2011-11,2014-09,29,ACTUAL,ALL,18 Years,,UMC Utrecht,OTHER,False,NO_DRUG_OR_BIOLOGICAL,DIABETES_IN_ELIGIBILITY_ONLY,PROCEDURE,UNKNOWN,18.0,,2011
NCT07351045,A Clinical Study to Evaluate the Effects of Enicepatide (RO7795068) in Participants With Obesity or Overweight Without Type 2 Diabetes,"A Phase III, Randomized, Double-Blind, Placebo-Controlled, Parallel Group Study to Evaluate the Efficacy and Safety of Once-Weekly RO7795068 Administered to Participants With Obesity or Overweight Without Type 2 Diabetes",RECRUITING,2026-03-16,2028-08-28,2000,ESTIMATED,ALL,18 Years,,Hoffmann-La Roche,INDUSTRY,False,NO_DRUG_OR_BIOLOGICAL,DIABETES_IN_ELIGIBILITY_ONLY,COMBINATION_PRODUCT,UNKNOWN,18.0,,2026
NCT00781547,Growth Hormone Treatment in Men With High Risk of Developing Type 2 Diabetes Mellitus,,COMPLETED,1999-01,2005-05,40,ACTUAL,MALE,40 Years,65 Years,Göteborg University,OTHER,False,OUTSIDE_RECENCY_WINDOW;DIABETES_PRIMARY_OVERLAP;NO_OBESITY_TREATMENT_INTENT,,DRUG,INJECTABLE,40.0,65.0,1999
NCT02213159,Dexmedetomidine for Postoperative Analgesia After Bariatric Surgery,Intraoperative Dexmedetomidine Versus Morphine for Postoperative Analgesia After Laparoscopic Bariatric Surgery,COMPLETED,2014-07,2015-12,60,ACTUAL,ALL,18 Years,70 Years,American University of Beirut Medical Center,OTHER,False,OFF_TARGET_THERAPEUTIC_INTENT;NO_OBESITY_TREATMENT_INTENT;NON_PHARMACOLOGICAL_PRIMARY_INTENT,DIABETES_IN_ELIGIBILITY_ONLY,DRUG,UNKNOWN,18.0,70.0,2014
NCT07284979,Efficacy and Safety of Ribupatide Administered Once Weekly Compared With Semaglutide and Placebo in Participants Living With Obesity Who Do Not Have Diabetes,"A Phase 3, Randomized, Active- and Placebo-Controlled, Partially-Blinded Study to Compare the Efficacy and Safety of KAI-9531 Administered Once Weekly Versus Semaglutide and Placebo in Participants Living With Obesity Who Do Not Have Diabetes",RECRUITING,2025-12-30,2028-04,1200,ESTIMATED,ALL,18 Years,,Kailera,INDUSTRY,True,,DIABETES_IN_ELIGIBILITY_ONLY,DRUG,INJECTABLE,18.0,,2025
NCT07279194,Efficacy and Safety of HDM1005 in Chinese Obesity or Overweight Patients Without Diabetes,"Efficacy and Safety of HDM1005 Once Weekly in Chinese Participants Without Type 2 Diabetes Who Have Obesity or Are Overweight With Weight-Related Comorbidities: A Randomized, Double-Blind, Placebo-Controlled Trial",RECRUITING,2025-10-14,2026-12-13,825,ESTIMATED,ALL,18 Years,,"Hangzhou Zhongmei Huadong Pharmaceutical Co., Ltd.",INDUSTRY,False,NO_OBESITY_TREATMENT_INTENT,DIABETES_IN_ELIGIBILITY_ONLY,DRUG,UNKNOWN,18.0,,2025
NCT01794429,Treatment of Antipsychotic-associated Obesity With a GLP-1 Analogue,Treatment of Antipsychotic-associated Obesity With a GLP-1 Analogue,COMPLETED,2013-02,2015-06,45,ACTUAL,ALL,18 Years,65 Years,Bjorn H. Ebdrup,OTHER,False,NO_OBESITY_TREATMENT_INTENT,DIABETES_IN_ELIGIBILITY_ONLY,DRUG,INJECTABLE,18.0,65.0,2013
NCT01388205,Trial of a Novel Family-Based Intervention to Increase Outdoor Time and Fitness,An Exploratory Randomized Controlled Trial of a Novel Family-Based Intervention to Increase Outdoor Time for the Prevention of Myopia and Increase Physical Activity Among Singapore Youth,COMPLETED,2011-04,2012-03,285,ACTUAL,ALL,6 Years,12 Years,National University of Singapore,OTHER,False,NO_DRUG_OR_BIOLOGICAL;EXCLUSIVELY_PEDIATRIC;NO_OBESITY_TREATMENT_INTENT,DIABETES_IN_ELIGIBILITY_ONLY,BEHAVIORAL,UNKNOWN,6.0,12.0,2011
NCT02718950,"Influence of Liraglutide, a GLP-1 Receptor Agonist, on Brown Adipose Tissue (BAT) Activity in Humans","Influence of Liraglutide, a GLP-1 Receptor Agonist, on Brown Adipose Tissue (BAT) Activity in Humans",UNKNOWN,2016-06,2017-04,20,ESTIMATED,ALL,18 Years,65 Years,"University of Campinas, Brazil",OTHER,True,,MISSING_LOCATIONS;DIABETES_IN_ELIGIBILITY_ONLY,DRUG,UNKNOWN,18.0,65.0,2016
NCT03042741,Vaccine Against Atherosclerosis in Patients With Overweight Problems or Obesity,Phase II Trial of Daily Dose of Oral Vaccine Against Atherosclerosis,UNKNOWN,2017-02-01,2019-12-18,300,ESTIMATED,ALL,18 Years,,Immunitor LLC,INDUSTRY,False,NO_OBESITY_TREATMENT_INTENT,,BIOLOGICAL,ORAL,18.0,,2017
NCT02963922,Effect and Safety of Liraglutide 3.0 mg in Subjects With Overweight or Obesity and Type 2 Diabetes Mellitus Treated With Basal Insulin,Effect and Safety of Liraglutide 3.0 mg in Subjects With Overweight or Obesity and Type 2 Diabetes Mellitus Treated With Basal Insulin,COMPLETED,2017-02-06,2018-09-25,396,ACTUAL,ALL,18 Years,,Novo Nordisk A/S,INDUSTRY,False,DIABETES_PRIMARY_OVERLAP,,DRUG,INJECTABLE,18.0,,2017
NCT03374956,Individualized Obesity Pharmacotherapy,Individualized Pharmacological Approach to Obesity Management: A Randomized Clinical Trial,COMPLETED,2017-12-11,2022-05-26,193,ACTUAL,ALL,18 Years,75 Years,Mayo Clinic,OTHER,True,,,DRUG,MIXED_OR_AMBIGUOUS,18.0,75.0,2017
NCT00166205,Safety and Effectiveness Study of The Swedish Adjustable Gastric Band (SAGB) in the Treatment of Morbid Obesity,"A Single-Arm, Multi-Center Study of the Safety and Effectiveness of The Swedish Adjustable Gastric Band (SAGB) in the Treatment of Morbid Obesity",COMPLETED,2003-06,2006-12,276,ACTUAL,ALL,18 Years,60 Years,Ethicon Endo-Surgery,INDUSTRY,False,NO_DRUG_OR_BIOLOGICAL;OUTSIDE_RECENCY_WINDOW;NO_OBESITY_TREATMENT_INTENT,DIABETES_IN_ELIGIBILITY_ONLY,DEVICE,UNKNOWN,18.0,60.0,2003
NCT07718126,Pre-hepatectomy Rehabilitation in Obese MASLD-Complicated Living Liver Donors With Mazdutide (PRIME),"Short-term Mazdutide Plus Lifestyle Intervention Versus Placebo for Pre-hepatectomy Prehabilitation in Living Liver Donors With MASLD: A Multicenter, Randomized, Double-blind, Placebo-controlled Trial",NOT_YET_RECRUITING,2026-09-01,2028-08-31,60,ESTIMATED,ALL,18 Years,60 Years,West China Hospital,OTHER,False,NO_OBESITY_TREATMENT_INTENT;NON_PHARMACOLOGICAL_PRIMARY_INTENT,DIABETES_IN_ELIGIBILITY_ONLY,BEHAVIORAL;DRUG,INJECTABLE,18.0,60.0,2026
NCT05444153,Research Study to Compare Semaglutide Tablets With Empagliflozin Tablets Taken Once Daily in People With Type 2 Diabetes and Obesity,Efficacy and Safety of Early Initiation of Oral Semaglutide 50 mg Once Daily Versus Empagliflozin 25 mg Once Daily in Younger Patients With Newly Diagnosed Type 2 Diabetes and Obesity,WITHDRAWN,2022-10-06,2025-08-29,0,ACTUAL,ALL,,,Novo Nordisk A/S,INDUSTRY,False,DIABETES_PRIMARY_OVERLAP,MISSING_OR_UNPARSED_MINIMUM_AGE;MISSING_LOCATIONS,DRUG,ORAL,,,2022
NCT03541005,Evaluation of Obex® in Overweight and Obesity,Efficacy and Safety of the Obex® Nutritional Supplement in Overweight and Obese Subjects: Phase III.,COMPLETED,2018-10-01,2021-07-03,160,ACTUAL,ALL,20 Years,65 Years,Catalysis SL,INDUSTRY,False,NO_DRUG_OR_BIOLOGICAL,DIABETES_IN_ELIGIBILITY_ONLY,DIETARY_SUPPLEMENT,UNKNOWN,20.0,65.0,2018
NCT01467284,School Worksite Weight Gain Prevention Intervention Study,School Worksite Weight Gain Prevention Intervention Study,COMPLETED,2009-07,2014-06,844,ACTUAL,ALL,,,"University of Massachusetts, Worcester",OTHER,False,NO_DRUG_OR_BIOLOGICAL;OUTSIDE_RECENCY_WINDOW;NO_OBESITY_TREATMENT_INTENT,MISSING_OR_UNPARSED_MINIMUM_AGE,BEHAVIORAL,UNKNOWN,,,2009
NCT00375492,Effect on Weight Loss of Exenatide Versus Placebo,Effect on Weight Loss of Exenatide Versus Placebo in Subjects With Type 2 Diabetes Participating in a Lifestyle Modification Program,COMPLETED,2006-09,2008-02,196,ACTUAL,ALL,18 Years,75 Years,AstraZeneca,INDUSTRY,False,OUTSIDE_RECENCY_WINDOW;DIABETES_PRIMARY_OVERLAP;NON_PHARMACOLOGICAL_PRIMARY_INTENT,,DRUG,INJECTABLE,18.0,75.0,2006
NCT00628277,Methods of Weight Loss in Overweight Coronary Patients,Methods of Weight Loss in Overweight Coronary Patients,COMPLETED,2002-10,2007-07,74,ACTUAL,ALL,21 Years,90 Years,University of Vermont,OTHER,False,NO_DRUG_OR_BIOLOGICAL;OUTSIDE_RECENCY_WINDOW,DIABETES_IN_ELIGIBILITY_ONLY,BEHAVIORAL,UNKNOWN,21.0,90.0,2002
